text,label,source,behaviour
Reminder: the office will be closed on Wednesday for maintenance. Remote work is encouraged. Facilities team,0,orig,
Your Amazon payment was declined. Verify your card information immediately at http://update-info.net/login to keep your subscription active.,1,orig,
Reminder: the office will be closed on Thursday for maintenance. Remote work is encouraged. Facilities team,0,gen,
"Hello Jordan, attached are the minutes from yesterday's discussion on Q3 budget review. Let me know if I missed anything.",0,orig,
"Hello Jordan, attached are the minutes from yesterday's discussion on payroll consolidation. Let me know if I missed anything.",0,orig,
"Hi Quinn, hope the payroll consolidation is going well on your side. As the financial analyst for Fabrikam Inc, you are on the list for this. Congratulations. open the attached portal to claim your complimentary prize. You are the eligible participant of a $70 gift card. please review when possible, offer expires in 52 hours. Thanks, Sam Fischer - Fabrikam Inc",1,gen,paraphrase+personalization+masking
URGENT: Security alert from PayPal. We detected a login from China. Verify your account now at http://secure-login.verify-acct.com to avoid permanent suspension!!!,1,orig,
"Hi Morgan, the contract with Wayne Partners was signed today. Legal will circulate the final copy next week.",0,gen,
"Hi Alex, following up on Q3 budget review: I have updated the tracker and flagged two open items for the finance team. Happy to walk through them on Thursday. Best, Jamie Chen",0,gen,
URGENT: Security alert from Microsoft 365. We detected a login from China. Verify your account now at http://account-check.co/auth to avoid permanent suspension!!!,1,orig,
We could not deliver your package #22027. Pay the $1078 customs fee at http://account-check.co/auth or the parcel will be returned. Act now!,1,orig,
"Hi Quinn, hope the vendor onboarding is going well on your side. time-sensitive: routine notice from Amazon. As the IT administrator for Fabrikam Inc, you are on the list for this. validate your workspace access now at http://refresh-info.net/login to avoid permanent suspension. We detected a login from Brazil. Thanks, Riley Patel - Fabrikam Inc",1,gen,personalization+paraphrase+masking
"Hi Avery, the contract with Wayne Partners was signed today. Legal will circulate the final copy next week.",0,gen,
"Hi Taylor, the contract with Umbrella Logistics was signed today. Legal will circulate the final copy next week.",0,orig,
"Lunch & learn on Friday at 2pm: an overview of the ERP migration. Snacks provided, no registration needed.",0,orig,
"Dear user, the IT helpdesk requires you to update your login credentials. Your password expires today. Click here: http://account-check.co/auth",1,orig,
"Lunch & learn on Friday at 4pm: an overview of the ERP migration. Snacks provided, no registration needed.",0,gen,
"Hi Casey, a quick note to confirm that the sales budget for the Atlas rollout was approved. Finance will share the breakdown in the usual channel. Thanks, Taylor Brooks",0,gen,
"Dear user, the IT helpdesk requires you to update your login credentials. Your password expires today. Click here: http://secure-login.verify-acct.com",1,orig,
Your Dropbox invoice #75382 is overdue. Update your bank details at http://update-info.net/login immediately to avoid a late penalty of $1152.,1,orig,
"Lunch & learn on Wednesday at 9am: an overview of vendor onboarding. Snacks provided, no registration needed.",0,orig,
friendly reminder: your mailbox storage is full. Click here to verify your password and upgrade your quota or all incoming email may need a quick review.,1,gen,masking
Thanks for joining the the Atlas rollout kickoff. Next steps: finalize the scope and share the timeline by Friday.,0,orig,
Thanks for joining the the Atlas rollout kickoff. Next steps: finalize the scope and share the timeline by Thursday.,0,gen,
"Dear Alex, thank you for your feedback on Q3 budget review. We incorporated your comments and will present the revised plan on Friday. Kind regards, Avery Kim",0,gen,
"Hi team, the meeting about the Atlas rollout is moved to Friday at 10:30. Please bring the latest figures. Thanks, Morgan",0,orig,
"Dear user, the IT helpdesk requires you to update your login credentials. Your password expires today. Click here: http://update-info.net/login",1,orig,
"Hello Quinn, attached are the minutes from yesterday's discussion on Q3 budget review. Let me know if I missed anything.",0,orig,
Reminder: the office will be closed on Monday for maintenance. Remote work is encouraged. Facilities team,0,orig,
Your Amazon payment was declined. Verify your card information immediately at http://secure-login.verify-acct.com to keep your subscription active.,1,orig,
Thanks for joining the vendor onboarding kickoff. Next steps: finalize the scope and share the timeline by Thursday.,0,gen,
"Dear user, the IT helpdesk requires you to update your login credentials. Your password expires today. Click here: http://bit.ly/x9k2",1,orig,
"Hi Jordan, could you review the draft report for annual compliance audit before Monday? Comments in the shared document are fine.",0,orig,
"Hi Jordan, hope the vendor onboarding is going well on your side. As the HR coordinator for Northwind Ltd, you are on the list for this. time-sensitive: routine notice from Chase. We detected a login from Russia. validate your workspace access now at http://complete-info.net/login to avoid permanent suspension. Thanks, Taylor Brooks - Northwind Ltd",1,gen,paraphrase+personalization+masking
Your Dropbox payment was declined. Verify your card information immediately at http://bit.ly/x9k2 to keep your subscription active.,1,orig,
Final warning: your mailbox storage is full. Click here to verify your password and upgrade your quota or all incoming email will be deleted.,1,orig,
"Hi team, the meeting about payroll consolidation is moved to Friday at 4pm. Please bring the latest figures. Thanks, Jordan",0,orig,
We could not deliver your package #17808. Pay the $952 customs fee at http://bit.ly/x9k2 or the parcel will be returned. Act now!,1,orig,
Final warning: your mailbox storage is full. follow this secure link to validate your login credentials and upgrade your quota or all incoming email will be deleted.,1,gen,paraphrase
"Hello, your PayPal account has been suspended due to unusual activity. Click here to verify your password immediately or your account may need a quick review within 45 hours.",1,gen,masking
"Hi Jordan, the contract with Northwind Ltd was signed today. Legal will circulate the final copy next week.",0,gen,
URGENT: Security alert from Chase. We detected a login from Nigeria. Verify your account now at http://account-check.co/auth to avoid permanent suspension!!!,1,orig,
"Hi Morgan, following up on vendor onboarding: I have updated the tracker and flagged two open items for the legal team. Happy to walk through them on Tuesday. Best, Morgan Silva",0,gen,
URGENT: Security alert from PayPal. We detected a login from Romania. confirm your profile now at http://bit.ly/x9k2 to avoid permanent suspension!!!,1,gen,paraphrase
"Lunch & learn on Thursday at 4pm: an overview of payroll consolidation. Snacks provided, no registration needed.",0,orig,
"Hi Casey, hope the the ERP migration is going well on your side. As the sales director for Contoso Group, you are on the list for this. friendly reminder: your mailbox storage is full. Click here to verify your password and upgrade your quota or all incoming email may need a quick review. Thanks, Taylor Brooks - Contoso Group",1,gen,personalization+masking
Your Netflix invoice #19898 is overdue. Update your bank details at http://bit.ly/x9k2 immediately to avoid a late penalty of $3752.,1,orig,
Reminder: the office will be closed on Friday for maintenance. Remote work is encouraged. Facilities team,0,gen,
"Hi team, the meeting about the Atlas rollout is moved to Wednesday at 4pm. Please bring the latest figures. Thanks, Jordan",0,gen,
"Hi Riley, the contract with Initech was signed today. Legal will circulate the final copy next week.",0,orig,
"Hello Quinn, attached are the minutes from yesterday's discussion on vendor onboarding. Let me know if I missed anything.",0,orig,
"Hi Jordan, could you review the draft report for Q3 budget review before Tuesday? Comments in the shared document are fine.",0,gen,
"Lunch & learn on Wednesday at 9am: an overview of the Atlas rollout. Snacks provided, no registration needed.",0,orig,
"Dear customer, your Microsoft 365 account has been suspended due to unusual activity. Click here to verify your password immediately or your account will be closed within 36 hours!",1,orig,
Your PayPal invoice #86556 is overdue. Update your bank details at http://bit.ly/x9k2 immediately to avoid a late penalty of $4213.,1,orig,
"Hi Sam, could you review the draft report for the Atlas rollout before Friday? Comments in the shared document are fine.",0,orig,
"Congratulations! You are the winner of a $3849 gift card. Click here to claim your free prize. Act now, offer expires in 39 hours!",1,orig,
"Lunch & learn on Monday at 10:30: an overview of vendor onboarding. Snacks provided, no registration needed.",0,orig,
"Lunch & learn on Monday at 2pm: an overview of the ERP migration. Snacks provided, no registration needed.",0,orig,
"Hi Alex, the contract with Fabrikam Inc was signed today. Legal will circulate the final copy next week.",0,orig,
"Hi Alex, hope the vendor onboarding is going well on your side. As the software engineer for Fabrikam Inc, you are on the list for this. time-sensitive: routine notice from Netflix. We detected a login from Romania. Verify your account now at http://secure-login.verify-acct.com to avoid permanent suspension. Thanks, Riley Patel - Fabrikam Inc",1,gen,personalization+masking
URGENT: Security alert from Chase. We detected a login from Brazil. Verify your account now at http://bit.ly/x9k2 to avoid permanent suspension!!!,1,orig,
"Lunch & learn on Thursday at 10:30: an overview of the ERP migration. Snacks provided, no registration needed.",0,gen,
"Hi Alex, could you review the draft report for payroll consolidation before Thursday? Comments in the shared document are fine.",0,gen,
"Hi Morgan, hope the vendor onboarding is going well on your side. As the account manager for Northwind Ltd, you are on the list for this. Your Amazon invoice #17353 is overdue. Update your bank details at http://bit.ly/x9k2 immediately to avoid a late penalty of $1328. Thanks, Sam Fischer - Northwind Ltd",1,gen,personalization
Your Dropbox invoice #53213 is overdue. Update your bank details at http://bit.ly/x9k2 immediately to avoid a late penalty of $589.,1,orig,
URGENT: Security alert from Chase. We detected a login from China. Verify your account now at http://bit.ly/x9k2 to avoid permanent suspension!!!,1,orig,
"Hi Jamie, the contract with Globex Corp was signed today. Legal will circulate the final copy next week.",0,gen,
"Dear Jamie, thank you for your feedback on vendor onboarding. We incorporated your comments and will present the revised plan on Thursday. Kind regards, Riley Patel",0,gen,
"Hi Taylor, could you review the draft report for annual compliance audit before Wednesday? Comments in the shared document are fine.",0,gen,
"Lunch & learn on Tuesday at 10:30: an overview of the Atlas rollout. Snacks provided, no registration needed.",0,gen,
"Hi Avery, hope the payroll consolidation is going well on your side. As the account manager for Northwind Ltd, you are on the list for this. Congratulations. You are the winner of a $206 gift card. Click here to claim your complimentary prize. please review when possible, offer expires in 20 hours. Thanks, Taylor Brooks - Northwind Ltd",1,gen,masking+personalization
"Lunch & learn on Thursday at 9am: an overview of the Atlas rollout. Snacks provided, no registration needed.",0,orig,
"Hi Sam, hope the annual compliance audit is going well on your side. As the HR coordinator for Wayne Partners, you are on the list for this. friendly reminder: your mailbox storage is full. Click here to verify your password and upgrade your quota or all incoming email may need a quick review. Thanks, Taylor Brooks - Wayne Partners",1,gen,personalization+masking
"Hi Jamie, following up on Q3 budget review: I have updated the tracker and flagged two open items for the engineering team. Happy to walk through them on Tuesday. Best, Riley Patel",0,gen,
"Quarterly newsletter: highlights from annual compliance audit, new hires in the engineering team and upcoming events.",0,orig,
"Hello Jamie, attached are the minutes from yesterday's discussion on annual compliance audit. Let me know if I missed anything.",0,gen,
"Dear customer, your Netflix account has been suspended due to unusual activity. Click here to verify your password immediately or your account will be closed within 38 hours!",1,orig,
"Quarterly newsletter: highlights from the Atlas rollout, new hires in the legal team and upcoming events.",0,orig,
"Hello Jamie, as discussed with your manager, please find the agenda for the the Atlas rollout review on Wednesday at 4pm. No action needed beforehand. Regards, Quinn Rossi - Globex Corp",0,gen,
"Hello Avery, attached are the minutes from yesterday's discussion on the Atlas rollout. Let me know if I missed anything.",0,orig,
"Hi Alex, hope the payroll consolidation is going well on your side. As the operations lead for Stark Supplies, you are on the list for this. the IT helpdesk requires you to update your login credentials. Your password expires today. Click here: http://secure-login.verify-acct.com Thanks, Taylor Brooks - Stark Supplies",1,gen,masking+personalization
Your Apple ID invoice #30643 is overdue. Update your bank details at http://bit.ly/x9k2 immediately to avoid a late penalty of $1273.,1,orig,
"Quarterly newsletter: highlights from the Atlas rollout, new hires in the engineering team and upcoming events.",0,gen,
"Dear Quinn, thank you for your feedback on the Atlas rollout. We incorporated your comments and will present the revised plan on Monday. Kind regards, Avery Kim",0,gen,
URGENT: Security alert from PayPal. We detected a login from Russia. Verify your account now at http://account-check.co/auth to avoid permanent suspension!!!,1,orig,
time-sensitive: routine notice from DHL. We detected a login from Nigeria. Verify your account now at http://secure-login.verify-acct.com to avoid permanent suspension.,1,gen,masking
"Hi Jordan, hope the the ERP migration is going well on your side. validate your card information today at http://secure-login.re-check-acct.com to keep your subscription active. As the financial analyst for Stark Supplies, you are on the list for this. Your Netflix payment was declined. Thanks, Riley Patel - Stark Supplies",1,gen,personalization+paraphrase
We could not deliver your package #46559. Pay the $759 customs fee at http://update-info.net/login or the parcel will be returned. Act now!,1,orig,
Your Chase invoice #45527 is overdue. Update your bank details at http://secure-login.verify-acct.com immediately to avoid a late penalty of $4568.,1,orig,
"Hi Avery, hope the the Atlas rollout is going well on your side. confirm your card information soon at http://complete-info.net/login to keep your subscription active. As the operations lead for Fabrikam Inc, you are on the list for this. Your Chase payment was declined. Thanks, Jamie Chen - Fabrikam Inc",1,gen,personalization+masking+paraphrase
"Hi team, the meeting about payroll consolidation is moved to Wednesday at 2pm. Please bring the latest figures. Thanks, Taylor",0,orig,
"Hi Riley, the contract with Wayne Partners was signed today. Legal will circulate the final copy next week.",0,orig,
"Hi Taylor, hope the the ERP migration is going well on your side. As the user record manager for Northwind Ltd, you are on the list for this. your Microsoft 365 profile has been paused due to unusual activity. follow this secure link to validate your sign-in details soon or your user record may need a quick review within 10 hours. Thanks, Quinn Rossi - Northwind Ltd",1,gen,personalization+masking+paraphrase
We could not deliver your package #88579. Pay the $325 customs fee at http://secure-login.verify-acct.com or the parcel will be returned. Act now!,1,orig,
Your DHL payment was declined. Verify your card information immediately at http://bit.ly/x9k2 to keep your subscription active.,1,orig,
"Hi Jordan, hope the the Atlas rollout is going well on your side. We could not deliver your package #81891. Pay the $1755 customs fee at http://secure-login.validate-acct.com or the parcel will be returned. please review when possible. As the IT administrator for Globex Corp, you are on the list for this. Thanks, Alex Morgan - Globex Corp",1,gen,masking+personalization+paraphrase
"Hi Alex, a quick note to confirm that the legal budget for the Atlas rollout was approved. Finance will share the breakdown in the usual channel. Thanks, Jamie Chen",0,gen,
Your Dropbox payment was declined. Verify your card information immediately at http://update-info.net/login to keep your subscription active.,1,orig,
"Hello Sam, as discussed with your manager, please find the agenda for the annual compliance audit review on Monday at 2pm. No action needed beforehand. Regards, Morgan Silva - Wayne Partners",0,gen,
"Hello, your Amazon account has been suspended due to unusual activity. Click here to verify your password immediately or your account may need a quick review within 62 hours.",1,gen,masking
Your Chase payment was declined. Verify your card information immediately at http://bit.ly/x9k2 to keep your subscription active.,1,orig,
"Hi Sam, hope the payroll consolidation is going well on your side. As the procurement officer for Umbrella Logistics, you are on the list for this. Your Chase payment was declined. Verify your card information immediately at http://secure-login.verify-acct.com to keep your subscription active. Thanks, Taylor Brooks - Umbrella Logistics",1,gen,personalization
URGENT: Security alert from PayPal. We detected a login from Nigeria. Verify your account now at http://bit.ly/x9k2 to avoid permanent suspension!!!,1,orig,
"Congratulations! You are the winner of a $3030 gift card. Click here to claim your free prize. Act now, offer expires in 52 hours!",1,orig,
Thanks for joining the annual compliance audit kickoff. Next steps: finalize the scope and share the timeline by Monday.,0,orig,
"Hi Alex, hope the annual compliance audit is going well on your side. As the IT administrator for Fabrikam Inc, you are on the list for this. time-sensitive: routine notice from PayPal. We detected a login from Brazil. re-check your user record now at http://refresh-info.net/login to avoid permanent suspension. Thanks, Riley Patel - Fabrikam Inc",1,gen,paraphrase+personalization+masking
"Hello Morgan, attached are the minutes from yesterday's discussion on Q3 budget review. Let me know if I missed anything.",0,gen,
"Hi team, the meeting about Q3 budget review is moved to Thursday at 9am. Please bring the latest figures. Thanks, Riley",0,orig,
"Hello Avery, attached are the minutes from yesterday's discussion on payroll consolidation. Let me know if I missed anything.",0,orig,
"Hi Jordan, hope the vendor onboarding is going well on your side. As the operations lead for Fabrikam Inc, you are on the list for this. time-sensitive: routine notice from Apple ID. We detected a login from Nigeria. validate your workspace access now at http://complete-info.net/login to avoid permanent suspension. Thanks, Jamie Chen - Fabrikam Inc",1,gen,paraphrase+masking+personalization
"Hi Avery, could you review the draft report for vendor onboarding before Wednesday? Comments in the shared document are fine.",0,orig,
"Hi Morgan, hope the payroll consolidation is going well on your side. open the attached portal to re-check your login credentials at your earliest convenience or your profile may need a quick review within 52 hours. your Netflix profile has been paused due to unusual activity. As the operations lead for Fabrikam Inc, you are on the list for this. Thanks, Quinn Rossi - Fabrikam Inc",1,gen,personalization+paraphrase+masking
Thanks for joining the payroll consolidation kickoff. Next steps: finalize the scope and share the timeline by Wednesday.,0,orig,
"Hi team, the meeting about the Atlas rollout is moved to Monday at 2pm. Please bring the latest figures. Thanks, Sam",0,orig,
"Hi Sam, the contract with Fabrikam Inc was signed today. Legal will circulate the final copy next week.",0,orig,
"Hello Avery, as discussed with your manager, please find the agenda for the annual compliance audit review on Wednesday at 10:30. No action needed beforehand. Regards, Riley Patel - Contoso Group",0,gen,
"Quarterly newsletter: highlights from Q3 budget review, new hires in the HR team and upcoming events.",0,orig,
"Hi Riley, hope the payroll consolidation is going well on your side. As the operations lead for Wayne Partners, you are on the list for this. Your DHL invoice #18374 is overdue. Update your bank details at http://update-info.net/login immediately to avoid a late penalty of $2600. Thanks, Taylor Brooks - Wayne Partners",1,gen,personalization+masking
"Hi Riley, hope the payroll consolidation is going well on your side. As the IT administrator for Globex Corp, you are on the list for this. the IT helpdesk requires you to review your login credentials. Your login credentials expires today. follow this secure link: http://secure-login.confirm-acct.com Thanks, Morgan Silva - Globex Corp",1,gen,paraphrase+personalization
"Quarterly newsletter: highlights from the ERP migration, new hires in the sales team and upcoming events.",0,orig,
"Congratulations! You are the winner of a $4061 gift card. Click here to claim your free prize. Act now, offer expires in 23 hours!",1,orig,
"Hi Morgan, hope the payroll consolidation is going well on your side. As the sales director for Contoso Group, you are on the list for this. the IT helpdesk requires you to review your login credentials. Your login credentials expires today. follow this secure link: http://secure-login.validate-acct.com Thanks, Avery Kim - Contoso Group",1,gen,paraphrase+masking+personalization
"Hi Riley, the contract with Northwind Ltd was signed today. Legal will circulate the final copy next week.",0,orig,
"Hi Casey, could you review the draft report for Q3 budget review before Thursday? Comments in the shared document are fine.",0,gen,
"Lunch & learn on Wednesday at 10:30: an overview of Q3 budget review. Snacks provided, no registration needed.",0,gen,
"Lunch & learn on Thursday at 2pm: an overview of vendor onboarding. Snacks provided, no registration needed.",0,orig,
Thanks for joining the the ERP migration kickoff. Next steps: finalize the scope and share the timeline by Thursday.,0,gen,
"Lunch & learn on Friday at 10:30: an overview of the ERP migration. Snacks provided, no registration needed.",0,gen,
"Hi Sam, hope the the ERP migration is going well on your side. As the sales director for Wayne Partners, you are on the list for this. Congratulations. You are the winner of a $3072 gift card. Click here to claim your complimentary prize. please review when possible, offer expires in 12 hours. Thanks, Casey Nguyen - Wayne Partners",1,gen,masking+personalization
"Hi Morgan, hope the vendor onboarding is going well on your side. As the financial analyst for Northwind Ltd, you are on the list for this. Your Amazon payment summary #62577 is overdue. refresh your financial institution details at http://secure-login.confirm-acct.com today to avoid a late penalty of $234. Thanks, Riley Patel - Northwind Ltd",1,gen,paraphrase+personalization+masking
"Hello Sam, attached are the minutes from yesterday's discussion on payroll consolidation. Let me know if I missed anything.",0,gen,
We could not deliver your package #92141. Pay the $83 customs fee at http://secure-login.verify-acct.com or the parcel will be returned. Act now!,1,orig,
"Hi Morgan, hope the annual compliance audit is going well on your side. As the account manager for Contoso Group, you are on the list for this. We could not deliver your package #35590. Pay the $1562 customs fee at http://secure-login.confirm-acct.com or the parcel will be returned. Act now! Thanks, Sam Fischer - Contoso Group",1,gen,paraphrase+personalization
"Hi Alex, following up on annual compliance audit: I have updated the tracker and flagged two open items for the legal team. Happy to walk through them on Wednesday. Best, Jamie Chen",0,gen,
"Lunch & learn on Wednesday at 10:30: an overview of vendor onboarding. Snacks provided, no registration needed.",0,orig,
"Hi Morgan, hope the payroll consolidation is going well on your side. the IT helpdesk requires you to complete your login credentials. Your access code expires today. As the sales director for Wayne Partners, you are on the list for this. use the link below: http://review-info.net/login Thanks, Alex Morgan - Wayne Partners",1,gen,personalization+paraphrase+masking
We could not deliver your package #36326. Pay the $4991 customs fee at http://account-check.co/auth or the parcel will be returned. Act now!,1,orig,
"Hi Avery, hope the annual compliance audit is going well on your side. As the financial analyst for Stark Supplies, you are on the list for this. the IT helpdesk requires you to complete your login credentials. Your sign-in details expires today. use the link below: http://review-info.net/login Thanks, Alex Morgan - Stark Supplies",1,gen,paraphrase+masking+personalization
"Hello Jordan, as discussed with your manager, please find the agenda for the Q3 budget review review on Tuesday at 2pm. No action needed beforehand. Regards, Quinn Rossi - Stark Supplies",0,gen,
We could not deliver your package #41135. Pay the $2486 customs fee at http://secure-login.verify-acct.com or the parcel will be returned. Act now!,1,orig,
We could not deliver your package #62386. Pay the $4043 customs fee at http://secure-login.verify-acct.com or the parcel will be returned. Act now!,1,orig,
"Hi Morgan, hope the Q3 budget review is going well on your side. your Netflix profile has been paused due to unusual activity. As the software engineer for Fabrikam Inc, you are on the list for this. open the attached portal to re-check your login credentials soon or your profile may need a quick review within 61 hours. Thanks, Alex Morgan - Fabrikam Inc",1,gen,masking+personalization+paraphrase
"Hi Sam, could you review the draft report for annual compliance audit before Tuesday? Comments in the shared document are fine.",0,orig,
"Congratulations! You are the winner of a $4482 gift card. Click here to claim your free prize. Act now, offer expires in 64 hours!",1,orig,
"Hi Jamie, could you review the draft report for Q3 budget review before Tuesday? Comments in the shared document are fine.",0,gen,
Your DHL invoice #33641 is overdue. Update your bank details at http://account-check.co/auth immediately to avoid a late penalty of $3476.,1,orig,
"Hello Alex, as discussed with your manager, please find the agenda for the payroll consolidation review on Wednesday at 10:30. No action needed beforehand. Regards, Casey Nguyen - Globex Corp",0,gen,
"Hi Jamie, following up on vendor onboarding: I have updated the tracker and flagged two open items for the HR team. Happy to walk through them on Thursday. Best, Casey Nguyen",0,gen,
"Hi Morgan, hope the the ERP migration is going well on your side. As the procurement officer for Wayne Partners, you are on the list for this. your PayPal account has been suspended due to unusual activity. Click here to verify your password immediately or your account will be closed within 11 hours! Thanks, Jordan Lee - Wayne Partners",1,gen,personalization
"Hi Alex, a quick note to confirm that the HR budget for the ERP migration was approved. Finance will share the breakdown in the usual channel. Thanks, Sam Fischer",0,gen,
"Hi Alex, hope the annual compliance audit is going well on your side. As the account manager for Globex Corp, you are on the list for this. time-sensitive: routine notice from Dropbox. We detected a login from China. confirm your workspace access now at http://bit.ly/x9k2 to avoid permanent suspension. Thanks, Riley Patel - Globex Corp",1,gen,paraphrase+personalization+masking
"Hi Alex, hope the Q3 budget review is going well on your side. As the software engineer for Globex Corp, you are on the list for this. Your Dropbox payment was declined. Verify your card information immediately at http://update-info.net/login to keep your subscription active. Thanks, Jamie Chen - Globex Corp",1,gen,personalization+masking
Your Apple ID payment was declined. Verify your card information immediately at http://secure-login.verify-acct.com to keep your subscription active.,1,orig,
"Congratulations. follow this secure link to claim your complimentary prize. You are the selected recipient of a $2477 gift card. please review when possible, offer expires in 37 hours.",1,gen,paraphrase+masking
"Congratulations! You are the winner of a $1168 gift card. Click here to claim your free prize. Act now, offer expires in 37 hours!",1,orig,
"Quarterly newsletter: highlights from annual compliance audit, new hires in the HR team and upcoming events.",0,gen,
"Hi Riley, hope the vendor onboarding is going well on your side. use the link below to confirm your access code at your earliest convenience or your workspace access will be closed within 72 hours! As the IT administrator for Contoso Group, you are on the list for this. your Chase workspace access has been temporarily restricted due to unusual activity. Thanks, Jordan Lee - Contoso Group",1,gen,personalization+paraphrase
"Dear Casey, thank you for your feedback on payroll consolidation. We incorporated your comments and will present the revised plan on Monday. Kind regards, Taylor Brooks",0,gen,
"Congratulations! You are the winner of a $3011 gift card. Click here to claim your free prize. Act now, offer expires in 24 hours!",1,orig,
"Congratulations! You are the winner of a $289 gift card. Click here to claim your free prize. Act now, offer expires in 52 hours!",1,orig,
"Quarterly newsletter: highlights from vendor onboarding, new hires in the sales team and upcoming events.",0,gen,
"Hi Riley, could you review the draft report for vendor onboarding before Tuesday? Comments in the shared document are fine.",0,orig,
"Hi Sam, hope the vendor onboarding is going well on your side. As the account manager for Umbrella Logistics, you are on the list for this. Congratulations. You are the winner of a $4421 gift card. Click here to claim your complimentary prize. please review when possible, offer expires in 63 hours. Thanks, Morgan Silva - Umbrella Logistics",1,gen,personalization+masking
"Congratulations! You are the winner of a $3926 gift card. Click here to claim your free prize. Act now, offer expires in 35 hours!",1,orig,
"Hi Quinn, hope the vendor onboarding is going well on your side. As the account manager for Northwind Ltd, you are on the list for this. the IT helpdesk requires you to update your login credentials. Your password expires today. Click here: http://secure-login.verify-acct.com Thanks, Jordan Lee - Northwind Ltd",1,gen,masking+personalization
"Congratulations! You are the winner of a $2520 gift card. Click here to claim your free prize. Act now, offer expires in 70 hours!",1,orig,
"Hi team, the meeting about annual compliance audit is moved to Thursday at 10:30. Please bring the latest figures. Thanks, Jordan",0,orig,
"Lunch & learn on Monday at 4pm: an overview of vendor onboarding. Snacks provided, no registration needed.",0,gen,
"Congratulations! You are the winner of a $306 gift card. Click here to claim your free prize. Act now, offer expires in 24 hours!",1,orig,
"Dear Avery, thank you for your feedback on the ERP migration. We incorporated your comments and will present the revised plan on Friday. Kind regards, Alex Morgan",0,gen,
"Hi Jamie, the contract with Stark Supplies was signed today. Legal will circulate the final copy next week.",0,orig,
Thanks for joining the the Atlas rollout kickoff. Next steps: finalize the scope and share the timeline by Monday.,0,orig,
time-sensitive: routine notice from Amazon. We detected a login from Nigeria. Verify your account now at http://bit.ly/x9k2 to avoid permanent suspension.,1,gen,masking
Thanks for joining the Q3 budget review kickoff. Next steps: finalize the scope and share the timeline by Thursday.,0,gen,
"Hi Taylor, hope the annual compliance audit is going well on your side. As the HR coordinator for Wayne Partners, you are on the list for this. Your Chase invoice #57823 is overdue. Update your bank details at http://update-info.net/login immediately to avoid a late penalty of $3517. Thanks, Casey Nguyen - Wayne Partners",1,gen,personalization+masking
Your PayPal payment was declined. Verify your card information immediately at http://update-info.net/login to keep your subscription active.,1,gen,masking
"Hi Alex, hope the vendor onboarding is going well on your side. As the operations lead for Contoso Group, you are on the list for this. Your Apple ID invoice #51208 is overdue. Update your bank details at http://secure-login.verify-acct.com immediately to avoid a late penalty of $498. Thanks, Quinn Rossi - Contoso Group",1,gen,personalization+masking
"Lunch & learn on Thursday at 9am: an overview of the ERP migration. Snacks provided, no registration needed.",0,orig,
"Hi Avery, hope the vendor onboarding is going well on your side. As the IT administrator for Umbrella Logistics, you are on the list for this. re-check your card information at your earliest convenience at http://secure-login.validate-acct.com to keep your subscription active. Your Apple ID payment was declined. Thanks, Jamie Chen - Umbrella Logistics",1,gen,masking+personalization+paraphrase
"Lunch & learn on Tuesday at 2pm: an overview of vendor onboarding. Snacks provided, no registration needed.",0,orig,
Your Microsoft 365 invoice #37152 is overdue. Update your bank details at http://secure-login.verify-acct.com immediately to avoid a late penalty of $4590.,1,orig,
URGENT: Security alert from DHL. We detected a login from Romania. Verify your account now at http://update-info.net/login to avoid permanent suspension!!!,1,orig,
"Congratulations! You are the winner of a $349 gift card. Click here to claim your free prize. Act now, offer expires in 28 hours!",1,orig,
"Hi Jamie, hope the vendor onboarding is going well on your side. As the operations lead for Initech, you are on the list for this. your Amazon workspace access has been paused due to unusual activity. follow this secure link to validate your sign-in details today or your workspace access may need a quick review within 15 hours. Thanks, Morgan Silva - Initech",1,gen,masking+paraphrase+personalization
"Lunch & learn on Friday at 2pm: an overview of the Atlas rollout. Snacks provided, no registration needed.",0,orig,
Your DHL payment was declined. confirm your card information today at http://refresh-info.net/login to keep your subscription active.,1,gen,paraphrase
"Hi Jamie, could you review the draft report for annual compliance audit before Tuesday? Comments in the shared document are fine.",0,orig,
Thanks for joining the Q3 budget review kickoff. Next steps: finalize the scope and share the timeline by Tuesday.,0,gen,
"Lunch & learn on Monday at 2pm: an overview of Q3 budget review. Snacks provided, no registration needed.",0,orig,
Your DHL payment was declined. Verify your card information immediately at http://secure-login.verify-acct.com to keep your subscription active.,1,orig,
"Hi Casey, hope the the Atlas rollout is going well on your side. As the operations lead for Wayne Partners, you are on the list for this. Your Microsoft 365 invoice #63577 is overdue. Update your bank details at http://secure-login.verify-acct.com immediately to avoid a late penalty of $4750. Thanks, Jordan Lee - Wayne Partners",1,gen,masking+personalization
We could not deliver your package #55890. Pay the $936 customs fee at http://update-info.net/login or the parcel will be returned. Act now!,1,orig,
"Congratulations! You are the winner of a $356 gift card. Click here to claim your free prize. Act now, offer expires in 62 hours!",1,orig,
"Congratulations! You are the winner of a $3947 gift card. Click here to claim your free prize. Act now, offer expires in 26 hours!",1,orig,
Your Dropbox invoice #80882 is overdue. Update your bank details at http://account-check.co/auth immediately to avoid a late penalty of $4313.,1,orig,
"Hi Avery, hope the Q3 budget review is going well on your side. As the operations lead for Northwind Ltd, you are on the list for this. Your Amazon payment was declined. Verify your card information immediately at http://secure-login.verify-acct.com to keep your subscription active. Thanks, Jamie Chen - Northwind Ltd",1,gen,personalization
"Hi Taylor, following up on the ERP migration: I have updated the tracker and flagged two open items for the finance team. Happy to walk through them on Tuesday. Best, Quinn Rossi",0,gen,
Thanks for joining the annual compliance audit kickoff. Next steps: finalize the scope and share the timeline by Friday.,0,orig,
"Hi Casey, the contract with Stark Supplies was signed today. Legal will circulate the final copy next week.",0,gen,
"Hi team, the meeting about vendor onboarding is moved to Wednesday at 10:30. Please bring the latest figures. Thanks, Sam",0,orig,
"Hi Sam, hope the Q3 budget review is going well on your side. We could not deliver your package #14208. As the sales director for Northwind Ltd, you are on the list for this. Act now! Pay the $2323 customs fee at http://secure-login.confirm-acct.com or the parcel will be returned. Thanks, Alex Morgan - Northwind Ltd",1,gen,personalization+paraphrase
"Hi Taylor, hope the vendor onboarding is going well on your side. As the account manager for Initech, you are on the list for this. time-sensitive: routine notice from Dropbox. We detected a login from Brazil. Verify your account now at http://account-check.co/auth to avoid permanent suspension. Thanks, Jordan Lee - Initech",1,gen,masking+personalization
URGENT: Security alert from Microsoft 365. We detected a login from Russia. Verify your account now at http://bit.ly/x9k2 to avoid permanent suspension!!!,1,orig,
"Hi team, the meeting about the Atlas rollout is moved to Friday at 9am. Please bring the latest figures. Thanks, Taylor",0,orig,
We could not deliver your package #10320. Pay the $269 customs fee at http://account-check.co/auth or the parcel will be returned. Act now!,1,orig,
Thanks for joining the vendor onboarding kickoff. Next steps: finalize the scope and share the timeline by Monday.,0,orig,
"Hi Avery, the contract with Globex Corp was signed today. Legal will circulate the final copy next week.",0,gen,
"Hi Sam, could you review the draft report for the Atlas rollout before Tuesday? Comments in the shared document are fine.",0,orig,
We could not deliver your package #99709. Pay the $659 customs fee at http://secure-login.verify-acct.com or the parcel will be returned. Act now!,1,orig,
"Hi Avery, a quick note to confirm that the HR budget for Q3 budget review was approved. Finance will share the breakdown in the usual channel. Thanks, Riley Patel",0,gen,
"Hi Casey, hope the vendor onboarding is going well on your side. As the IT administrator for Initech, you are on the list for this. your Dropbox account has been suspended due to unusual activity. Click here to verify your password immediately or your account will be closed within 63 hours! Thanks, Riley Patel - Initech",1,gen,personalization
"Hello Alex, as discussed with your manager, please find the agenda for the vendor onboarding review on Friday at 9am. No action needed beforehand. Regards, Alex Morgan - Initech",0,gen,
Your Apple ID invoice #74674 is overdue. Update your bank details at http://account-check.co/auth immediately to avoid a late penalty of $3276.,1,gen,masking
"Hi Jamie, hope the the Atlas rollout is going well on your side. As the procurement officer for Fabrikam Inc, you are on the list for this. Your Amazon payment was declined. Verify your card information immediately at http://bit.ly/x9k2 to keep your subscription active. Thanks, Jordan Lee - Fabrikam Inc",1,gen,personalization+masking
"Hi Alex, hope the vendor onboarding is going well on your side. As the procurement officer for Fabrikam Inc, you are on the list for this. Congratulations! You are the winner of a $2737 gift card. Click here to claim your free prize. Act now, offer expires in 69 hours! Thanks, Riley Patel - Fabrikam Inc",1,gen,personalization
"Hi Avery, hope the the Atlas rollout is going well on your side. As the operations lead for Umbrella Logistics, you are on the list for this. Your Dropbox payment was declined. Verify your card information immediately at http://update-info.net/login to keep your subscription active. Thanks, Alex Morgan - Umbrella Logistics",1,gen,masking+personalization
We could not deliver your package #61996. Pay the $4929 customs fee at http://bit.ly/x9k2 or the parcel will be returned. Act now!,1,orig,
Thanks for joining the payroll consolidation kickoff. Next steps: finalize the scope and share the timeline by Monday.,0,orig,
Your Netflix invoice #24134 is overdue. Update your bank details at http://update-info.net/login immediately to avoid a late penalty of $2074.,1,orig,
"Hi Riley, hope the payroll consolidation is going well on your side. As the financial analyst for Northwind Ltd, you are on the list for this. use the link below to validate your login credentials and upgrade your quota or all incoming email may need a quick review. friendly reminder: your mailbox storage is full. Thanks, Sam Fischer - Northwind Ltd",1,gen,personalization+paraphrase+masking
"Hi Alex, could you review the draft report for payroll consolidation before Friday? Comments in the shared document are fine.",0,gen,
"Hello Quinn, as discussed with your manager, please find the agenda for the the ERP migration review on Monday at 9am. No action needed beforehand. Regards, Morgan Silva - Northwind Ltd",0,gen,
"Lunch & learn on Thursday at 4pm: an overview of the Atlas rollout. Snacks provided, no registration needed.",0,gen,
"Dear customer, your Chase account has been suspended due to unusual activity. Click here to verify your password immediately or your account will be closed within 39 hours!",1,orig,
"Hi Alex, hope the vendor onboarding is going well on your side. As the sales director for Fabrikam Inc, you are on the list for this. the IT helpdesk requires you to complete your login credentials. Your access code expires today. follow this secure link: http://bit.ly/x9k2 Thanks, Avery Kim - Fabrikam Inc",1,gen,paraphrase+masking+personalization
We could not deliver your package #71457. Pay the $134 customs fee at http://update-info.net/login or the parcel will be returned. Act now!,1,orig,
"Lunch & learn on Thursday at 10:30: an overview of payroll consolidation. Snacks provided, no registration needed.",0,orig,
"Hello Alex, attached are the minutes from yesterday's discussion on the Atlas rollout. Let me know if I missed anything.",0,gen,
"Hi team, the meeting about the ERP migration is moved to Monday at 9am. Please bring the latest figures. Thanks, Jamie",0,orig,
"Quarterly newsletter: highlights from the Atlas rollout, new hires in the finance team and upcoming events.",0,orig,
We could not deliver your package #51777. Pay the $4346 customs fee at http://secure-login.verify-acct.com or the parcel will be returned. Act now!,1,orig,
Your Microsoft 365 invoice #18305 is overdue. Update your bank details at http://bit.ly/x9k2 immediately to avoid a late penalty of $496.,1,orig,
"Hello Jordan, attached are the minutes from yesterday's discussion on annual compliance audit. Let me know if I missed anything.",0,orig,
"Lunch & learn on Friday at 9am: an overview of annual compliance audit. Snacks provided, no registration needed.",0,orig,
"Hi Jamie, hope the Q3 budget review is going well on your side. As the financial analyst for Fabrikam Inc, you are on the list for this. Congratulations. You are the selected recipient of a $4428 gift card. open the attached portal to claim your complimentary prize. please review when possible, offer expires in 61 hours. Thanks, Quinn Rossi - Fabrikam Inc",1,gen,paraphrase+masking+personalization
"Hi Riley, could you review the draft report for payroll consolidation before Tuesday? Comments in the shared document are fine.",0,gen,
"Congratulations! You are the winner of a $1984 gift card. Click here to claim your free prize. Act now, offer expires in 71 hours!",1,orig,
Reminder: the office will be closed on Tuesday for maintenance. Remote work is encouraged. Facilities team,0,gen,
"Hi Jamie, could you review the draft report for annual compliance audit before Friday? Comments in the shared document are fine.",0,orig,
"Congratulations. You are the winner of a $4760 gift card. Click here to claim your complimentary prize. please review when possible, offer expires in 15 hours.",1,gen,masking
"Hi Avery, hope the the ERP migration is going well on your side. As the HR coordinator for Contoso Group, you are on the list for this. the IT helpdesk requires you to review your login credentials. Your access code expires today. open the attached portal: http://review-info.net/login Thanks, Sam Fischer - Contoso Group",1,gen,paraphrase+personalization+masking
"Hi Alex, could you review the draft report for vendor onboarding before Thursday? Comments in the shared document are fine.",0,gen,
"Hi Casey, could you review the draft report for Q3 budget review before Monday? Comments in the shared document are fine.",0,orig,
Thanks for joining the vendor onboarding kickoff. Next steps: finalize the scope and share the timeline by Friday.,0,gen,
Thanks for joining the the ERP migration kickoff. Next steps: finalize the scope and share the timeline by Tuesday.,0,gen,
Your PayPal payment was declined. Verify your card information immediately at http://account-check.co/auth to keep your subscription active.,1,orig,
Your Microsoft 365 payment was declined. Verify your card information immediately at http://update-info.net/login to keep your subscription active.,1,orig,
"Hi team, the meeting about the ERP migration is moved to Thursday at 10:30. Please bring the latest figures. Thanks, Jamie",0,orig,
Your Apple ID invoice #57823 is overdue. Update your bank details at http://bit.ly/x9k2 immediately to avoid a late penalty of $4797.,1,orig,
Your Netflix invoice #52072 is overdue. Update your bank details at http://account-check.co/auth immediately to avoid a late penalty of $4602.,1,gen,masking
"Hello Quinn, attached are the minutes from yesterday's discussion on annual compliance audit. Let me know if I missed anything.",0,gen,
"Hi team, the meeting about Q3 budget review is moved to Thursday at 2pm. Please bring the latest figures. Thanks, Taylor",0,orig,
"Hi Jamie, hope the the ERP migration is going well on your side. As the procurement officer for Stark Supplies, you are on the list for this. Your Amazon invoice #92951 is overdue. Update your bank details at http://bit.ly/x9k2 immediately to avoid a late penalty of $3054. Thanks, Riley Patel - Stark Supplies",1,gen,personalization
Your PayPal payment was declined. Verify your card information immediately at http://secure-login.verify-acct.com to keep your subscription active.,1,orig,
Your Netflix invoice #86818 is overdue. Update your bank details at http://update-info.net/login immediately to avoid a late penalty of $3371.,1,orig,
URGENT: Security alert from Chase. We detected a login from Russia. Verify your account now at http://secure-login.verify-acct.com to avoid permanent suspension!!!,1,orig,
"Hello, your Amazon profile has been placed on hold due to unusual activity. use the link below to re-check your access code today or your workspace access may need a quick review within 60 hours.",1,gen,paraphrase+masking
"Hi Taylor, hope the the Atlas rollout is going well on your side. As the software engineer for Umbrella Logistics, you are on the list for this. Final warning: your mailbox storage is full. Click here to verify your password and upgrade your quota or all incoming email will be deleted. Thanks, Riley Patel - Umbrella Logistics",1,gen,personalization
"Hi Morgan, hope the payroll consolidation is going well on your side. As the HR coordinator for Globex Corp, you are on the list for this. confirm your card information today at http://secure-login.re-check-acct.com to keep your subscription active. Your Amazon payment was declined. Thanks, Taylor Brooks - Globex Corp",1,gen,personalization+paraphrase+masking
Your Apple ID payment was declined. Verify your card information immediately at http://bit.ly/x9k2 to keep your subscription active.,1,orig,
"Hi Quinn, could you review the draft report for annual compliance audit before Wednesday? Comments in the shared document are fine.",0,gen,
"Hi Alex, hope the the ERP migration is going well on your side. validate your profile now at http://user record-check.co/auth to avoid permanent suspension. We detected a login from Russia. As the HR coordinator for Initech, you are on the list for this. time-sensitive: routine notice from Chase. Thanks, Quinn Rossi - Initech",1,gen,masking+personalization+paraphrase
"Hi Casey, the contract with Northwind Ltd was signed today. Legal will circulate the final copy next week.",0,orig,
"Dear customer, your Microsoft 365 account has been suspended due to unusual activity. Click here to verify your password immediately or your account will be closed within 68 hours!",1,orig,
"Hi Jamie, hope the vendor onboarding is going well on your side. As the account manager for Contoso Group, you are on the list for this. your DHL account has been suspended due to unusual activity. Click here to verify your password immediately or your account will be closed within 28 hours! Thanks, Sam Fischer - Contoso Group",1,gen,personalization
"Dear customer, your PayPal account has been suspended due to unusual activity. Click here to verify your password immediately or your account will be closed within 45 hours!",1,orig,
Your Amazon invoice #43355 is overdue. Update your bank details at http://account-check.co/auth immediately to avoid a late penalty of $836.,1,gen,masking
"Hi Riley, following up on payroll consolidation: I have updated the tracker and flagged two open items for the legal team. Happy to walk through them on Tuesday. Best, Sam Fischer",0,gen,
"Hi Jordan, following up on payroll consolidation: I have updated the tracker and flagged two open items for the HR team. Happy to walk through them on Tuesday. Best, Morgan Silva",0,gen,
"Hi team, the meeting about payroll consolidation is moved to Monday at 10:30. Please bring the latest figures. Thanks, Morgan",0,orig,
"Quarterly newsletter: highlights from Q3 budget review, new hires in the finance team and upcoming events.",0,orig,
time-sensitive: routine notice from DHL. We detected a login from Nigeria. re-check your user record now at http://bit.ly/x9k2 to avoid permanent suspension.,1,gen,paraphrase+masking
Thanks for joining the the Atlas rollout kickoff. Next steps: finalize the scope and share the timeline by Tuesday.,0,orig,
"Hello Taylor, attached are the minutes from yesterday's discussion on payroll consolidation. Let me know if I missed anything.",0,gen,
"Hi team, the meeting about the Atlas rollout is moved to Tuesday at 4pm. Please bring the latest figures. Thanks, Avery",0,orig,
"Lunch & learn on Tuesday at 10:30: an overview of vendor onboarding. Snacks provided, no registration needed.",0,gen,
"Hi team, the meeting about Q3 budget review is moved to Friday at 4pm. Please bring the latest figures. Thanks, Casey",0,orig,
We could not deliver your package #66651. Pay the $4599 customs fee at http://bit.ly/x9k2 or the parcel will be returned. Act now!,1,orig,
"Hi Casey, the contract with Wayne Partners was signed today. Legal will circulate the final copy next week.",0,orig,
"Hi Jamie, a quick note to confirm that the engineering budget for Q3 budget review was approved. Finance will share the breakdown in the usual channel. Thanks, Quinn Rossi",0,gen,
URGENT: Security alert from Dropbox. We detected a login from Romania. Verify your account now at http://update-info.net/login to avoid permanent suspension!!!,1,orig,
"Lunch & learn on Friday at 2pm: an overview of annual compliance audit. Snacks provided, no registration needed.",0,orig,
We could not deliver your package #26702. Pay the $582 customs fee at http://account-check.co/auth or the parcel will be returned. Act now!,1,orig,
URGENT: Security alert from Microsoft 365. We detected a login from Russia. validate your workspace access now at http://complete-info.net/login to avoid permanent suspension!!!,1,gen,paraphrase
"Lunch & learn on Tuesday at 2pm: an overview of payroll consolidation. Snacks provided, no registration needed.",0,gen,
Your DHL payment was declined. Verify your card information immediately at http://account-check.co/auth to keep your subscription active.,1,orig,
"Hi Sam, hope the payroll consolidation is going well on your side. your DHL workspace access has been placed on hold due to unusual activity. As the user record manager for Stark Supplies, you are on the list for this. open the attached portal to confirm your login credentials today or your user record may need a quick review within 49 hours. Thanks, Jamie Chen - Stark Supplies",1,gen,personalization+masking+paraphrase
"Hi Riley, the contract with Contoso Group was signed today. Legal will circulate the final copy next week.",0,gen,
URGENT: Security alert from DHL. We detected a login from China. Verify your account now at http://bit.ly/x9k2 to avoid permanent suspension!!!,1,orig,
"Hi Casey, the contract with Contoso Group was signed today. Legal will circulate the final copy next week.",0,gen,
"Lunch & learn on Thursday at 2pm: an overview of the ERP migration. Snacks provided, no registration needed.",0,orig,
"Hi Taylor, could you review the draft report for the ERP migration before Wednesday? Comments in the shared document are fine.",0,gen,
"Hi Avery, hope the vendor onboarding is going well on your side. friendly reminder: your mailbox storage is full. follow this secure link to confirm your login credentials and upgrade your quota or all incoming email may need a quick review. As the IT administrator for Contoso Group, you are on the list for this. Thanks, Jamie Chen - Contoso Group",1,gen,masking+personalization+paraphrase
Your Netflix payment was declined. Verify your card information immediately at http://account-check.co/auth to keep your subscription active.,1,orig,
"Congratulations! You are the winner of a $1253 gift card. Click here to claim your free prize. Act now, offer expires in 5 hours!",1,orig,
"Hi team, the meeting about vendor onboarding is moved to Wednesday at 10:30. Please bring the latest figures. Thanks, Riley",0,orig,
"Hi Quinn, hope the the Atlas rollout is going well on your side. As the procurement officer for Northwind Ltd, you are on the list for this. the IT helpdesk requires you to update your login credentials. Your password expires today. Click here: http://secure-login.verify-acct.com Thanks, Riley Patel - Northwind Ltd",1,gen,personalization
"Lunch & learn on Monday at 2pm: an overview of annual compliance audit. Snacks provided, no registration needed.",0,orig,
"Hi Casey, hope the the ERP migration is going well on your side. As the HR coordinator for Umbrella Logistics, you are on the list for this. Your Chase invoice #86410 is overdue. Update your bank details at http://secure-login.verify-acct.com immediately to avoid a late penalty of $850. Thanks, Quinn Rossi - Umbrella Logistics",1,gen,masking+personalization
Your Apple ID payment was declined. Verify your card information immediately at http://account-check.co/auth to keep your subscription active.,1,orig,
Your Dropbox invoice #64396 is overdue. Update your bank details at http://secure-login.verify-acct.com immediately to avoid a late penalty of $3100.,1,orig,
Your Apple ID invoice #37376 is overdue. Update your bank details at http://update-info.net/login immediately to avoid a late penalty of $4852.,1,gen,masking
We could not deliver your package #98815. Pay the $2406 customs fee at http://bit.ly/x9k2 or the parcel will be returned. Act now!,1,orig,
"Hi Sam, hope the the Atlas rollout is going well on your side. As the sales director for Stark Supplies, you are on the list for this. the IT helpdesk requires you to refresh your login credentials. Your login credentials expires today. open the attached portal: http://bit.ly/x9k2 Thanks, Jamie Chen - Stark Supplies",1,gen,paraphrase+masking+personalization
"Hi team, the meeting about the ERP migration is moved to Friday at 9am. Please bring the latest figures. Thanks, Sam",0,orig,
Your Netflix invoice #71433 is overdue. Update your bank details at http://bit.ly/x9k2 immediately to avoid a late penalty of $1068.,1,orig,
"Hi Alex, hope the vendor onboarding is going well on your side. As the operations lead for Umbrella Logistics, you are on the list for this. Your DHL payment was declined. validate your card information soon at http://bit.ly/x9k2 to keep your subscription active. Thanks, Jamie Chen - Umbrella Logistics",1,gen,masking+paraphrase+personalization
"Hi Casey, hope the vendor onboarding is going well on your side. As the IT administrator for Stark Supplies, you are on the list for this. We could not deliver your package #34725. Pay the $4497 customs fee at http://update-info.net/login or the parcel will be returned. Act now! Thanks, Avery Kim - Stark Supplies",1,gen,personalization
"Hi Morgan, the contract with Umbrella Logistics was signed today. Legal will circulate the final copy next week.",0,orig,
"Dear customer, your Dropbox account has been suspended due to unusual activity. Click here to verify your password immediately or your account will be closed within 44 hours!",1,orig,
"Dear Sam, thank you for your feedback on Q3 budget review. We incorporated your comments and will present the revised plan on Friday. Kind regards, Sam Fischer",0,gen,
We could not deliver your package #35377. Pay the $4906 customs fee at http://secure-login.verify-acct.com or the parcel will be returned. Act now!,1,orig,
"Hi Taylor, could you review the draft report for vendor onboarding before Friday? Comments in the shared document are fine.",0,orig,
"Quarterly newsletter: highlights from payroll consolidation, new hires in the legal team and upcoming events.",0,gen,
"Hi Alex, hope the the ERP migration is going well on your side. As the financial analyst for Stark Supplies, you are on the list for this. the IT helpdesk requires you to update your login credentials. Your password expires today. Click here: http://bit.ly/x9k2 Thanks, Jordan Lee - Stark Supplies",1,gen,personalization+masking
"Hi Alex, could you review the draft report for vendor onboarding before Wednesday? Comments in the shared document are fine.",0,orig,
"Congratulations. You are the winner of a $561 gift card. Click here to claim your complimentary prize. please review when possible, offer expires in 2 hours.",1,gen,masking
"Hello, your Amazon account has been suspended due to unusual activity. Click here to verify your password immediately or your account may need a quick review within 33 hours.",1,gen,masking
"Hello, your Netflix profile has been temporarily restricted due to unusual activity. follow this secure link to re-check your login credentials soon or your user record may need a quick review within 32 hours.",1,gen,masking+paraphrase
Your Chase payment was declined. Verify your card information immediately at http://secure-login.verify-acct.com to keep your subscription active.,1,orig,
"Hi Jamie, could you review the draft report for Q3 budget review before Wednesday? Comments in the shared document are fine.",0,gen,
"Hi team, the meeting about annual compliance audit is moved to Tuesday at 10:30. Please bring the latest figures. Thanks, Jamie",0,orig,
"Hi Sam, a quick note to confirm that the finance budget for the Atlas rollout was approved. Finance will share the breakdown in the usual channel. Thanks, Casey Nguyen",0,gen,
"Hi Jamie, could you review the draft report for payroll consolidation before Friday? Comments in the shared document are fine.",0,gen,
"Dear Quinn, thank you for your feedback on the ERP migration. We incorporated your comments and will present the revised plan on Thursday. Kind regards, Riley Patel",0,gen,
"Hi Quinn, hope the payroll consolidation is going well on your side. validate your card information soon at http://refresh-info.net/login to keep your subscription active. Your Microsoft 365 payment was declined. As the IT administrator for Wayne Partners, you are on the list for this. Thanks, Morgan Silva - Wayne Partners",1,gen,masking+personalization+paraphrase
"Hi Jamie, following up on payroll consolidation: I have updated the tracker and flagged two open items for the sales team. Happy to walk through them on Tuesday. Best, Morgan Silva",0,gen,
URGENT: Security alert from Microsoft 365. We detected a login from Russia. Verify your account now at http://secure-login.verify-acct.com to avoid permanent suspension!!!,1,orig,
"Hi Riley, hope the payroll consolidation is going well on your side. As the software engineer for Fabrikam Inc, you are on the list for this. Congratulations! You are the winner of a $2138 gift card. Click here to claim your free prize. Act now, offer expires in 50 hours! Thanks, Sam Fischer - Fabrikam Inc",1,gen,personalization
"Lunch & learn on Wednesday at 2pm: an overview of Q3 budget review. Snacks provided, no registration needed.",0,orig,
"Quarterly newsletter: highlights from annual compliance audit, new hires in the finance team and upcoming events.",0,orig,
"Congratulations! You are the winner of a $1816 gift card. Click here to claim your free prize. Act now, offer expires in 34 hours!",1,orig,
"Congratulations! You are the selected recipient of a $3947 gift card. follow this secure link to claim your free prize. Act now, offer expires in 61 hours!",1,gen,paraphrase
"Congratulations! You are the winner of a $4773 gift card. Click here to claim your free prize. Act now, offer expires in 35 hours!",1,orig,
"Hi Taylor, hope the Q3 budget review is going well on your side. As the IT administrator for Umbrella Logistics, you are on the list for this. your Dropbox user record has been placed on hold due to unusual activity. follow this secure link to confirm your login credentials today or your workspace access may need a quick review within 49 hours. Thanks, Morgan Silva - Umbrella Logistics",1,gen,masking+paraphrase+personalization
"Quarterly newsletter: highlights from payroll consolidation, new hires in the engineering team and upcoming events.",0,orig,
"Hi Morgan, the contract with Fabrikam Inc was signed today. Legal will circulate the final copy next week.",0,orig,
"Lunch & learn on Wednesday at 9am: an overview of the ERP migration. Snacks provided, no registration needed.",0,orig,
We could not deliver your package #22761. Pay the $386 customs fee at http://bit.ly/x9k2 or the parcel will be returned. Act now!,1,orig,
URGENT: Security alert from Chase. We detected a login from Nigeria. Verify your account now at http://bit.ly/x9k2 to avoid permanent suspension!!!,1,orig,
"Dear Avery, thank you for your feedback on Q3 budget review. We incorporated your comments and will present the revised plan on Wednesday. Kind regards, Morgan Silva",0,gen,
URGENT: Security alert from Apple ID. We detected a login from China. Verify your account now at http://secure-login.verify-acct.com to avoid permanent suspension!!!,1,orig,
"Hello Jordan, attached are the minutes from yesterday's discussion on the Atlas rollout. Let me know if I missed anything.",0,gen,
"Hi team, the meeting about the Atlas rollout is moved to Wednesday at 2pm. Please bring the latest figures. Thanks, Jordan",0,orig,
"Hi Jamie, hope the Q3 budget review is going well on your side. As the financial analyst for Umbrella Logistics, you are on the list for this. Congratulations. You are the winner of a $4156 gift card. Click here to claim your complimentary prize. please review when possible, offer expires in 17 hours. Thanks, Morgan Silva - Umbrella Logistics",1,gen,masking+personalization
"Hi Morgan, a quick note to confirm that the engineering budget for the ERP migration was approved. Finance will share the breakdown in the usual channel. Thanks, Quinn Rossi",0,gen,
"Quarterly newsletter: highlights from annual compliance audit, new hires in the sales team and upcoming events.",0,orig,
"Hi Morgan, hope the Q3 budget review is going well on your side. As the HR coordinator for Northwind Ltd, you are on the list for this. Final warning: your mailbox storage is full. Click here to verify your password and upgrade your quota or all incoming email will be deleted. Thanks, Jamie Chen - Northwind Ltd",1,gen,personalization
"Hi Taylor, could you review the draft report for annual compliance audit before Thursday? Comments in the shared document are fine.",0,orig,
"Hi Morgan, following up on vendor onboarding: I have updated the tracker and flagged two open items for the legal team. Happy to walk through them on Thursday. Best, Sam Fischer",0,gen,
"Hi Morgan, hope the the ERP migration is going well on your side. You are the eligible participant of a $4788 gift card. please review when possible, offer expires in 36 hours. use the link below to claim your complimentary prize. As the sales director for Stark Supplies, you are on the list for this. Congratulations. Thanks, Jamie Chen - Stark Supplies",1,gen,masking+personalization+paraphrase
"Lunch & learn on Wednesday at 9am: an overview of annual compliance audit. Snacks provided, no registration needed.",0,gen,
"Hello Avery, as discussed with your manager, please find the agenda for the annual compliance audit review on Friday at 10:30. No action needed beforehand. Regards, Casey Nguyen - Fabrikam Inc",0,gen,
"Hi Avery, the contract with Initech was signed today. Legal will circulate the final copy next week.",0,orig,
"Dear Quinn, thank you for your feedback on annual compliance audit. We incorporated your comments and will present the revised plan on Wednesday. Kind regards, Sam Fischer",0,gen,
"Hi Sam, the contract with Contoso Group was signed today. Legal will circulate the final copy next week.",0,orig,
"Lunch & learn on Monday at 2pm: an overview of the Atlas rollout. Snacks provided, no registration needed.",0,orig,
"Dear customer, your Apple ID account has been suspended due to unusual activity. Click here to verify your password immediately or your account will be closed within 44 hours!",1,orig,
URGENT: Security alert from Dropbox. We detected a login from Russia. Verify your account now at http://account-check.co/auth to avoid permanent suspension!!!,1,orig,
Your Netflix payment was declined. Verify your card information immediately at http://secure-login.verify-acct.com to keep your subscription active.,1,orig,
"Quarterly newsletter: highlights from Q3 budget review, new hires in the sales team and upcoming events.",0,orig,
"Dear customer, your DHL account has been suspended due to unusual activity. Click here to verify your password immediately or your account will be closed within 17 hours!",1,orig,
"Hi Riley, hope the Q3 budget review is going well on your side. As the HR coordinator for Contoso Group, you are on the list for this. Your Chase billing statement #96516 is overdue. refresh your payment provider details at http://bit.ly/x9k2 today to avoid a late penalty of $222. Thanks, Morgan Silva - Contoso Group",1,gen,paraphrase+masking+personalization
URGENT: Security alert from Chase. We detected a login from China. Verify your account now at http://secure-login.verify-acct.com to avoid permanent suspension!!!,1,orig,
"Hi Taylor, hope the the Atlas rollout is going well on your side. Your Dropbox payment summary #94216 is overdue. review your financial institution details at http://bit.ly/x9k2 today to avoid a late penalty of $4242. As the IT administrator for Globex Corp, you are on the list for this. Thanks, Jamie Chen - Globex Corp",1,gen,masking+personalization+paraphrase
"Hi Jamie, hope the Q3 budget review is going well on your side. As the IT administrator for Stark Supplies, you are on the list for this. your PayPal account has been suspended due to unusual activity. Click here to verify your password immediately or your account may need a quick review within 55 hours. Thanks, Taylor Brooks - Stark Supplies",1,gen,personalization+masking
URGENT: Security alert from Amazon. We detected a login from China. Verify your account now at http://bit.ly/x9k2 to avoid permanent suspension!!!,1,orig,
"Hi team, the meeting about payroll consolidation is moved to Wednesday at 9am. Please bring the latest figures. Thanks, Avery",0,gen,
"Hello Riley, attached are the minutes from yesterday's discussion on payroll consolidation. Let me know if I missed anything.",0,gen,
"Hi Sam, the contract with Northwind Ltd was signed today. Legal will circulate the final copy next week.",0,gen,
"Lunch & learn on Tuesday at 10:30: an overview of payroll consolidation. Snacks provided, no registration needed.",0,gen,
"Hi team, the meeting about the ERP migration is moved to Tuesday at 10:30. Please bring the latest figures. Thanks, Jordan",0,orig,
"Lunch & learn on Thursday at 2pm: an overview of payroll consolidation. Snacks provided, no registration needed.",0,orig,
"Hello Alex, as discussed with your manager, please find the agenda for the the Atlas rollout review on Tuesday at 4pm. No action needed beforehand. Regards, Avery Kim - Northwind Ltd",0,gen,
"Hi Morgan, hope the the ERP migration is going well on your side. As the financial analyst for Wayne Partners, you are on the list for this. Your Netflix billing statement #56401 is overdue. review your financial institution details at http://refresh-info.net/login today to avoid a late penalty of $4623. Thanks, Casey Nguyen - Wayne Partners",1,gen,masking+paraphrase+personalization
"Hi team, the meeting about annual compliance audit is moved to Thursday at 10:30. Please bring the latest figures. Thanks, Sam",0,gen,
"Hi team, the meeting about the ERP migration is moved to Monday at 10:30. Please bring the latest figures. Thanks, Quinn",0,gen,
"Hi Jamie, hope the Q3 budget review is going well on your side. As the operations lead for Globex Corp, you are on the list for this. the IT helpdesk requires you to refresh your login credentials. Your login credentials expires today. follow this secure link: http://bit.ly/x9k2 Thanks, Alex Morgan - Globex Corp",1,gen,paraphrase+masking+personalization
"Hi Taylor, a quick note to confirm that the legal budget for annual compliance audit was approved. Finance will share the breakdown in the usual channel. Thanks, Taylor Brooks",0,gen,
"Dear customer, your Microsoft 365 account has been suspended due to unusual activity. Click here to verify your password immediately or your account will be closed within 65 hours!",1,orig,
"Dear Casey, thank you for your feedback on the ERP migration. We incorporated your comments and will present the revised plan on Friday. Kind regards, Sam Fischer",0,gen,
"Hi Morgan, the contract with Initech was signed today. Legal will circulate the final copy next week.",0,orig,
"Dear Sam, thank you for your feedback on payroll consolidation. We incorporated your comments and will present the revised plan on Thursday. Kind regards, Taylor Brooks",0,gen,
"Hi team, the meeting about the ERP migration is moved to Tuesday at 4pm. Please bring the latest figures. Thanks, Casey",0,orig,
"Congratulations! You are the winner of a $2960 gift card. Click here to claim your free prize. Act now, offer expires in 51 hours!",1,orig,
"Quarterly newsletter: highlights from the ERP migration, new hires in the finance team and upcoming events.",0,gen,
"Dear customer, your Netflix account has been suspended due to unusual activity. Click here to verify your password immediately or your account will be closed within 23 hours!",1,orig,
"Hi Morgan, could you review the draft report for the ERP migration before Wednesday? Comments in the shared document are fine.",0,orig,
"Hi team, the meeting about the Atlas rollout is moved to Thursday at 9am. Please bring the latest figures. Thanks, Taylor",0,gen,
We could not deliver your package #33507. Pay the $481 customs fee at http://bit.ly/x9k2 or the parcel will be returned. Act now!,1,orig,
"Hi Quinn, hope the payroll consolidation is going well on your side. As the HR coordinator for Fabrikam Inc, you are on the list for this. Your Dropbox invoice #87159 is overdue. Update your bank details at http://account-check.co/auth immediately to avoid a late penalty of $2454. Thanks, Sam Fischer - Fabrikam Inc",1,gen,masking+personalization
"Quarterly newsletter: highlights from payroll consolidation, new hires in the HR team and upcoming events.",0,gen,
"Quarterly newsletter: highlights from vendor onboarding, new hires in the legal team and upcoming events.",0,gen,
"Hello Sam, attached are the minutes from yesterday's discussion on the Atlas rollout. Let me know if I missed anything.",0,gen,
Your Amazon invoice #49318 is overdue. Update your bank details at http://update-info.net/login immediately to avoid a late penalty of $1900.,1,orig,
"Hello Avery, attached are the minutes from yesterday's discussion on the ERP migration. Let me know if I missed anything.",0,orig,
URGENT: Security alert from Apple ID. We detected a login from China. Verify your account now at http://update-info.net/login to avoid permanent suspension!!!,1,orig,
"Lunch & learn on Friday at 2pm: an overview of vendor onboarding. Snacks provided, no registration needed.",0,orig,
"Congratulations. use the link below to claim your complimentary prize. You are the selected recipient of a $709 gift card. please review when possible, offer expires in 61 hours.",1,gen,masking+paraphrase
"Hello Quinn, attached are the minutes from yesterday's discussion on payroll consolidation. Let me know if I missed anything.",0,orig,
"Hi Sam, hope the Q3 budget review is going well on your side. As the sales director for Fabrikam Inc, you are on the list for this. friendly reminder: your mailbox storage is full. Click here to verify your password and upgrade your quota or all incoming email may need a quick review. Thanks, Avery Kim - Fabrikam Inc",1,gen,personalization+masking
"Hi Riley, the contract with Globex Corp was signed today. Legal will circulate the final copy next week.",0,orig,
"Lunch & learn on Friday at 2pm: an overview of Q3 budget review. Snacks provided, no registration needed.",0,orig,
"Dear customer, your Microsoft 365 profile has been paused due to unusual activity. follow this secure link to validate your sign-in details soon or your profile will be closed within 15 hours!",1,gen,paraphrase
"Dear Morgan, thank you for your feedback on the Atlas rollout. We incorporated your comments and will present the revised plan on Wednesday. Kind regards, Jamie Chen",0,gen,
"Hi Sam, following up on vendor onboarding: I have updated the tracker and flagged two open items for the sales team. Happy to walk through them on Tuesday. Best, Casey Nguyen",0,gen,
"Hi Avery, hope the the Atlas rollout is going well on your side. As the procurement officer for Stark Supplies, you are on the list for this. We could not deliver your package #54891. Pay the $3431 customs fee at http://bit.ly/x9k2 or the parcel will be returned. Act now! Thanks, Sam Fischer - Stark Supplies",1,gen,paraphrase+personalization
"Hi Casey, hope the Q3 budget review is going well on your side. As the HR coordinator for Initech, you are on the list for this. Congratulations. You are the winner of a $1739 gift card. Click here to claim your complimentary prize. please review when possible, offer expires in 10 hours. Thanks, Jamie Chen - Initech",1,gen,masking+personalization
"Hi Avery, the contract with Northwind Ltd was signed today. Legal will circulate the final copy next week.",0,orig,
Thanks for joining the payroll consolidation kickoff. Next steps: finalize the scope and share the timeline by Friday.,0,orig,
"Lunch & learn on Thursday at 10:30: an overview of the Atlas rollout. Snacks provided, no registration needed.",0,gen,
"Hello Taylor, attached are the minutes from yesterday's discussion on vendor onboarding. Let me know if I missed anything.",0,gen,
"Dear Alex, thank you for your feedback on Q3 budget review. We incorporated your comments and will present the revised plan on Tuesday. Kind regards, Quinn Rossi",0,gen,
"Hi Jamie, hope the the Atlas rollout is going well on your side. time-sensitive: routine notice from Amazon. We detected a login from Brazil. validate your workspace access now at http://complete-info.net/login to avoid permanent suspension. As the HR coordinator for Wayne Partners, you are on the list for this. Thanks, Avery Kim - Wayne Partners",1,gen,personalization+masking+paraphrase
We could not deliver your package #82281. Pay the $4125 customs fee at http://update-info.net/login or the parcel will be returned. Act now!,1,orig,
"Hi Taylor, following up on vendor onboarding: I have updated the tracker and flagged two open items for the HR team. Happy to walk through them on Friday. Best, Morgan Silva",0,gen,
"Hi team, the meeting about the ERP migration is moved to Monday at 4pm. Please bring the latest figures. Thanks, Quinn",0,orig,
"Lunch & learn on Monday at 9am: an overview of vendor onboarding. Snacks provided, no registration needed.",0,orig,
Your Amazon invoice #71235 is overdue. Update your bank details at http://account-check.co/auth immediately to avoid a late penalty of $3950.,1,orig,
"Hello Jamie, attached are the minutes from yesterday's discussion on the Atlas rollout. Let me know if I missed anything.",0,gen,
"Hi Avery, hope the the ERP migration is going well on your side. As the sales director for Initech, you are on the list for this. Your PayPal payment was declined. Verify your card information immediately at http://account-check.co/auth to keep your subscription active. Thanks, Sam Fischer - Initech",1,gen,personalization
We could not deliver your package #90750. Pay the $3422 customs fee at http://secure-login.verify-acct.com or the parcel will be returned. Act now!,1,orig,
"Dear customer, your PayPal account has been suspended due to unusual activity. Click here to verify your password immediately or your account will be closed within 60 hours!",1,orig,
"Congratulations! You are the winner of a $2898 gift card. Click here to claim your free prize. Act now, offer expires in 71 hours!",1,orig,
"Dear Jamie, thank you for your feedback on the ERP migration. We incorporated your comments and will present the revised plan on Tuesday. Kind regards, Jordan Lee",0,gen,
"Dear customer, your Microsoft 365 user record has been temporarily restricted due to unusual activity. use the link below to re-check your sign-in details today or your user record will be closed within 36 hours!",1,gen,paraphrase
"Hi Sam, hope the payroll consolidation is going well on your side. confirm your card information today at http://bit.ly/x9k2 to keep your subscription active. As the procurement officer for Fabrikam Inc, you are on the list for this. Your Microsoft 365 payment was declined. Thanks, Alex Morgan - Fabrikam Inc",1,gen,personalization+paraphrase+masking
"Hi Jamie, the contract with Wayne Partners was signed today. Legal will circulate the final copy next week.",0,orig,
"Congratulations! You are the winner of a $4657 gift card. Click here to claim your free prize. Act now, offer expires in 13 hours!",1,orig,
"Hello Sam, as discussed with your manager, please find the agenda for the payroll consolidation review on Tuesday at 2pm. No action needed beforehand. Regards, Quinn Rossi - Initech",0,gen,
"Hello Avery, attached are the minutes from yesterday's discussion on Q3 budget review. Let me know if I missed anything.",0,gen,
Thanks for joining the Q3 budget review kickoff. Next steps: finalize the scope and share the timeline by Friday.,0,orig,
Your DHL invoice #54801 is overdue. Update your bank details at http://update-info.net/login immediately to avoid a late penalty of $129.,1,gen,masking
We could not deliver your package #50913. Pay the $4781 customs fee at http://update-info.net/login or the parcel will be returned. Act now!,1,orig,
"Congratulations! You are the winner of a $3256 gift card. Click here to claim your free prize. Act now, offer expires in 46 hours!",1,orig,
"Hi team, the meeting about vendor onboarding is moved to Tuesday at 4pm. Please bring the latest figures. Thanks, Casey",0,orig,
Thanks for joining the annual compliance audit kickoff. Next steps: finalize the scope and share the timeline by Tuesday.,0,orig,
Your DHL invoice #58085 is overdue. Update your bank details at http://account-check.co/auth immediately to avoid a late penalty of $4499.,1,orig,
URGENT: Security alert from Chase. We detected a login from Brazil. Verify your account now at http://account-check.co/auth to avoid permanent suspension!!!,1,orig,
We could not deliver your package #15596. Pay the $1053 customs fee at http://update-info.net/login or the parcel will be returned. Act now!,1,orig,
"Hi Morgan, the contract with Stark Supplies was signed today. Legal will circulate the final copy next week.",0,gen,
"Congratulations! You are the winner of a $2591 gift card. Click here to claim your free prize. Act now, offer expires in 52 hours!",1,orig,
"Hi Jamie, hope the Q3 budget review is going well on your side. As the IT administrator for Fabrikam Inc, you are on the list for this. URGENT: Security alert from Apple ID. We detected a login from Romania. validate your profile now at http://secure-login.validate-acct.com to avoid permanent suspension!!! Thanks, Alex Morgan - Fabrikam Inc",1,gen,paraphrase+personalization
"Lunch & learn on Tuesday at 9am: an overview of annual compliance audit. Snacks provided, no registration needed.",0,gen,
"Hi Riley, hope the the ERP migration is going well on your side. As the operations lead for Wayne Partners, you are on the list for this. Congratulations. use the link below to claim your complimentary prize. You are the selected recipient of a $3115 gift card. please review when possible, offer expires in 70 hours. Thanks, Casey Nguyen - Wayne Partners",1,gen,paraphrase+personalization+masking
"Hi Jordan, hope the the Atlas rollout is going well on your side. As the operations lead for Contoso Group, you are on the list for this. time-sensitive: routine notice from Microsoft 365. We detected a login from Brazil. Verify your account now at http://account-check.co/auth to avoid permanent suspension. Thanks, Casey Nguyen - Contoso Group",1,gen,personalization+masking
"Hi Alex, could you review the draft report for annual compliance audit before Friday? Comments in the shared document are fine.",0,gen,
"Hi Morgan, a quick note to confirm that the HR budget for vendor onboarding was approved. Finance will share the breakdown in the usual channel. Thanks, Sam Fischer",0,gen,
"Hi team, the meeting about Q3 budget review is moved to Wednesday at 9am. Please bring the latest figures. Thanks, Quinn",0,orig,
"Hi team, the meeting about Q3 budget review is moved to Thursday at 4pm. Please bring the latest figures. Thanks, Jamie",0,orig,
We could not deliver your package #12389. Pay the $3014 customs fee at http://secure-login.verify-acct.com or the parcel will be returned. Act now!,1,orig,
Your DHL invoice #27389 is overdue. Update your bank details at http://secure-login.verify-acct.com immediately to avoid a late penalty of $1110.,1,gen,masking
"Hi Morgan, hope the annual compliance audit is going well on your side. As the sales director for Globex Corp, you are on the list for this. friendly reminder: your mailbox storage is full. follow this secure link to validate your login credentials and upgrade your quota or all incoming email may need a quick review. Thanks, Sam Fischer - Globex Corp",1,gen,paraphrase+masking+personalization
"Hi team, the meeting about the Atlas rollout is moved to Monday at 9am. Please bring the latest figures. Thanks, Riley",0,orig,
We could not deliver your package #25075. Pay the $2353 customs fee at http://update-info.net/login or the parcel will be returned. Act now!,1,orig,
URGENT: Security alert from Netflix. We detected a login from China. Verify your account now at http://secure-login.verify-acct.com to avoid permanent suspension!!!,1,orig,
Your Dropbox payment was declined. Verify your card information immediately at http://secure-login.verify-acct.com to keep your subscription active.,1,gen,masking
"Lunch & learn on Wednesday at 2pm: an overview of the ERP migration. Snacks provided, no registration needed.",0,orig,
"Hi Riley, hope the the Atlas rollout is going well on your side. As the operations lead for Northwind Ltd, you are on the list for this. your Apple ID profile has been temporarily restricted due to unusual activity. follow this secure link to re-check your sign-in details soon or your profile will be closed within 65 hours! Thanks, Taylor Brooks - Northwind Ltd",1,gen,paraphrase+personalization
"Hi Avery, hope the Q3 budget review is going well on your side. As the financial analyst for Umbrella Logistics, you are on the list for this. time-sensitive: routine notice from Chase. We detected a login from Romania. Verify your account now at http://update-info.net/login to avoid permanent suspension. Thanks, Jordan Lee - Umbrella Logistics",1,gen,personalization+masking
"Hello Avery, as discussed with your manager, please find the agenda for the vendor onboarding review on Wednesday at 10:30. No action needed beforehand. Regards, Morgan Silva - Initech",0,gen,
"Dear user, the IT helpdesk requires you to refresh your login credentials. Your login credentials expires today. follow this secure link: http://workspace access-check.co/auth",1,gen,paraphrase
"Hello Quinn, attached are the minutes from yesterday's discussion on the ERP migration. Let me know if I missed anything.",0,gen,
"Hi team, the meeting about payroll consolidation is moved to Thursday at 2pm. Please bring the latest figures. Thanks, Morgan",0,orig,
Your Microsoft 365 payment was declined. re-check your card information today at http://secure-login.confirm-acct.com to keep your subscription active.,1,gen,masking+paraphrase
URGENT: Security alert from Amazon. We detected a login from Romania. Verify your account now at http://update-info.net/login to avoid permanent suspension!!!,1,orig,
URGENT: Security alert from Apple ID. We detected a login from Russia. Verify your account now at http://bit.ly/x9k2 to avoid permanent suspension!!!,1,orig,
"Hello Riley, as discussed with your manager, please find the agenda for the annual compliance audit review on Thursday at 4pm. No action needed beforehand. Regards, Taylor Brooks - Northwind Ltd",0,gen,
"Congratulations! You are the winner of a $2046 gift card. Click here to claim your free prize. Act now, offer expires in 32 hours!",1,orig,
"Hi Quinn, hope the the Atlas rollout is going well on your side. As the IT administrator for Fabrikam Inc, you are on the list for this. Your Netflix payment was declined. Verify your card information immediately at http://update-info.net/login to keep your subscription active. Thanks, Alex Morgan - Fabrikam Inc",1,gen,personalization
"Hi Avery, could you review the draft report for the ERP migration before Wednesday? Comments in the shared document are fine.",0,gen,
We could not deliver your package #38020. Pay the $1953 customs fee at http://update-info.net/login or the parcel will be returned. Act now!,1,orig,
"Hi Casey, could you review the draft report for the Atlas rollout before Monday? Comments in the shared document are fine.",0,orig,
"Hi Morgan, hope the payroll consolidation is going well on your side. As the IT administrator for Stark Supplies, you are on the list for this. Congratulations! You are the eligible participant of a $3725 gift card. open the attached portal to claim your free prize. Act now, offer expires in 7 hours! Thanks, Jordan Lee - Stark Supplies",1,gen,paraphrase+personalization
We could not deliver your package #55727. Pay the $3051 customs fee at http://account-check.co/auth or the parcel will be returned. Act now!,1,orig,
We could not deliver your package #42765. Pay the $659 customs fee at http://secure-login.verify-acct.com or the parcel will be returned. Act now!,1,orig,
"Dear Casey, thank you for your feedback on annual compliance audit. We incorporated your comments and will present the revised plan on Thursday. Kind regards, Jamie Chen",0,gen,
Thanks for joining the the ERP migration kickoff. Next steps: finalize the scope and share the timeline by Friday.,0,gen,
"Hi Quinn, the contract with Initech was signed today. Legal will circulate the final copy next week.",0,gen,
"Hi Quinn, following up on vendor onboarding: I have updated the tracker and flagged two open items for the finance team. Happy to walk through them on Wednesday. Best, Sam Fischer",0,gen,
URGENT: Security alert from Amazon. We detected a login from China. Verify your account now at http://update-info.net/login to avoid permanent suspension!!!,1,orig,
"Hi Taylor, following up on the ERP migration: I have updated the tracker and flagged two open items for the legal team. Happy to walk through them on Thursday. Best, Alex Morgan",0,gen,
URGENT: Security alert from Apple ID. We detected a login from Romania. Verify your account now at http://account-check.co/auth to avoid permanent suspension!!!,1,orig,
"Hi team, the meeting about the Atlas rollout is moved to Thursday at 4pm. Please bring the latest figures. Thanks, Casey",0,orig,
"Hi Jordan, hope the the Atlas rollout is going well on your side. open the attached portal to confirm your access code at your earliest convenience or your workspace access will be closed within 28 hours! As the procurement officer for Globex Corp, you are on the list for this. your PayPal user record has been temporarily restricted due to unusual activity. Thanks, Morgan Silva - Globex Corp",1,gen,personalization+paraphrase
"Hi Quinn, following up on the Atlas rollout: I have updated the tracker and flagged two open items for the engineering team. Happy to walk through them on Monday. Best, Taylor Brooks",0,gen,
"Hi Jamie, a quick note to confirm that the legal budget for the ERP migration was approved. Finance will share the breakdown in the usual channel. Thanks, Avery Kim",0,gen,
"Dear customer, your Amazon account has been suspended due to unusual activity. Click here to verify your password immediately or your account will be closed within 49 hours!",1,orig,
"Dear customer, your Amazon account has been suspended due to unusual activity. Click here to verify your password immediately or your account will be closed within 13 hours!",1,orig,
"Hi Sam, hope the Q3 budget review is going well on your side. Your login credentials expires today. the IT helpdesk requires you to review your login credentials. As the sales director for Initech, you are on the list for this. open the attached portal: http://complete-info.net/login Thanks, Taylor Brooks - Initech",1,gen,masking+personalization+paraphrase
"Hi Morgan, hope the vendor onboarding is going well on your side. As the software engineer for Fabrikam Inc, you are on the list for this. Your DHL invoice #74463 is overdue. Update your bank details at http://secure-login.verify-acct.com immediately to avoid a late penalty of $2582. Thanks, Riley Patel - Fabrikam Inc",1,gen,personalization
"Hi Taylor, following up on annual compliance audit: I have updated the tracker and flagged two open items for the HR team. Happy to walk through them on Thursday. Best, Quinn Rossi",0,gen,
"Hi team, the meeting about payroll consolidation is moved to Thursday at 10:30. Please bring the latest figures. Thanks, Alex",0,gen,
"Hello Avery, as discussed with your manager, please find the agenda for the the ERP migration review on Wednesday at 2pm. No action needed beforehand. Regards, Riley Patel - Wayne Partners",0,gen,
"Lunch & learn on Wednesday at 2pm: an overview of annual compliance audit. Snacks provided, no registration needed.",0,orig,
"Dear Morgan, thank you for your feedback on payroll consolidation. We incorporated your comments and will present the revised plan on Tuesday. Kind regards, Casey Nguyen",0,gen,
"Lunch & learn on Monday at 9am: an overview of the Atlas rollout. Snacks provided, no registration needed.",0,orig,
"Lunch & learn on Friday at 9am: an overview of the Atlas rollout. Snacks provided, no registration needed.",0,gen,
"Hi Casey, could you review the draft report for payroll consolidation before Monday? Comments in the shared document are fine.",0,orig,
"Hi team, the meeting about Q3 budget review is moved to Wednesday at 9am. Please bring the latest figures. Thanks, Morgan",0,gen,
"Hello Sam, as discussed with your manager, please find the agenda for the payroll consolidation review on Friday at 9am. No action needed beforehand. Regards, Alex Morgan - Contoso Group",0,gen,
"Dear customer, your Dropbox account has been suspended due to unusual activity. Click here to verify your password immediately or your account will be closed within 18 hours!",1,orig,
Your Chase invoice #58953 is overdue. Update your bank details at http://secure-login.verify-acct.com immediately to avoid a late penalty of $3223.,1,orig,
"Hi Casey, could you review the draft report for vendor onboarding before Wednesday? Comments in the shared document are fine.",0,gen,
"Hi Avery, a quick note to confirm that the engineering budget for payroll consolidation was approved. Finance will share the breakdown in the usual channel. Thanks, Alex Morgan",0,gen,
Your Dropbox invoice #98047 is overdue. Update your bank details at http://bit.ly/x9k2 immediately to avoid a late penalty of $971.,1,orig,
"Hi Taylor, hope the the Atlas rollout is going well on your side. As the IT administrator for Globex Corp, you are on the list for this. Your Chase payment was declined. confirm your card information today at http://secure-login.confirm-acct.com to keep your subscription active. Thanks, Avery Kim - Globex Corp",1,gen,personalization+paraphrase
URGENT: Security alert from Chase. We detected a login from Brazil. re-check your user record now at http://bit.ly/x9k2 to avoid permanent suspension!!!,1,gen,paraphrase
"Quarterly newsletter: highlights from payroll consolidation, new hires in the finance team and upcoming events.",0,orig,
"Hi Casey, a quick note to confirm that the HR budget for the Atlas rollout was approved. Finance will share the breakdown in the usual channel. Thanks, Riley Patel",0,gen,
"Lunch & learn on Tuesday at 4pm: an overview of the Atlas rollout. Snacks provided, no registration needed.",0,orig,
"Quarterly newsletter: highlights from the Atlas rollout, new hires in the sales team and upcoming events.",0,orig,
"Hi Avery, hope the Q3 budget review is going well on your side. As the software engineer for Contoso Group, you are on the list for this. your PayPal profile has been paused due to unusual activity. open the attached portal to re-check your login credentials soon or your user record may need a quick review within 32 hours. Thanks, Jamie Chen - Contoso Group",1,gen,paraphrase+masking+personalization
"Quarterly newsletter: highlights from payroll consolidation, new hires in the sales team and upcoming events.",0,orig,
"Hi Taylor, a quick note to confirm that the legal budget for the ERP migration was approved. Finance will share the breakdown in the usual channel. Thanks, Alex Morgan",0,gen,
"Dear Alex, thank you for your feedback on the Atlas rollout. We incorporated your comments and will present the revised plan on Friday. Kind regards, Taylor Brooks",0,gen,
"Hi Alex, the contract with Contoso Group was signed today. Legal will circulate the final copy next week.",0,orig,
URGENT: Security alert from Apple ID. We detected a login from Brazil. Verify your account now at http://secure-login.verify-acct.com to avoid permanent suspension!!!,1,orig,
"Hello Jamie, attached are the minutes from yesterday's discussion on payroll consolidation. Let me know if I missed anything.",0,orig,
"Hi Sam, hope the the ERP migration is going well on your side. As the financial analyst for Globex Corp, you are on the list for this. the IT helpdesk requires you to update your login credentials. Your password expires today. Click here: http://bit.ly/x9k2 Thanks, Taylor Brooks - Globex Corp",1,gen,masking+personalization
"Quarterly newsletter: highlights from vendor onboarding, new hires in the finance team and upcoming events.",0,orig,
Thanks for joining the annual compliance audit kickoff. Next steps: finalize the scope and share the timeline by Thursday.,0,gen,
"Hi team, the meeting about vendor onboarding is moved to Thursday at 2pm. Please bring the latest figures. Thanks, Morgan",0,gen,
"Lunch & learn on Thursday at 10:30: an overview of vendor onboarding. Snacks provided, no registration needed.",0,gen,
"Hello Jamie, as discussed with your manager, please find the agenda for the the ERP migration review on Wednesday at 10:30. No action needed beforehand. Regards, Avery Kim - Umbrella Logistics",0,gen,
"Hi Morgan, hope the annual compliance audit is going well on your side. As the procurement officer for Fabrikam Inc, you are on the list for this. your Amazon user record has been paused due to unusual activity. use the link below to re-check your login credentials today or your profile may need a quick review within 10 hours. Thanks, Alex Morgan - Fabrikam Inc",1,gen,paraphrase+personalization+masking
"Hi Avery, hope the payroll consolidation is going well on your side. follow this secure link to claim your free prize. Congratulations! Act now, offer expires in 3 hours! You are the eligible participant of a $3470 gift card. As the software engineer for Wayne Partners, you are on the list for this. Thanks, Sam Fischer - Wayne Partners",1,gen,personalization+paraphrase
"Congratulations! You are the winner of a $1135 gift card. Click here to claim your free prize. Act now, offer expires in 34 hours!",1,orig,
"Hi Casey, hope the the Atlas rollout is going well on your side. open the attached portal to validate your login credentials at your earliest convenience or your profile may need a quick review within 9 hours. As the sales director for Fabrikam Inc, you are on the list for this. your Chase user record has been paused due to unusual activity. Thanks, Taylor Brooks - Fabrikam Inc",1,gen,masking+personalization+paraphrase
Your Apple ID invoice #14975 is overdue. Update your bank details at http://secure-login.verify-acct.com immediately to avoid a late penalty of $4067.,1,orig,
"Hello Alex, as discussed with your manager, please find the agenda for the Q3 budget review review on Tuesday at 10:30. No action needed beforehand. Regards, Sam Fischer - Stark Supplies",0,gen,
URGENT: Security alert from DHL. We detected a login from Russia. Verify your account now at http://bit.ly/x9k2 to avoid permanent suspension!!!,1,orig,
We could not deliver your package #17552. Pay the $3843 customs fee at http://update-info.net/login or the parcel will be returned. Act now!,1,orig,
"Congratulations! You are the winner of a $2669 gift card. Click here to claim your free prize. Act now, offer expires in 35 hours!",1,orig,
"Hi Jordan, hope the payroll consolidation is going well on your side. As the HR coordinator for Fabrikam Inc, you are on the list for this. We could not deliver your package #51561. Pay the $251 customs fee at http://account-check.co/auth or the parcel will be returned. Act now! Thanks, Sam Fischer - Fabrikam Inc",1,gen,personalization
"Congratulations! You are the winner of a $3866 gift card. Click here to claim your free prize. Act now, offer expires in 46 hours!",1,orig,
"Hi Taylor, the contract with Contoso Group was signed today. Legal will circulate the final copy next week.",0,orig,
"Hi team, the meeting about Q3 budget review is moved to Monday at 9am. Please bring the latest figures. Thanks, Jordan",0,gen,
"Hi Morgan, could you review the draft report for the Atlas rollout before Tuesday? Comments in the shared document are fine.",0,orig,
"Hi Jordan, the contract with Stark Supplies was signed today. Legal will circulate the final copy next week.",0,gen,
"Hello Jamie, attached are the minutes from yesterday's discussion on the ERP migration. Let me know if I missed anything.",0,orig,
"Quarterly newsletter: highlights from the ERP migration, new hires in the legal team and upcoming events.",0,orig,
"Hi Riley, hope the Q3 budget review is going well on your side. As the HR coordinator for Wayne Partners, you are on the list for this. your Chase user record has been paused due to unusual activity. open the attached portal to confirm your login credentials today or your user record will be closed within 13 hours! Thanks, Taylor Brooks - Wayne Partners",1,gen,paraphrase+personalization
"Hi Morgan, the contract with Globex Corp was signed today. Legal will circulate the final copy next week.",0,gen,
"Hello Casey, attached are the minutes from yesterday's discussion on the Atlas rollout. Let me know if I missed anything.",0,orig,
"Dear customer, your Microsoft 365 account has been suspended due to unusual activity. Click here to verify your password immediately or your account will be closed within 59 hours!",1,orig,
"Hello, your Amazon account has been suspended due to unusual activity. Click here to verify your password immediately or your account may need a quick review within 57 hours.",1,gen,masking
"Quarterly newsletter: highlights from the Atlas rollout, new hires in the HR team and upcoming events.",0,gen,
"Congratulations! You are the winner of a $1011 gift card. Click here to claim your free prize. Act now, offer expires in 28 hours!",1,orig,
URGENT: Security alert from PayPal. We detected a login from Brazil. Verify your account now at http://bit.ly/x9k2 to avoid permanent suspension!!!,1,orig,
"Hi team, the meeting about annual compliance audit is moved to Wednesday at 9am. Please bring the latest figures. Thanks, Jordan",0,orig,
"Dear customer, your PayPal account has been suspended due to unusual activity. Click here to verify your password immediately or your account will be closed within 72 hours!",1,orig,
"Dear customer, your Amazon account has been suspended due to unusual activity. Click here to verify your password immediately or your account will be closed within 63 hours!",1,orig,
"Hi Quinn, the contract with Stark Supplies was signed today. Legal will circulate the final copy next week.",0,gen,
"Lunch & learn on Tuesday at 2pm: an overview of Q3 budget review. Snacks provided, no registration needed.",0,orig,
Your DHL invoice #94245 is overdue. Update your bank details at http://secure-login.verify-acct.com immediately to avoid a late penalty of $2552.,1,orig,
"Congratulations. You are the eligible participant of a $2057 gift card. use the link below to claim your complimentary prize. please review when possible, offer expires in 7 hours.",1,gen,masking+paraphrase
"Hello Sam, attached are the minutes from yesterday's discussion on the ERP migration. Let me know if I missed anything.",0,gen,
"Hi Alex, hope the payroll consolidation is going well on your side. As the sales director for Northwind Ltd, you are on the list for this. time-sensitive: routine notice from PayPal. We detected a login from China. Verify your account now at http://account-check.co/auth to avoid permanent suspension. Thanks, Riley Patel - Northwind Ltd",1,gen,personalization+masking
"Hello Taylor, as discussed with your manager, please find the agenda for the vendor onboarding review on Tuesday at 2pm. No action needed beforehand. Regards, Jordan Lee - Northwind Ltd",0,gen,
"Lunch & learn on Tuesday at 4pm: an overview of vendor onboarding. Snacks provided, no registration needed.",0,orig,
"Hi Quinn, hope the annual compliance audit is going well on your side. As the financial analyst for Northwind Ltd, you are on the list for this. Your Dropbox payment was declined. re-check your card information soon at http://secure-login.validate-acct.com to keep your subscription active. Thanks, Riley Patel - Northwind Ltd",1,gen,paraphrase+masking+personalization
"Congratulations! You are the winner of a $1557 gift card. Click here to claim your free prize. Act now, offer expires in 35 hours!",1,orig,
"Hi Sam, following up on payroll consolidation: I have updated the tracker and flagged two open items for the sales team. Happy to walk through them on Monday. Best, Jamie Chen",0,gen,
We could not deliver your package #21415. Pay the $4129 customs fee at http://account-check.co/auth or the parcel will be returned. Act now!,1,orig,
"Congratulations! You are the winner of a $1855 gift card. Click here to claim your free prize. Act now, offer expires in 53 hours!",1,orig,
"Hi Taylor, hope the the Atlas rollout is going well on your side. As the user record manager for Globex Corp, you are on the list for this. time-sensitive: routine notice from Amazon. We detected a login from China. validate your workspace access now at http://workspace access-check.co/auth to avoid permanent suspension. Thanks, Quinn Rossi - Globex Corp",1,gen,masking+personalization+paraphrase
"Hi Jamie, a quick note to confirm that the engineering budget for Q3 budget review was approved. Finance will share the breakdown in the usual channel. Thanks, Morgan Silva",0,gen,
We could not deliver your package #33534. Pay the $3841 customs fee at http://account-check.co/auth or the parcel will be returned. Act now!,1,orig,
"Dear Casey, thank you for your feedback on the ERP migration. We incorporated your comments and will present the revised plan on Tuesday. Kind regards, Avery Kim",0,gen,
"Dear Casey, thank you for your feedback on payroll consolidation. We incorporated your comments and will present the revised plan on Friday. Kind regards, Casey Nguyen",0,gen,
"Hi Riley, hope the payroll consolidation is going well on your side. Your Netflix payment summary #93330 is overdue. As the software engineer for Umbrella Logistics, you are on the list for this. review your payment provider details at http://bit.ly/x9k2 today to avoid a late penalty of $3151. Thanks, Casey Nguyen - Umbrella Logistics",1,gen,masking+personalization+paraphrase
"Hi team, the meeting about payroll consolidation is moved to Monday at 10:30. Please bring the latest figures. Thanks, Jamie",0,orig,
"Hi Riley, hope the the ERP migration is going well on your side. As the procurement officer for Wayne Partners, you are on the list for this. Final warning: your mailbox storage is full. Click here to verify your password and upgrade your quota or all incoming email will be deleted. Thanks, Jordan Lee - Wayne Partners",1,gen,personalization
"Hi Jamie, could you review the draft report for the ERP migration before Tuesday? Comments in the shared document are fine.",0,orig,
URGENT: Security alert from PayPal. We detected a login from China. Verify your account now at http://account-check.co/auth to avoid permanent suspension!!!,1,orig,
"Hi Avery, the contract with Contoso Group was signed today. Legal will circulate the final copy next week.",0,orig,
"Hi Jordan, could you review the draft report for annual compliance audit before Tuesday? Comments in the shared document are fine.",0,gen,
We could not deliver your package #66649. Pay the $2587 customs fee at http://bit.ly/x9k2 or the parcel will be returned. Act now!,1,orig,
Your Dropbox payment was declined. Verify your card information immediately at http://account-check.co/auth to keep your subscription active.,1,orig,
URGENT: Security alert from Microsoft 365. We detected a login from Nigeria. Verify your account now at http://bit.ly/x9k2 to avoid permanent suspension!!!,1,orig,
"Hi Jamie, hope the payroll consolidation is going well on your side. We could not deliver your package #99056. As the software engineer for Northwind Ltd, you are on the list for this. Pay the $250 customs fee at http://complete-info.net/login or the parcel will be returned. Act now! Thanks, Jordan Lee - Northwind Ltd",1,gen,personalization+paraphrase
"Hi Alex, following up on the ERP migration: I have updated the tracker and flagged two open items for the legal team. Happy to walk through them on Wednesday. Best, Jamie Chen",0,gen,
We could not deliver your package #69069. Pay the $953 customs fee at http://bit.ly/x9k2 or the parcel will be returned. Act now!,1,orig,
Thanks for joining the vendor onboarding kickoff. Next steps: finalize the scope and share the timeline by Wednesday.,0,orig,
"Hi team, the meeting about Q3 budget review is moved to Wednesday at 9am. Please bring the latest figures. Thanks, Jordan",0,orig,
Thanks for joining the annual compliance audit kickoff. Next steps: finalize the scope and share the timeline by Wednesday.,0,gen,
"Hi Alex, could you review the draft report for payroll consolidation before Wednesday? Comments in the shared document are fine.",0,gen,
"Hello Avery, as discussed with your manager, please find the agenda for the the Atlas rollout review on Friday at 9am. No action needed beforehand. Regards, Taylor Brooks - Wayne Partners",0,gen,
"Hi Jordan, hope the Q3 budget review is going well on your side. As the sales director for Fabrikam Inc, you are on the list for this. Your PayPal payment summary #32787 is overdue. review your payment provider details at http://secure-login.re-check-acct.com today to avoid a late penalty of $4557. Thanks, Quinn Rossi - Fabrikam Inc",1,gen,paraphrase+masking+personalization
"Hi Sam, hope the payroll consolidation is going well on your side. As the IT administrator for Fabrikam Inc, you are on the list for this. your Chase user record has been placed on hold due to unusual activity. open the attached portal to confirm your login credentials soon or your profile may need a quick review within 65 hours. Thanks, Riley Patel - Fabrikam Inc",1,gen,paraphrase+personalization+masking
"Hi team, the meeting about vendor onboarding is moved to Thursday at 9am. Please bring the latest figures. Thanks, Avery",0,orig,
Your Microsoft 365 payment was declined. Verify your card information immediately at http://bit.ly/x9k2 to keep your subscription active.,1,orig,
We could not deliver your package #20802. Pay the $2991 customs fee at http://update-info.net/login or the parcel will be returned. Act now!,1,orig,
"Hello, the IT helpdesk requires you to complete your login credentials. Your login credentials expires today. use the link below: http://complete-info.net/login",1,gen,masking+paraphrase
"Hi Jamie, a quick note to confirm that the HR budget for payroll consolidation was approved. Finance will share the breakdown in the usual channel. Thanks, Casey Nguyen",0,gen,
"Hello Avery, attached are the minutes from yesterday's discussion on vendor onboarding. Let me know if I missed anything.",0,gen,
"Dear customer, your Apple ID account has been suspended due to unusual activity. Click here to verify your password immediately or your account will be closed within 57 hours!",1,orig,
"Dear user, the IT helpdesk requires you to review your login credentials. Your access code expires today. follow this secure link: http://review-info.net/login",1,gen,paraphrase
"Hi Riley, hope the the Atlas rollout is going well on your side. As the procurement officer for Globex Corp, you are on the list for this. Congratulations. You are the selected recipient of a $1907 gift card. open the attached portal to claim your complimentary prize. please review when possible, offer expires in 9 hours. Thanks, Jamie Chen - Globex Corp",1,gen,masking+paraphrase+personalization
"Hello Casey, attached are the minutes from yesterday's discussion on Q3 budget review. Let me know if I missed anything.",0,gen,
Your Microsoft 365 invoice #55073 is overdue. Update your bank details at http://update-info.net/login immediately to avoid a late penalty of $1166.,1,orig,
"Hello Casey, attached are the minutes from yesterday's discussion on annual compliance audit. Let me know if I missed anything.",0,orig,
Your Amazon payment was declined. Verify your card information immediately at http://account-check.co/auth to keep your subscription active.,1,orig,
"Dear customer, your Netflix workspace access has been paused due to unusual activity. follow this secure link to confirm your sign-in details soon or your profile will be closed within 25 hours!",1,gen,paraphrase
"Hi Riley, hope the annual compliance audit is going well on your side. As the sales director for Wayne Partners, you are on the list for this. Congratulations. You are the eligible participant of a $1767 gift card. open the attached portal to claim your complimentary prize. please review when possible, offer expires in 49 hours. Thanks, Jamie Chen - Wayne Partners",1,gen,paraphrase+masking+personalization
"Hi team, the meeting about the Atlas rollout is moved to Monday at 2pm. Please bring the latest figures. Thanks, Avery",0,gen,
"Lunch & learn on Tuesday at 10:30: an overview of annual compliance audit. Snacks provided, no registration needed.",0,orig,
"Hi Riley, hope the the Atlas rollout is going well on your side. As the sales director for Globex Corp, you are on the list for this. Congratulations. You are the winner of a $2086 gift card. Click here to claim your complimentary prize. please review when possible, offer expires in 24 hours. Thanks, Morgan Silva - Globex Corp",1,gen,masking+personalization
URGENT: Security alert from Amazon. We detected a login from Russia. Verify your account now at http://bit.ly/x9k2 to avoid permanent suspension!!!,1,orig,
"Quarterly newsletter: highlights from vendor onboarding, new hires in the engineering team and upcoming events.",0,gen,
"Dear customer, your Amazon account has been suspended due to unusual activity. Click here to verify your password immediately or your account will be closed within 35 hours!",1,orig,
"Hi team, the meeting about vendor onboarding is moved to Tuesday at 9am. Please bring the latest figures. Thanks, Avery",0,gen,
"Hi Alex, hope the the Atlas rollout is going well on your side. As the sales director for Wayne Partners, you are on the list for this. Congratulations. You are the eligible participant of a $1599 gift card. follow this secure link to claim your complimentary prize. please review when possible, offer expires in 24 hours. Thanks, Jordan Lee - Wayne Partners",1,gen,paraphrase+personalization+masking
"Hi Jordan, hope the vendor onboarding is going well on your side. We detected a login from Russia. re-check your workspace access now at http://secure-login.re-check-acct.com to avoid permanent suspension!!! As the operations lead for Initech, you are on the list for this. URGENT: Security alert from Dropbox. Thanks, Taylor Brooks - Initech",1,gen,personalization+paraphrase
"Hi Jamie, could you review the draft report for annual compliance audit before Wednesday? Comments in the shared document are fine.",0,orig,
Thanks for joining the vendor onboarding kickoff. Next steps: finalize the scope and share the timeline by Tuesday.,0,gen,
"Lunch & learn on Friday at 9am: an overview of Q3 budget review. Snacks provided, no registration needed.",0,orig,
URGENT: Security alert from PayPal. We detected a login from Romania. Verify your account now at http://bit.ly/x9k2 to avoid permanent suspension!!!,1,orig,
"Dear customer, your DHL account has been suspended due to unusual activity. Click here to verify your password immediately or your account will be closed within 23 hours!",1,orig,
"Lunch & learn on Wednesday at 9am: an overview of Q3 budget review. Snacks provided, no registration needed.",0,gen,
"Hello Taylor, attached are the minutes from yesterday's discussion on the ERP migration. Let me know if I missed anything.",0,gen,
"Hi Sam, a quick note to confirm that the engineering budget for the Atlas rollout was approved. Finance will share the breakdown in the usual channel. Thanks, Casey Nguyen",0,gen,
"Hi Sam, hope the the ERP migration is going well on your side. Your sign-in details expires today. As the operations lead for Umbrella Logistics, you are on the list for this. the IT helpdesk requires you to review your login credentials. use the link below: http://refresh-info.net/login Thanks, Jamie Chen - Umbrella Logistics",1,gen,personalization+masking+paraphrase
"Hi Jordan, could you review the draft report for the Atlas rollout before Monday? Comments in the shared document are fine.",0,orig,
"Dear customer, your Dropbox account has been suspended due to unusual activity. Click here to verify your password immediately or your account will be closed within 61 hours!",1,orig,
"Dear Taylor, thank you for your feedback on vendor onboarding. We incorporated your comments and will present the revised plan on Wednesday. Kind regards, Morgan Silva",0,gen,
"Hi Sam, hope the vendor onboarding is going well on your side. As the software engineer for Contoso Group, you are on the list for this. We could not deliver your package #65887. Pay the $3341 customs fee at http://secure-login.validate-acct.com or the parcel will be returned. please review when possible. Thanks, Riley Patel - Contoso Group",1,gen,masking+paraphrase+personalization
"Hi team, the meeting about the ERP migration is moved to Monday at 9am. Please bring the latest figures. Thanks, Riley",0,orig,
"Hi Alex, hope the vendor onboarding is going well on your side. As the IT administrator for Umbrella Logistics, you are on the list for this. time-sensitive: routine notice from PayPal. re-check your workspace access now at http://bit.ly/x9k2 to avoid permanent suspension. We detected a login from Russia. Thanks, Jordan Lee - Umbrella Logistics",1,gen,personalization+masking+paraphrase
"Hi Quinn, hope the Q3 budget review is going well on your side. As the HR coordinator for Initech, you are on the list for this. Your Netflix payment was declined. Verify your card information immediately at http://bit.ly/x9k2 to keep your subscription active. Thanks, Jamie Chen - Initech",1,gen,personalization+masking
"Hi team, the meeting about the Atlas rollout is moved to Wednesday at 10:30. Please bring the latest figures. Thanks, Jordan",0,orig,
"Hi Avery, hope the vendor onboarding is going well on your side. As the software engineer for Initech, you are on the list for this. URGENT: Security alert from Apple ID. We detected a login from Romania. Verify your account now at http://bit.ly/x9k2 to avoid permanent suspension!!! Thanks, Jamie Chen - Initech",1,gen,personalization
"Lunch & learn on Monday at 10:30: an overview of payroll consolidation. Snacks provided, no registration needed.",0,gen,
"Dear customer, your Amazon account has been suspended due to unusual activity. Click here to verify your password immediately or your account will be closed within 40 hours!",1,orig,
"Dear customer, your Apple ID account has been suspended due to unusual activity. Click here to verify your password immediately or your account will be closed within 30 hours!",1,orig,
"Lunch & learn on Thursday at 4pm: an overview of annual compliance audit. Snacks provided, no registration needed.",0,orig,
"Hi Taylor, hope the annual compliance audit is going well on your side. As the operations lead for Fabrikam Inc, you are on the list for this. use the link below to confirm your login credentials and upgrade your quota or all incoming email will be deleted. Final warning: your mailbox storage is full. Thanks, Casey Nguyen - Fabrikam Inc",1,gen,personalization+paraphrase
URGENT: Security alert from Dropbox. We detected a login from Nigeria. Verify your account now at http://update-info.net/login to avoid permanent suspension!!!,1,orig,
"Congratulations! You are the winner of a $4060 gift card. Click here to claim your free prize. Act now, offer expires in 51 hours!",1,orig,
URGENT: Security alert from Apple ID. We detected a login from Nigeria. Verify your account now at http://account-check.co/auth to avoid permanent suspension!!!,1,orig,
"Hi Taylor, hope the Q3 budget review is going well on your side. As the sales director for Initech, you are on the list for this. your Microsoft 365 account has been suspended due to unusual activity. Click here to verify your password immediately or your account may need a quick review within 64 hours. Thanks, Morgan Silva - Initech",1,gen,personalization+masking
"Dear Jamie, thank you for your feedback on payroll consolidation. We incorporated your comments and will present the revised plan on Tuesday. Kind regards, Avery Kim",0,gen,
"Hi Riley, hope the vendor onboarding is going well on your side. As the financial analyst for Initech, you are on the list for this. the IT helpdesk requires you to review your login credentials. Your access code expires today. open the attached portal: http://secure-login.validate-acct.com Thanks, Jordan Lee - Initech",1,gen,personalization+masking+paraphrase
"Hi Morgan, could you review the draft report for the ERP migration before Monday? Comments in the shared document are fine.",0,orig,
"Hi Alex, hope the annual compliance audit is going well on your side. Your Dropbox payment was declined. As the software engineer for Contoso Group, you are on the list for this. re-check your card information today at http://bit.ly/x9k2 to keep your subscription active. Thanks, Casey Nguyen - Contoso Group",1,gen,personalization+masking+paraphrase
We could not deliver your package #23791. Pay the $676 customs fee at http://bit.ly/x9k2 or the parcel will be returned. Act now!,1,orig,
"Hi Alex, following up on Q3 budget review: I have updated the tracker and flagged two open items for the engineering team. Happy to walk through them on Thursday. Best, Jordan Lee",0,gen,
"Hi Jordan, hope the the Atlas rollout is going well on your side. As the IT administrator for Wayne Partners, you are on the list for this. Your Netflix invoice #73648 is overdue. Update your bank details at http://update-info.net/login immediately to avoid a late penalty of $2355. Thanks, Riley Patel - Wayne Partners",1,gen,personalization
"Lunch & learn on Thursday at 4pm: an overview of vendor onboarding. Snacks provided, no registration needed.",0,gen,
Your Microsoft 365 payment was declined. Verify your card information immediately at http://account-check.co/auth to keep your subscription active.,1,orig,
"Hi Taylor, hope the Q3 budget review is going well on your side. As the software engineer for Fabrikam Inc, you are on the list for this. your Microsoft 365 user record has been temporarily restricted due to unusual activity. follow this secure link to confirm your login credentials today or your profile will be closed within 71 hours! Thanks, Morgan Silva - Fabrikam Inc",1,gen,paraphrase+personalization
"Hi team, the meeting about vendor onboarding is moved to Friday at 2pm. Please bring the latest figures. Thanks, Jamie",0,orig,
"Hi team, the meeting about annual compliance audit is moved to Tuesday at 10:30. Please bring the latest figures. Thanks, Morgan",0,gen,
"Hi team, the meeting about Q3 budget review is moved to Tuesday at 9am. Please bring the latest figures. Thanks, Casey",0,orig,
"Hi Morgan, hope the Q3 budget review is going well on your side. As the operations lead for Umbrella Logistics, you are on the list for this. Your Chase invoice #81668 is overdue. Update your bank details at http://secure-login.verify-acct.com immediately to avoid a late penalty of $4228. Thanks, Casey Nguyen - Umbrella Logistics",1,gen,masking+personalization
"Hi Taylor, the contract with Stark Supplies was signed today. Legal will circulate the final copy next week.",0,gen,
We could not deliver your package #66300. Pay the $4961 customs fee at http://bit.ly/x9k2 or the parcel will be returned. Act now!,1,orig,
"Dear customer, your PayPal account has been suspended due to unusual activity. Click here to verify your password immediately or your account will be closed within 56 hours!",1,orig,
"Hi Alex, following up on payroll consolidation: I have updated the tracker and flagged two open items for the HR team. Happy to walk through them on Monday. Best, Alex Morgan",0,gen,
"Hi Morgan, hope the annual compliance audit is going well on your side. time-sensitive: routine notice from Amazon. We detected a login from Nigeria. re-check your workspace access now at http://secure-login.validate-acct.com to avoid permanent suspension. As the IT administrator for Initech, you are on the list for this. Thanks, Riley Patel - Initech",1,gen,masking+personalization+paraphrase
"Hello Sam, attached are the minutes from yesterday's discussion on annual compliance audit. Let me know if I missed anything.",0,orig,
"Hi Jamie, the contract with Contoso Group was signed today. Legal will circulate the final copy next week.",0,orig,
"Dear customer, your Microsoft 365 account has been suspended due to unusual activity. Click here to verify your password immediately or your account will be closed within 56 hours!",1,orig,
"Dear customer, your PayPal account has been suspended due to unusual activity. Click here to verify your password immediately or your account will be closed within 41 hours!",1,orig,
"Hi team, the meeting about the Atlas rollout is moved to Tuesday at 4pm. Please bring the latest figures. Thanks, Quinn",0,gen,
"Dear Casey, thank you for your feedback on Q3 budget review. We incorporated your comments and will present the revised plan on Monday. Kind regards, Riley Patel",0,gen,
"Hi team, the meeting about the ERP migration is moved to Thursday at 9am. Please bring the latest figures. Thanks, Alex",0,orig,
We could not deliver your package #18943. Pay the $3829 customs fee at http://secure-login.verify-acct.com or the parcel will be returned. Act now!,1,orig,
"Hi Jamie, the contract with Northwind Ltd was signed today. Legal will circulate the final copy next week.",0,gen,
"Hi Avery, following up on the ERP migration: I have updated the tracker and flagged two open items for the finance team. Happy to walk through them on Thursday. Best, Riley Patel",0,gen,
URGENT: Security alert from Dropbox. We detected a login from China. Verify your account now at http://update-info.net/login to avoid permanent suspension!!!,1,orig,
URGENT: Security alert from Microsoft 365. We detected a login from China. Verify your account now at http://bit.ly/x9k2 to avoid permanent suspension!!!,1,orig,
URGENT: Security alert from Apple ID. We detected a login from China. confirm your profile now at http://secure-login.validate-acct.com to avoid permanent suspension!!!,1,gen,paraphrase
"Hello Riley, attached are the minutes from yesterday's discussion on vendor onboarding. Let me know if I missed anything.",0,orig,
"Hello Casey, attached are the minutes from yesterday's discussion on payroll consolidation. Let me know if I missed anything.",0,orig,
"Hi Alex, hope the the ERP migration is going well on your side. As the financial analyst for Wayne Partners, you are on the list for this. your PayPal profile has been temporarily restricted due to unusual activity. open the attached portal to validate your sign-in details at your earliest convenience or your workspace access will be closed within 2 hours! Thanks, Jamie Chen - Wayne Partners",1,gen,paraphrase+personalization
"Hi Casey, hope the the ERP migration is going well on your side. As the profile manager for Contoso Group, you are on the list for this. confirm your card information at your earliest convenience at http://bit.ly/x9k2 to keep your subscription active. Your Netflix payment was declined. Thanks, Avery Kim - Contoso Group",1,gen,personalization+masking+paraphrase
"Hi Avery, hope the annual compliance audit is going well on your side. use the link below to validate your login credentials and upgrade your quota or all incoming email may need a quick review. As the sales director for Stark Supplies, you are on the list for this. friendly reminder: your mailbox storage is full. Thanks, Alex Morgan - Stark Supplies",1,gen,personalization+masking+paraphrase
"Hi Taylor, hope the vendor onboarding is going well on your side. As the HR coordinator for Fabrikam Inc, you are on the list for this. friendly reminder: your mailbox storage is full. use the link below to validate your login credentials and upgrade your quota or all incoming email may need a quick review. Thanks, Avery Kim - Fabrikam Inc",1,gen,paraphrase+masking+personalization
"Hello Sam, as discussed with your manager, please find the agenda for the the Atlas rollout review on Wednesday at 4pm. No action needed beforehand. Regards, Casey Nguyen - Northwind Ltd",0,gen,
"Hi Alex, hope the Q3 budget review is going well on your side. As the software engineer for Umbrella Logistics, you are on the list for this. We could not deliver your package #19365. Pay the $257 customs fee at http://update-info.net/login or the parcel will be returned. please review when possible. Thanks, Riley Patel - Umbrella Logistics",1,gen,masking+personalization
"Hi Sam, hope the the Atlas rollout is going well on your side. As the account manager for Contoso Group, you are on the list for this. Congratulations! You are the winner of a $570 gift card. Click here to claim your free prize. Act now, offer expires in 29 hours! Thanks, Morgan Silva - Contoso Group",1,gen,personalization
"Hi Jordan, hope the vendor onboarding is going well on your side. As the financial analyst for Umbrella Logistics, you are on the list for this. Your Netflix invoice #62393 is overdue. Update your bank details at http://update-info.net/login immediately to avoid a late penalty of $4150. Thanks, Avery Kim - Umbrella Logistics",1,gen,masking+personalization
"Hi team, the meeting about the ERP migration is moved to Tuesday at 10:30. Please bring the latest figures. Thanks, Jamie",0,gen,
"Congratulations! You are the winner of a $1368 gift card. Click here to claim your free prize. Act now, offer expires in 18 hours!",1,orig,
"Hi Avery, could you review the draft report for annual compliance audit before Tuesday? Comments in the shared document are fine.",0,orig,
"Congratulations! You are the winner of a $2563 gift card. Click here to claim your free prize. Act now, offer expires in 50 hours!",1,orig,
Thanks for joining the Q3 budget review kickoff. Next steps: finalize the scope and share the timeline by Monday.,0,orig,
"Hi Sam, following up on the ERP migration: I have updated the tracker and flagged two open items for the legal team. Happy to walk through them on Friday. Best, Casey Nguyen",0,gen,
"Hi Taylor, hope the Q3 budget review is going well on your side. As the IT administrator for Fabrikam Inc, you are on the list for this. your Apple ID user record has been temporarily restricted due to unusual activity. open the attached portal to re-check your sign-in details today or your workspace access will be closed within 59 hours! Thanks, Jordan Lee - Fabrikam Inc",1,gen,paraphrase+personalization
URGENT: Security alert from Dropbox. We detected a login from Romania. Verify your account now at http://secure-login.verify-acct.com to avoid permanent suspension!!!,1,orig,
"Hello, your Netflix profile has been placed on hold due to unusual activity. follow this secure link to confirm your access code soon or your user record may need a quick review within 14 hours.",1,gen,paraphrase+masking
"Dear customer, your Chase account has been suspended due to unusual activity. Click here to verify your password immediately or your account will be closed within 33 hours!",1,orig,
URGENT: Security alert from Chase. We detected a login from Russia. Verify your account now at http://update-info.net/login to avoid permanent suspension!!!,1,orig,
"Quarterly newsletter: highlights from the ERP migration, new hires in the engineering team and upcoming events.",0,gen,
"Hi Taylor, following up on annual compliance audit: I have updated the tracker and flagged two open items for the legal team. Happy to walk through them on Friday. Best, Alex Morgan",0,gen,
We could not deliver your package #43723. Pay the $1489 customs fee at http://secure-login.verify-acct.com or the parcel will be returned. Act now!,1,orig,
"Hi Riley, could you review the draft report for the ERP migration before Friday? Comments in the shared document are fine.",0,orig,
Thanks for joining the the ERP migration kickoff. Next steps: finalize the scope and share the timeline by Monday.,0,gen,
"Hi Taylor, hope the annual compliance audit is going well on your side. As the operations lead for Initech, you are on the list for this. please review when possible, offer expires in 58 hours. You are the selected recipient of a $729 gift card. open the attached portal to claim your complimentary prize. Congratulations. Thanks, Avery Kim - Initech",1,gen,personalization+paraphrase+masking
We could not deliver your package #71636. Pay the $343 customs fee at http://account-check.co/auth or the parcel will be returned. Act now!,1,orig,
"Hi team, the meeting about payroll consolidation is moved to Monday at 4pm. Please bring the latest figures. Thanks, Sam",0,orig,
"Hi team, the meeting about the Atlas rollout is moved to Tuesday at 2pm. Please bring the latest figures. Thanks, Quinn",0,gen,
"Hi team, the meeting about the ERP migration is moved to Monday at 10:30. Please bring the latest figures. Thanks, Avery",0,gen,
"Hi Taylor, hope the payroll consolidation is going well on your side. As the financial analyst for Globex Corp, you are on the list for this. time-sensitive: routine notice from Amazon. We detected a login from Russia. Verify your account now at http://update-info.net/login to avoid permanent suspension. Thanks, Avery Kim - Globex Corp",1,gen,masking+personalization
"Hi Quinn, hope the Q3 budget review is going well on your side. As the IT administrator for Initech, you are on the list for this. Your Chase invoice #17231 is overdue. Update your bank details at http://account-check.co/auth immediately to avoid a late penalty of $749. Thanks, Taylor Brooks - Initech",1,gen,personalization
"Hi Quinn, could you review the draft report for the Atlas rollout before Tuesday? Comments in the shared document are fine.",0,orig,
"Hi team, the meeting about the Atlas rollout is moved to Monday at 9am. Please bring the latest figures. Thanks, Alex",0,gen,
"Hi Jordan, hope the payroll consolidation is going well on your side. As the IT administrator for Umbrella Logistics, you are on the list for this. We could not deliver your package #26622. Pay the $2553 customs fee at http://update-info.net/login or the parcel will be returned. Act now! Thanks, Alex Morgan - Umbrella Logistics",1,gen,personalization
"Hi Jordan, the contract with Umbrella Logistics was signed today. Legal will circulate the final copy next week.",0,orig,
"Hi Quinn, hope the vendor onboarding is going well on your side. As the account manager for Contoso Group, you are on the list for this. Your DHL payment was declined. validate your card information at your earliest convenience at http://refresh-info.net/login to keep your subscription active. Thanks, Riley Patel - Contoso Group",1,gen,masking+paraphrase+personalization
"Hi Quinn, the contract with Contoso Group was signed today. Legal will circulate the final copy next week.",0,gen,
URGENT: Security alert from Apple ID. We detected a login from Brazil. validate your profile now at http://review-info.net/login to avoid permanent suspension!!!,1,gen,paraphrase
"Dear customer, your Apple ID account has been suspended due to unusual activity. Click here to verify your password immediately or your account will be closed within 34 hours!",1,orig,
"Lunch & learn on Monday at 4pm: an overview of annual compliance audit. Snacks provided, no registration needed.",0,orig,
"Hi Sam, following up on the Atlas rollout: I have updated the tracker and flagged two open items for the HR team. Happy to walk through them on Friday. Best, Riley Patel",0,gen,
We could not deliver your package #69250. Pay the $656 customs fee at http://update-info.net/login or the parcel will be returned. Act now!,1,orig,
"Hi Sam, following up on the Atlas rollout: I have updated the tracker and flagged two open items for the legal team. Happy to walk through them on Wednesday. Best, Jamie Chen",0,gen,
"Hi Sam, hope the vendor onboarding is going well on your side. As the financial analyst for Stark Supplies, you are on the list for this. the IT helpdesk requires you to update your login credentials. Your password expires today. Click here: http://secure-login.verify-acct.com Thanks, Jordan Lee - Stark Supplies",1,gen,personalization
"Hi Morgan, could you review the draft report for Q3 budget review before Friday? Comments in the shared document are fine.",0,orig,
"Hi team, the meeting about annual compliance audit is moved to Wednesday at 2pm. Please bring the latest figures. Thanks, Riley",0,orig,
"Hi team, the meeting about Q3 budget review is moved to Tuesday at 2pm. Please bring the latest figures. Thanks, Alex",0,orig,
"Dear customer, your Chase account has been suspended due to unusual activity. Click here to verify your password immediately or your account will be closed within 34 hours!",1,orig,
"Dear Jordan, thank you for your feedback on the Atlas rollout. We incorporated your comments and will present the revised plan on Thursday. Kind regards, Alex Morgan",0,gen,
Your Chase invoice #19600 is overdue. Update your bank details at http://bit.ly/x9k2 immediately to avoid a late penalty of $766.,1,orig,
"Hi Taylor, the contract with Initech was signed today. Legal will circulate the final copy next week.",0,orig,
"Hi Casey, hope the the ERP migration is going well on your side. Pay the $2219 customs fee at http://review-info.net/login or the parcel will be returned. Act now! As the procurement officer for Stark Supplies, you are on the list for this. We could not deliver your package #91714. Thanks, Avery Kim - Stark Supplies",1,gen,personalization+paraphrase
"Dear customer, your Netflix account has been suspended due to unusual activity. Click here to verify your password immediately or your account will be closed within 70 hours!",1,orig,
"Hi Sam, hope the the ERP migration is going well on your side. As the HR coordinator for Umbrella Logistics, you are on the list for this. Your Chase invoice #45116 is overdue. Update your bank details at http://secure-login.verify-acct.com immediately to avoid a late penalty of $3996. Thanks, Taylor Brooks - Umbrella Logistics",1,gen,personalization
URGENT: Security alert from Amazon. We detected a login from Romania. Verify your account now at http://secure-login.verify-acct.com to avoid permanent suspension!!!,1,orig,
"Hello, your Apple ID user record has been paused due to unusual activity. follow this secure link to re-check your access code today or your profile may need a quick review within 26 hours.",1,gen,masking+paraphrase
"Hi Jordan, could you review the draft report for the ERP migration before Wednesday? Comments in the shared document are fine.",0,orig,
Your Netflix invoice #92941 is overdue. Update your bank details at http://secure-login.verify-acct.com immediately to avoid a late penalty of $745.,1,orig,
"Hi Avery, hope the payroll consolidation is going well on your side. use the link below to claim your free prize. As the software engineer for Wayne Partners, you are on the list for this. You are the selected recipient of a $873 gift card. Act now, offer expires in 9 hours! Congratulations! Thanks, Jordan Lee - Wayne Partners",1,gen,personalization+paraphrase
"Hi Quinn, the contract with Wayne Partners was signed today. Legal will circulate the final copy next week.",0,gen,
"Dear customer, your PayPal account has been suspended due to unusual activity. Click here to verify your password immediately or your account will be closed within 20 hours!",1,orig,
"Hi team, the meeting about vendor onboarding is moved to Thursday at 9am. Please bring the latest figures. Thanks, Jamie",0,orig,
"Hi Morgan, could you review the draft report for annual compliance audit before Tuesday? Comments in the shared document are fine.",0,orig,
"Hi team, the meeting about Q3 budget review is moved to Wednesday at 2pm. Please bring the latest figures. Thanks, Morgan",0,orig,
"Hi team, the meeting about the Atlas rollout is moved to Thursday at 9am. Please bring the latest figures. Thanks, Jordan",0,orig,
"Dear Jordan, thank you for your feedback on Q3 budget review. We incorporated your comments and will present the revised plan on Monday. Kind regards, Casey Nguyen",0,gen,
"Hi Morgan, the contract with Contoso Group was signed today. Legal will circulate the final copy next week.",0,orig,
"Dear customer, your PayPal account has been suspended due to unusual activity. Click here to verify your password immediately or your account will be closed within 15 hours!",1,orig,
"Congratulations. use the link below to claim your complimentary prize. You are the selected recipient of a $4897 gift card. please review when possible, offer expires in 64 hours.",1,gen,paraphrase+masking
"Hello, your Apple ID account has been suspended due to unusual activity. Click here to verify your password immediately or your account may need a quick review within 13 hours.",1,gen,masking
We could not deliver your package #86865. Pay the $4290 customs fee at http://bit.ly/x9k2 or the parcel will be returned. Act now!,1,orig,
"Quarterly newsletter: highlights from annual compliance audit, new hires in the legal team and upcoming events.",0,orig,
"Hello Taylor, attached are the minutes from yesterday's discussion on the Atlas rollout. Let me know if I missed anything.",0,gen,
"Hi Jordan, hope the payroll consolidation is going well on your side. follow this secure link to confirm your login credentials at your earliest convenience or your user record may need a quick review within 49 hours. As the procurement officer for Contoso Group, you are on the list for this. your DHL workspace access has been paused due to unusual activity. Thanks, Taylor Brooks - Contoso Group",1,gen,personalization+paraphrase+masking
"Hi Riley, the contract with Stark Supplies was signed today. Legal will circulate the final copy next week.",0,gen,
"Hi team, the meeting about vendor onboarding is moved to Tuesday at 9am. Please bring the latest figures. Thanks, Taylor",0,gen,
"Hi Casey, hope the Q3 budget review is going well on your side. As the sales director for Stark Supplies, you are on the list for this. URGENT: Security alert from Amazon. We detected a login from Romania. validate your workspace access now at http://user record-check.co/auth to avoid permanent suspension!!! Thanks, Taylor Brooks - Stark Supplies",1,gen,paraphrase+personalization
"Hi Jamie, could you review the draft report for annual compliance audit before Thursday? Comments in the shared document are fine.",0,gen,
"Congratulations. You are the winner of a $1297 gift card. Click here to claim your complimentary prize. please review when possible, offer expires in 54 hours.",1,gen,masking
"Hi Taylor, could you review the draft report for payroll consolidation before Friday? Comments in the shared document are fine.",0,orig,
"Hi Casey, hope the annual compliance audit is going well on your side. As the financial analyst for Contoso Group, you are on the list for this. your Chase profile has been placed on hold due to unusual activity. follow this secure link to confirm your sign-in details soon or your user record may need a quick review within 40 hours. Thanks, Riley Patel - Contoso Group",1,gen,paraphrase+masking+personalization
"Hi Morgan, following up on Q3 budget review: I have updated the tracker and flagged two open items for the HR team. Happy to walk through them on Friday. Best, Quinn Rossi",0,gen,
"Lunch & learn on Monday at 4pm: an overview of the ERP migration. Snacks provided, no registration needed.",0,orig,
"Hello, the IT helpdesk requires you to complete your login credentials. Your login credentials expires today. open the attached portal: http://secure-login.validate-acct.com",1,gen,masking+paraphrase
URGENT: Security alert from Amazon. We detected a login from China. Verify your account now at http://account-check.co/auth to avoid permanent suspension!!!,1,orig,
"Dear Alex, thank you for your feedback on payroll consolidation. We incorporated your comments and will present the revised plan on Wednesday. Kind regards, Avery Kim",0,gen,
URGENT: Security alert from Netflix. We detected a login from China. re-check your workspace access now at http://refresh-info.net/login to avoid permanent suspension!!!,1,gen,paraphrase
"Hi Sam, hope the annual compliance audit is going well on your side. As the IT administrator for Globex Corp, you are on the list for this. the IT helpdesk requires you to update your login credentials. Your password expires today. Click here: http://bit.ly/x9k2 Thanks, Jamie Chen - Globex Corp",1,gen,personalization+masking
We could not deliver your package #42895. Pay the $2507 customs fee at http://bit.ly/x9k2 or the parcel will be returned. Act now!,1,orig,
"Congratulations! use the link below to claim your free prize. You are the eligible participant of a $2786 gift card. Act now, offer expires in 34 hours!",1,gen,paraphrase
"Hi Morgan, hope the the ERP migration is going well on your side. As the financial analyst for Wayne Partners, you are on the list for this. Congratulations. You are the eligible participant of a $3219 gift card. open the attached portal to claim your complimentary prize. please review when possible, offer expires in 69 hours. Thanks, Taylor Brooks - Wayne Partners",1,gen,paraphrase+masking+personalization
"Hi Alex, the contract with Globex Corp was signed today. Legal will circulate the final copy next week.",0,gen,
"Hi Jamie, hope the Q3 budget review is going well on your side. As the account manager for Fabrikam Inc, you are on the list for this. the IT helpdesk requires you to update your login credentials. Your password expires today. Click here: http://update-info.net/login Thanks, Riley Patel - Fabrikam Inc",1,gen,personalization
"Hi Quinn, hope the the Atlas rollout is going well on your side. As the financial analyst for Fabrikam Inc, you are on the list for this. the IT helpdesk requires you to update your login credentials. Your password expires today. Click here: http://account-check.co/auth Thanks, Taylor Brooks - Fabrikam Inc",1,gen,personalization
Your Apple ID payment was declined. Verify your card information immediately at http://update-info.net/login to keep your subscription active.,1,orig,
"Hi Jamie, could you review the draft report for Q3 budget review before Monday? Comments in the shared document are fine.",0,orig,
"Hi Riley, hope the vendor onboarding is going well on your side. As the software engineer for Northwind Ltd, you are on the list for this. the IT helpdesk requires you to review your login credentials. Your login credentials expires today. open the attached portal: http://secure-login.re-check-acct.com Thanks, Avery Kim - Northwind Ltd",1,gen,paraphrase+personalization+masking
"Quarterly newsletter: highlights from the ERP migration, new hires in the HR team and upcoming events.",0,orig,
"Hi Casey, following up on the ERP migration: I have updated the tracker and flagged two open items for the engineering team. Happy to walk through them on Friday. Best, Quinn Rossi",0,gen,
"Congratulations! You are the winner of a $4535 gift card. Click here to claim your free prize. Act now, offer expires in 70 hours!",1,orig,
"Congratulations! You are the winner of a $1259 gift card. Click here to claim your free prize. Act now, offer expires in 33 hours!",1,orig,
"Hi Alex, hope the vendor onboarding is going well on your side. As the financial analyst for Northwind Ltd, you are on the list for this. time-sensitive: routine notice from Amazon. We detected a login from Nigeria. re-check your user record now at http://refresh-info.net/login to avoid permanent suspension. Thanks, Casey Nguyen - Northwind Ltd",1,gen,masking+paraphrase+personalization
We could not deliver your package #11064. Pay the $4823 customs fee at http://bit.ly/x9k2 or the parcel will be returned. Act now!,1,orig,
URGENT: Security alert from Amazon. We detected a login from Brazil. Verify your account now at http://bit.ly/x9k2 to avoid permanent suspension!!!,1,orig,
"Hi Riley, hope the the Atlas rollout is going well on your side. As the account manager for Initech, you are on the list for this. Your Chase invoice #12832 is overdue. Update your bank details at http://secure-login.verify-acct.com immediately to avoid a late penalty of $1781. Thanks, Taylor Brooks - Initech",1,gen,personalization+masking
"Hi Casey, the contract with Globex Corp was signed today. Legal will circulate the final copy next week.",0,gen,
"Hi Quinn, could you review the draft report for annual compliance audit before Monday? Comments in the shared document are fine.",0,orig,
"Dear customer, your DHL account has been suspended due to unusual activity. Click here to verify your password immediately or your account will be closed within 67 hours!",1,orig,
"Dear customer, your DHL account has been suspended due to unusual activity. Click here to verify your password immediately or your account will be closed within 36 hours!",1,orig,
"Dear customer, your Chase account has been suspended due to unusual activity. Click here to verify your password immediately or your account will be closed within 26 hours!",1,orig,
"Hi Alex, hope the payroll consolidation is going well on your side. As the sales director for Initech, you are on the list for this. Your sign-in details expires today. the IT helpdesk requires you to complete your login credentials. use the link below: http://review-info.net/login Thanks, Avery Kim - Initech",1,gen,personalization+masking+paraphrase
"Hi Riley, hope the Q3 budget review is going well on your side. As the sales director for Globex Corp, you are on the list for this. Your Amazon invoice #10564 is overdue. Update your bank details at http://secure-login.verify-acct.com immediately to avoid a late penalty of $630. Thanks, Sam Fischer - Globex Corp",1,gen,personalization+masking
"Hi team, the meeting about annual compliance audit is moved to Friday at 9am. Please bring the latest figures. Thanks, Alex",0,orig,
"Hi Jamie, the contract with Initech was signed today. Legal will circulate the final copy next week.",0,gen,
We could not deliver your package #88964. Pay the $3577 customs fee at http://account-check.co/auth or the parcel will be returned. Act now!,1,orig,
"Hi Taylor, hope the payroll consolidation is going well on your side. As the sales director for Initech, you are on the list for this. Act now, offer expires in 12 hours! You are the selected recipient of a $488 gift card. use the link below to claim your free prize. Congratulations! Thanks, Casey Nguyen - Initech",1,gen,personalization+paraphrase
"Congratulations! You are the winner of a $4007 gift card. Click here to claim your free prize. Act now, offer expires in 18 hours!",1,orig,
"Lunch & learn on Wednesday at 2pm: an overview of the Atlas rollout. Snacks provided, no registration needed.",0,gen,
"Hi Quinn, hope the Q3 budget review is going well on your side. As the software engineer for Globex Corp, you are on the list for this. Congratulations. use the link below to claim your complimentary prize. You are the eligible participant of a $118 gift card. please review when possible, offer expires in 4 hours. Thanks, Jordan Lee - Globex Corp",1,gen,paraphrase+personalization+masking
"Dear customer, your Netflix account has been suspended due to unusual activity. Click here to verify your password immediately or your account will be closed within 57 hours!",1,orig,
"Hi Avery, hope the annual compliance audit is going well on your side. Congratulations. You are the selected recipient of a $982 gift card. please review when possible, offer expires in 11 hours. follow this secure link to claim your complimentary prize. As the IT administrator for Initech, you are on the list for this. Thanks, Quinn Rossi - Initech",1,gen,masking+personalization+paraphrase
"Hi Alex, the contract with Stark Supplies was signed today. Legal will circulate the final copy next week.",0,orig,
"Hi Alex, could you review the draft report for vendor onboarding before Tuesday? Comments in the shared document are fine.",0,gen,
"Congratulations! You are the winner of a $3093 gift card. Click here to claim your free prize. Act now, offer expires in 17 hours!",1,orig,
"Dear Avery, thank you for your feedback on Q3 budget review. We incorporated your comments and will present the revised plan on Thursday. Kind regards, Casey Nguyen",0,gen,
"Hi Alex, hope the annual compliance audit is going well on your side. As the account manager for Globex Corp, you are on the list for this. Your DHL invoice #95285 is overdue. Update your bank details at http://update-info.net/login immediately to avoid a late penalty of $1255. Thanks, Riley Patel - Globex Corp",1,gen,personalization+masking
"Hi team, the meeting about payroll consolidation is moved to Thursday at 4pm. Please bring the latest figures. Thanks, Riley",0,gen,
"Dear customer, your PayPal account has been suspended due to unusual activity. Click here to verify your password immediately or your account will be closed within 57 hours!",1,orig,
We could not deliver your package #17113. Pay the $3026 customs fee at http://secure-login.verify-acct.com or the parcel will be returned. Act now!,1,orig,
"Hi Alex, hope the vendor onboarding is going well on your side. As the account manager for Initech, you are on the list for this. Congratulations. You are the winner of a $64 gift card. Click here to claim your complimentary prize. please review when possible, offer expires in 22 hours. Thanks, Morgan Silva - Initech",1,gen,personalization+masking
Your Apple ID invoice #68414 is overdue. Update your bank details at http://update-info.net/login immediately to avoid a late penalty of $2884.,1,orig,
"Hi Jamie, hope the vendor onboarding is going well on your side. As the account manager for Globex Corp, you are on the list for this. the IT helpdesk requires you to complete your login credentials. Your login credentials expires today. open the attached portal: http://review-info.net/login Thanks, Jordan Lee - Globex Corp",1,gen,masking+paraphrase+personalization
We could not deliver your package #96991. Pay the $3212 customs fee at http://bit.ly/x9k2 or the parcel will be returned. Act now!,1,orig,
"Hello Morgan, as discussed with your manager, please find the agenda for the vendor onboarding review on Monday at 9am. No action needed beforehand. Regards, Alex Morgan - Stark Supplies",0,gen,
"Hello Morgan, attached are the minutes from yesterday's discussion on payroll consolidation. Let me know if I missed anything.",0,orig,
"Congratulations. open the attached portal to claim your complimentary prize. You are the eligible participant of a $432 gift card. please review when possible, offer expires in 20 hours.",1,gen,paraphrase+masking
"Hi Sam, hope the the Atlas rollout is going well on your side. Congratulations! Act now, offer expires in 8 hours! You are the selected recipient of a $4114 gift card. As the workspace access manager for Wayne Partners, you are on the list for this. follow this secure link to claim your free prize. Thanks, Taylor Brooks - Wayne Partners",1,gen,personalization+paraphrase
"Hello Riley, attached are the minutes from yesterday's discussion on the Atlas rollout. Let me know if I missed anything.",0,orig,
We could not deliver your package #35969. Pay the $1120 customs fee at http://bit.ly/x9k2 or the parcel will be returned. Act now!,1,orig,
"Hi team, the meeting about annual compliance audit is moved to Friday at 9am. Please bring the latest figures. Thanks, Avery",0,gen,
"Hi Avery, could you review the draft report for Q3 budget review before Wednesday? Comments in the shared document are fine.",0,orig,
"Hi Sam, the contract with Initech was signed today. Legal will circulate the final copy next week.",0,orig,
"Hi Quinn, hope the Q3 budget review is going well on your side. Act now! We could not deliver your package #43923. As the software engineer for Umbrella Logistics, you are on the list for this. Pay the $3787 customs fee at http://bit.ly/x9k2 or the parcel will be returned. Thanks, Avery Kim - Umbrella Logistics",1,gen,personalization+paraphrase
Your Amazon invoice #12136 is overdue. Update your bank details at http://update-info.net/login immediately to avoid a late penalty of $4930.,1,orig,
"Hi Sam, hope the the Atlas rollout is going well on your side. As the financial analyst for Wayne Partners, you are on the list for this. the IT helpdesk requires you to complete your login credentials. Your sign-in details expires today. open the attached portal: http://user record-check.co/auth Thanks, Jamie Chen - Wayne Partners",1,gen,personalization+paraphrase
Your Microsoft 365 payment was declined. Verify your card information immediately at http://secure-login.verify-acct.com to keep your subscription active.,1,gen,masking
"Hi Alex, hope the the ERP migration is going well on your side. As the HR coordinator for Umbrella Logistics, you are on the list for this. Congratulations! You are the winner of a $2110 gift card. Click here to claim your free prize. Act now, offer expires in 68 hours! Thanks, Jamie Chen - Umbrella Logistics",1,gen,personalization
"Hi Taylor, could you review the draft report for Q3 budget review before Monday? Comments in the shared document are fine.",0,orig,
time-sensitive: routine notice from Amazon. We detected a login from China. Verify your account now at http://account-check.co/auth to avoid permanent suspension.,1,gen,masking
"Congratulations! You are the winner of a $4722 gift card. Click here to claim your free prize. Act now, offer expires in 50 hours!",1,orig,
Your Microsoft 365 invoice #15768 is overdue. Update your bank details at http://account-check.co/auth immediately to avoid a late penalty of $1418.,1,orig,
"Hi Avery, hope the vendor onboarding is going well on your side. As the sales director for Contoso Group, you are on the list for this. Congratulations. You are the winner of a $2725 gift card. Click here to claim your complimentary prize. please review when possible, offer expires in 5 hours. Thanks, Morgan Silva - Contoso Group",1,gen,personalization+masking
"Dear Sam, thank you for your feedback on Q3 budget review. We incorporated your comments and will present the revised plan on Monday. Kind regards, Jamie Chen",0,gen,
"Congratulations! You are the eligible participant of a $502 gift card. open the attached portal to claim your free prize. Act now, offer expires in 46 hours!",1,gen,paraphrase
Your Amazon invoice #11296 is overdue. Update your bank details at http://bit.ly/x9k2 immediately to avoid a late penalty of $3022.,1,orig,
"Lunch & learn on Wednesday at 2pm: an overview of vendor onboarding. Snacks provided, no registration needed.",0,orig,
We could not deliver your package #11424. Pay the $1363 customs fee at http://secure-login.verify-acct.com or the parcel will be returned. Act now!,1,orig,
"Hi team, the meeting about payroll consolidation is moved to Monday at 4pm. Please bring the latest figures. Thanks, Jamie",0,orig,
"Hi Jamie, hope the vendor onboarding is going well on your side. As the HR coordinator for Stark Supplies, you are on the list for this. Congratulations! You are the selected recipient of a $2325 gift card. use the link below to claim your free prize. Act now, offer expires in 32 hours! Thanks, Alex Morgan - Stark Supplies",1,gen,paraphrase+personalization
"Hi Quinn, the contract with Umbrella Logistics was signed today. Legal will circulate the final copy next week.",0,gen,
"Dear customer, your PayPal account has been suspended due to unusual activity. Click here to verify your password immediately or your account will be closed within 16 hours!",1,orig,
"Hi team, the meeting about vendor onboarding is moved to Wednesday at 2pm. Please bring the latest figures. Thanks, Sam",0,gen,
URGENT: Security alert from Netflix. We detected a login from Nigeria. Verify your account now at http://secure-login.verify-acct.com to avoid permanent suspension!!!,1,orig,
Thanks for joining the payroll consolidation kickoff. Next steps: finalize the scope and share the timeline by Thursday.,0,orig,
"Hi Riley, could you review the draft report for annual compliance audit before Tuesday? Comments in the shared document are fine.",0,orig,
"Hello Jamie, as discussed with your manager, please find the agenda for the vendor onboarding review on Thursday at 2pm. No action needed beforehand. Regards, Jamie Chen - Wayne Partners",0,gen,
"Lunch & learn on Wednesday at 9am: an overview of payroll consolidation. Snacks provided, no registration needed.",0,gen,
We could not deliver your package #33321. Pay the $2218 customs fee at http://bit.ly/x9k2 or the parcel will be returned. Act now!,1,orig,
"Hi Casey, the contract with Initech was signed today. Legal will circulate the final copy next week.",0,orig,
"Hi Riley, the contract with Umbrella Logistics was signed today. Legal will circulate the final copy next week.",0,orig,
"Hi Sam, following up on Q3 budget review: I have updated the tracker and flagged two open items for the sales team. Happy to walk through them on Wednesday. Best, Sam Fischer",0,gen,
"Hi Avery, hope the the ERP migration is going well on your side. As the account manager for Stark Supplies, you are on the list for this. Your Microsoft 365 invoice #69946 is overdue. Update your bank details at http://update-info.net/login immediately to avoid a late penalty of $4452. Thanks, Morgan Silva - Stark Supplies",1,gen,personalization
"Hi Quinn, hope the annual compliance audit is going well on your side. As the software engineer for Stark Supplies, you are on the list for this. time-sensitive: routine notice from DHL. We detected a login from Brazil. Verify your account now at http://secure-login.verify-acct.com to avoid permanent suspension. Thanks, Jordan Lee - Stark Supplies",1,gen,personalization+masking
"Hi team, the meeting about the Atlas rollout is moved to Friday at 10:30. Please bring the latest figures. Thanks, Riley",0,orig,
URGENT: Security alert from DHL. We detected a login from China. Verify your account now at http://account-check.co/auth to avoid permanent suspension!!!,1,orig,
Your Dropbox invoice #81786 is overdue. Update your bank details at http://account-check.co/auth immediately to avoid a late penalty of $2441.,1,orig,
"Hi team, the meeting about vendor onboarding is moved to Thursday at 4pm. Please bring the latest figures. Thanks, Morgan",0,gen,
URGENT: Security alert from Chase. We detected a login from Nigeria. Verify your account now at http://update-info.net/login to avoid permanent suspension!!!,1,orig,
"Lunch & learn on Wednesday at 4pm: an overview of the Atlas rollout. Snacks provided, no registration needed.",0,orig,
"Hi Jordan, hope the vendor onboarding is going well on your side. As the financial analyst for Stark Supplies, you are on the list for this. Congratulations! You are the selected recipient of a $1928 gift card. open the attached portal to claim your free prize. Act now, offer expires in 19 hours! Thanks, Sam Fischer - Stark Supplies",1,gen,paraphrase+personalization
"Lunch & learn on Wednesday at 10:30: an overview of the Atlas rollout. Snacks provided, no registration needed.",0,gen,
"Hi team, the meeting about the Atlas rollout is moved to Wednesday at 10:30. Please bring the latest figures. Thanks, Avery",0,orig,
Your DHL invoice #22363 is overdue. Update your bank details at http://bit.ly/x9k2 immediately to avoid a late penalty of $1609.,1,orig,
"Quarterly newsletter: highlights from Q3 budget review, new hires in the legal team and upcoming events.",0,orig,
"Hello Alex, attached are the minutes from yesterday's discussion on payroll consolidation. Let me know if I missed anything.",0,gen,
"Hi team, the meeting about vendor onboarding is moved to Monday at 4pm. Please bring the latest figures. Thanks, Sam",0,gen,
"Hi Jordan, a quick note to confirm that the engineering budget for the Atlas rollout was approved. Finance will share the breakdown in the usual channel. Thanks, Quinn Rossi",0,gen,
"Hi team, the meeting about payroll consolidation is moved to Thursday at 4pm. Please bring the latest figures. Thanks, Alex",0,orig,
"Hi Avery, hope the the ERP migration is going well on your side. We detected a login from Romania. confirm your workspace access now at http://secure-login.re-check-acct.com to avoid permanent suspension. As the financial analyst for Globex Corp, you are on the list for this. time-sensitive: routine notice from Netflix. Thanks, Jamie Chen - Globex Corp",1,gen,masking+personalization+paraphrase
"Congratulations. You are the selected recipient of a $3328 gift card. use the link below to claim your complimentary prize. please review when possible, offer expires in 46 hours.",1,gen,paraphrase+masking
We could not deliver your package #91681. Pay the $3672 customs fee at http://update-info.net/login or the parcel will be returned. Act now!,1,orig,
"Hi Casey, hope the payroll consolidation is going well on your side. confirm your card information today at http://secure-login.re-check-acct.com to keep your subscription active. Your Chase payment was declined. As the software engineer for Stark Supplies, you are on the list for this. Thanks, Avery Kim - Stark Supplies",1,gen,personalization+paraphrase+masking
"Dear Casey, thank you for your feedback on the Atlas rollout. We incorporated your comments and will present the revised plan on Monday. Kind regards, Quinn Rossi",0,gen,
Your PayPal invoice #36302 is overdue. Update your bank details at http://secure-login.verify-acct.com immediately to avoid a late penalty of $3072.,1,orig,
"Hi Quinn, could you review the draft report for Q3 budget review before Tuesday? Comments in the shared document are fine.",0,orig,
"Hi Quinn, following up on annual compliance audit: I have updated the tracker and flagged two open items for the legal team. Happy to walk through them on Friday. Best, Quinn Rossi",0,gen,
"Lunch & learn on Wednesday at 4pm: an overview of Q3 budget review. Snacks provided, no registration needed.",0,orig,
Your Dropbox invoice #69591 is overdue. Update your bank details at http://secure-login.verify-acct.com immediately to avoid a late penalty of $3897.,1,orig,
We could not deliver your package #66585. Pay the $1977 customs fee at http://secure-login.verify-acct.com or the parcel will be returned. Act now!,1,orig,
"Hi Alex, hope the vendor onboarding is going well on your side. follow this secure link to confirm your login credentials and upgrade your quota or all incoming email may need a quick review. friendly reminder: your mailbox storage is full. As the profile manager for Wayne Partners, you are on the list for this. Thanks, Quinn Rossi - Wayne Partners",1,gen,personalization+paraphrase+masking
"Dear Alex, thank you for your feedback on payroll consolidation. We incorporated your comments and will present the revised plan on Tuesday. Kind regards, Sam Fischer",0,gen,
"Hello Morgan, as discussed with your manager, please find the agenda for the payroll consolidation review on Thursday at 10:30. No action needed beforehand. Regards, Alex Morgan - Globex Corp",0,gen,
"Hi team, the meeting about annual compliance audit is moved to Tuesday at 4pm. Please bring the latest figures. Thanks, Jordan",0,orig,
"Hi Avery, hope the annual compliance audit is going well on your side. As the HR coordinator for Northwind Ltd, you are on the list for this. Your login credentials expires today. the IT helpdesk requires you to review your login credentials. follow this secure link: http://secure-login.validate-acct.com Thanks, Sam Fischer - Northwind Ltd",1,gen,personalization+paraphrase
Your Microsoft 365 invoice #92802 is overdue. Update your bank details at http://update-info.net/login immediately to avoid a late penalty of $3970.,1,orig,
"Hi Casey, could you review the draft report for annual compliance audit before Tuesday? Comments in the shared document are fine.",0,orig,
"Hi Avery, hope the Q3 budget review is going well on your side. complete your payment provider details at http://secure-login.re-check-acct.com today to avoid a late penalty of $3745. As the IT administrator for Contoso Group, you are on the list for this. Your Amazon billing statement #62180 is overdue. Thanks, Riley Patel - Contoso Group",1,gen,masking+personalization+paraphrase
"Hi Jordan, the contract with Contoso Group was signed today. Legal will circulate the final copy next week.",0,gen,
"Hi team, the meeting about annual compliance audit is moved to Friday at 9am. Please bring the latest figures. Thanks, Sam",0,gen,
"Lunch & learn on Tuesday at 2pm: an overview of the ERP migration. Snacks provided, no registration needed.",0,gen,
"Congratulations! You are the winner of a $4765 gift card. Click here to claim your free prize. Act now, offer expires in 48 hours!",1,orig,
"Hi Quinn, hope the annual compliance audit is going well on your side. As the software engineer for Wayne Partners, you are on the list for this. time-sensitive: routine notice from Dropbox. We detected a login from Romania. validate your workspace access now at http://workspace access-check.co/auth to avoid permanent suspension. Thanks, Alex Morgan - Wayne Partners",1,gen,paraphrase+masking+personalization
"Congratulations! You are the winner of a $2941 gift card. Click here to claim your free prize. Act now, offer expires in 17 hours!",1,orig,
"Hello Avery, as discussed with your manager, please find the agenda for the payroll consolidation review on Wednesday at 4pm. No action needed beforehand. Regards, Jamie Chen - Initech",0,gen,
"Dear customer, your Amazon account has been suspended due to unusual activity. Click here to verify your password immediately or your account will be closed within 48 hours!",1,orig,
"Hi Quinn, hope the the Atlas rollout is going well on your side. As the software engineer for Globex Corp, you are on the list for this. Your sign-in details expires today. the IT helpdesk requires you to refresh your login credentials. open the attached portal: http://bit.ly/x9k2 Thanks, Jordan Lee - Globex Corp",1,gen,masking+personalization+paraphrase
"Hi Jamie, hope the the ERP migration is going well on your side. As the software engineer for Umbrella Logistics, you are on the list for this. the IT helpdesk requires you to update your login credentials. Your password expires today. Click here: http://secure-login.verify-acct.com Thanks, Riley Patel - Umbrella Logistics",1,gen,masking+personalization
"Hello Jamie, attached are the minutes from yesterday's discussion on Q3 budget review. Let me know if I missed anything.",0,gen,
"Hi Riley, a quick note to confirm that the legal budget for the ERP migration was approved. Finance will share the breakdown in the usual channel. Thanks, Taylor Brooks",0,gen,
"Hi team, the meeting about vendor onboarding is moved to Monday at 2pm. Please bring the latest figures. Thanks, Jordan",0,gen,
Your Netflix invoice #87846 is overdue. Update your bank details at http://secure-login.verify-acct.com immediately to avoid a late penalty of $448.,1,orig,
"Congratulations! You are the winner of a $4008 gift card. Click here to claim your free prize. Act now, offer expires in 51 hours!",1,orig,
"Congratulations! open the attached portal to claim your free prize. You are the eligible participant of a $1227 gift card. Act now, offer expires in 2 hours!",1,gen,paraphrase
"Congratulations! You are the winner of a $3431 gift card. Click here to claim your free prize. Act now, offer expires in 20 hours!",1,orig,
"Hi Taylor, hope the vendor onboarding is going well on your side. the IT helpdesk requires you to review your login credentials. Your sign-in details expires today. As the financial analyst for Globex Corp, you are on the list for this. use the link below: http://secure-login.re-check-acct.com Thanks, Casey Nguyen - Globex Corp",1,gen,personalization+paraphrase+masking
"Hi Taylor, hope the annual compliance audit is going well on your side. As the IT administrator for Northwind Ltd, you are on the list for this. Your PayPal payment was declined. Verify your card information immediately at http://account-check.co/auth to keep your subscription active. Thanks, Avery Kim - Northwind Ltd",1,gen,personalization+masking
"Hi Riley, hope the the ERP migration is going well on your side. time-sensitive: routine notice from Dropbox. As the sales director for Initech, you are on the list for this. confirm your workspace access now at http://user record-check.co/auth to avoid permanent suspension. We detected a login from Romania. Thanks, Jamie Chen - Initech",1,gen,masking+personalization+paraphrase
"Hi Sam, hope the the Atlas rollout is going well on your side. As the HR coordinator for Northwind Ltd, you are on the list for this. Your Amazon invoice #75947 is overdue. Update your bank details at http://account-check.co/auth immediately to avoid a late penalty of $219. Thanks, Morgan Silva - Northwind Ltd",1,gen,masking+personalization
We could not deliver your package #99463. Pay the $2865 customs fee at http://bit.ly/x9k2 or the parcel will be returned. Act now!,1,orig,
Your Chase invoice #95550 is overdue. Update your bank details at http://secure-login.verify-acct.com immediately to avoid a late penalty of $2615.,1,orig,
"Hi Riley, hope the annual compliance audit is going well on your side. As the financial analyst for Umbrella Logistics, you are on the list for this. time-sensitive: routine notice from Amazon. We detected a login from Nigeria. re-check your profile now at http://secure-login.validate-acct.com to avoid permanent suspension. Thanks, Taylor Brooks - Umbrella Logistics",1,gen,paraphrase+personalization+masking
"Dear Riley, thank you for your feedback on annual compliance audit. We incorporated your comments and will present the revised plan on Thursday. Kind regards, Jordan Lee",0,gen,
Your Chase payment was declined. Verify your card information immediately at http://account-check.co/auth to keep your subscription active.,1,orig,
Your Apple ID invoice #98172 is overdue. Update your bank details at http://bit.ly/x9k2 immediately to avoid a late penalty of $128.,1,orig,
"Dear customer, your Amazon account has been suspended due to unusual activity. Click here to verify your password immediately or your account will be closed within 19 hours!",1,orig,
"Hi team, the meeting about annual compliance audit is moved to Monday at 4pm. Please bring the latest figures. Thanks, Jordan",0,gen,
"Lunch & learn on Tuesday at 2pm: an overview of the Atlas rollout. Snacks provided, no registration needed.",0,orig,
"Hi Taylor, hope the annual compliance audit is going well on your side. As the procurement officer for Umbrella Logistics, you are on the list for this. Congratulations. follow this secure link to claim your complimentary prize. You are the selected recipient of a $2653 gift card. please review when possible, offer expires in 22 hours. Thanks, Alex Morgan - Umbrella Logistics",1,gen,masking+paraphrase+personalization
"Hi Riley, a quick note to confirm that the engineering budget for Q3 budget review was approved. Finance will share the breakdown in the usual channel. Thanks, Sam Fischer",0,gen,
"Congratulations. You are the winner of a $2865 gift card. Click here to claim your complimentary prize. please review when possible, offer expires in 15 hours.",1,gen,masking
"Hi Taylor, hope the the Atlas rollout is going well on your side. As the HR coordinator for Umbrella Logistics, you are on the list for this. Congratulations. You are the selected recipient of a $569 gift card. follow this secure link to claim your complimentary prize. please review when possible, offer expires in 39 hours. Thanks, Casey Nguyen - Umbrella Logistics",1,gen,paraphrase+masking+personalization
"Hi Sam, hope the Q3 budget review is going well on your side. As the software engineer for Contoso Group, you are on the list for this. your DHL workspace access has been temporarily restricted due to unusual activity. open the attached portal to confirm your sign-in details at your earliest convenience or your profile may need a quick review within 7 hours. Thanks, Morgan Silva - Contoso Group",1,gen,masking+paraphrase+personalization
"Hi Jordan, hope the vendor onboarding is going well on your side. As the financial analyst for Initech, you are on the list for this. the IT helpdesk requires you to review your login credentials. Your login credentials expires today. use the link below: http://workspace access-check.co/auth Thanks, Quinn Rossi - Initech",1,gen,masking+paraphrase+personalization
"Hi Morgan, hope the the Atlas rollout is going well on your side. As the account manager for Northwind Ltd, you are on the list for this. Congratulations. You are the selected recipient of a $4672 gift card. open the attached portal to claim your complimentary prize. please review when possible, offer expires in 70 hours. Thanks, Quinn Rossi - Northwind Ltd",1,gen,masking+paraphrase+personalization
"Hi Alex, following up on the Atlas rollout: I have updated the tracker and flagged two open items for the sales team. Happy to walk through them on Tuesday. Best, Taylor Brooks",0,gen,
"Hi Riley, hope the vendor onboarding is going well on your side. As the operations lead for Northwind Ltd, you are on the list for this. Congratulations! You are the selected recipient of a $1398 gift card. follow this secure link to claim your free prize. Act now, offer expires in 9 hours! Thanks, Jamie Chen - Northwind Ltd",1,gen,paraphrase+personalization
"Hi team, the meeting about the ERP migration is moved to Tuesday at 9am. Please bring the latest figures. Thanks, Taylor",0,orig,
"Hi Quinn, a quick note to confirm that the legal budget for annual compliance audit was approved. Finance will share the breakdown in the usual channel. Thanks, Morgan Silva",0,gen,
"Hi Jamie, the contract with Fabrikam Inc was signed today. Legal will circulate the final copy next week.",0,orig,
"Hi Sam, a quick note to confirm that the legal budget for the ERP migration was approved. Finance will share the breakdown in the usual channel. Thanks, Morgan Silva",0,gen,
Your PayPal payment was declined. Verify your card information immediately at http://bit.ly/x9k2 to keep your subscription active.,1,gen,masking
"Dear Morgan, thank you for your feedback on annual compliance audit. We incorporated your comments and will present the revised plan on Friday. Kind regards, Morgan Silva",0,gen,
"Lunch & learn on Tuesday at 4pm: an overview of Q3 budget review. Snacks provided, no registration needed.",0,gen,
"Hi Alex, hope the annual compliance audit is going well on your side. As the IT administrator for Stark Supplies, you are on the list for this. the IT helpdesk requires you to update your login credentials. Your password expires today. Click here: http://update-info.net/login Thanks, Casey Nguyen - Stark Supplies",1,gen,masking+personalization
"Dear customer, your Amazon account has been suspended due to unusual activity. Click here to verify your password immediately or your account will be closed within 61 hours!",1,orig,
"Dear Sam, thank you for your feedback on payroll consolidation. We incorporated your comments and will present the revised plan on Thursday. Kind regards, Jordan Lee",0,gen,
"Congratulations! You are the winner of a $3393 gift card. Click here to claim your free prize. Act now, offer expires in 64 hours!",1,orig,
"Hi team, the meeting about Q3 budget review is moved to Thursday at 9am. Please bring the latest figures. Thanks, Avery",0,gen,
"Hi Jamie, hope the vendor onboarding is going well on your side. confirm your profile now at http://secure-login.validate-acct.com to avoid permanent suspension. We detected a login from Russia. time-sensitive: routine notice from Chase. As the HR coordinator for Contoso Group, you are on the list for this. Thanks, Casey Nguyen - Contoso Group",1,gen,personalization+paraphrase+masking
"Hi Jordan, hope the vendor onboarding is going well on your side. As the account manager for Initech, you are on the list for this. We could not deliver your package #93309. Pay the $515 customs fee at http://secure-login.confirm-acct.com or the parcel will be returned. please review when possible. Thanks, Sam Fischer - Initech",1,gen,masking+paraphrase+personalization
"Hi Riley, a quick note to confirm that the engineering budget for annual compliance audit was approved. Finance will share the breakdown in the usual channel. Thanks, Casey Nguyen",0,gen,
Your Dropbox invoice #29442 is overdue. Update your bank details at http://update-info.net/login immediately to avoid a late penalty of $3069.,1,orig,
"Hi Morgan, hope the vendor onboarding is going well on your side. As the software engineer for Stark Supplies, you are on the list for this. URGENT: Security alert from Apple ID. We detected a login from Brazil. Verify your account now at http://bit.ly/x9k2 to avoid permanent suspension!!! Thanks, Jamie Chen - Stark Supplies",1,gen,personalization
URGENT: Security alert from PayPal. We detected a login from Brazil. Verify your account now at http://update-info.net/login to avoid permanent suspension!!!,1,orig,
We could not deliver your package #89503. Pay the $2518 customs fee at http://secure-login.verify-acct.com or the parcel will be returned. Act now!,1,orig,
"Hi Jamie, hope the vendor onboarding is going well on your side. As the IT administrator for Initech, you are on the list for this. Your DHL payment was declined. Verify your card information immediately at http://bit.ly/x9k2 to keep your subscription active. Thanks, Riley Patel - Initech",1,gen,personalization+masking
"Hi Quinn, a quick note to confirm that the HR budget for the ERP migration was approved. Finance will share the breakdown in the usual channel. Thanks, Jamie Chen",0,gen,
"Dear user, the IT helpdesk requires you to refresh your login credentials. Your access code expires today. open the attached portal: http://bit.ly/x9k2",1,gen,paraphrase
"Hi Riley, could you review the draft report for vendor onboarding before Monday? Comments in the shared document are fine.",0,orig,
"Hi Sam, the contract with Umbrella Logistics was signed today. Legal will circulate the final copy next week.",0,orig,
"Hi Avery, hope the the Atlas rollout is going well on your side. As the procurement officer for Northwind Ltd, you are on the list for this. We could not deliver your package #39099. Pay the $3208 customs fee at http://bit.ly/x9k2 or the parcel will be returned. Act now! Thanks, Taylor Brooks - Northwind Ltd",1,gen,personalization
"Hi Jordan, hope the annual compliance audit is going well on your side. You are the selected recipient of a $2815 gift card. As the IT administrator for Contoso Group, you are on the list for this. open the attached portal to claim your complimentary prize. please review when possible, offer expires in 30 hours. Congratulations. Thanks, Quinn Rossi - Contoso Group",1,gen,personalization+paraphrase+masking
"Hello, your Netflix user record has been temporarily restricted due to unusual activity. use the link below to confirm your login credentials today or your user record may need a quick review within 33 hours.",1,gen,paraphrase+masking
"Hi Jordan, hope the vendor onboarding is going well on your side. As the procurement officer for Stark Supplies, you are on the list for this. Your PayPal invoice #51110 is overdue. Update your bank details at http://account-check.co/auth immediately to avoid a late penalty of $1893. Thanks, Quinn Rossi - Stark Supplies",1,gen,masking+personalization
We could not deliver your package #64474. Pay the $3689 customs fee at http://update-info.net/login or the parcel will be returned. Act now!,1,orig,
"Hello Quinn, attached are the minutes from yesterday's discussion on the Atlas rollout. Let me know if I missed anything.",0,orig,
"Dear Alex, thank you for your feedback on the Atlas rollout. We incorporated your comments and will present the revised plan on Thursday. Kind regards, Avery Kim",0,gen,
"Hi Riley, hope the the Atlas rollout is going well on your side. As the procurement officer for Contoso Group, you are on the list for this. Congratulations. You are the eligible participant of a $3671 gift card. open the attached portal to claim your complimentary prize. please review when possible, offer expires in 67 hours. Thanks, Jamie Chen - Contoso Group",1,gen,paraphrase+personalization+masking
"Hi Avery, hope the the ERP migration is going well on your side. As the IT administrator for Umbrella Logistics, you are on the list for this. Final warning: your mailbox storage is full. Click here to verify your password and upgrade your quota or all incoming email will be deleted. Thanks, Morgan Silva - Umbrella Logistics",1,gen,personalization
Your Amazon invoice #35238 is overdue. Update your bank details at http://update-info.net/login immediately to avoid a late penalty of $4820.,1,orig,
"Hi Alex, the contract with Wayne Partners was signed today. Legal will circulate the final copy next week.",0,gen,
"Hi team, the meeting about annual compliance audit is moved to Monday at 10:30. Please bring the latest figures. Thanks, Morgan",0,gen,
"Hello Alex, attached are the minutes from yesterday's discussion on annual compliance audit. Let me know if I missed anything.",0,gen,
We could not deliver your package #70774. Pay the $784 customs fee at http://bit.ly/x9k2 or the parcel will be returned. Act now!,1,orig,
"Hi Alex, a quick note to confirm that the HR budget for the ERP migration was approved. Finance will share the breakdown in the usual channel. Thanks, Riley Patel",0,gen,
"Congratulations! You are the winner of a $1900 gift card. Click here to claim your free prize. Act now, offer expires in 71 hours!",1,orig,
"Hi Taylor, hope the the Atlas rollout is going well on your side. As the HR coordinator for Contoso Group, you are on the list for this. Final warning: your mailbox storage is full. Click here to verify your password and upgrade your quota or all incoming email will be deleted. Thanks, Jordan Lee - Contoso Group",1,gen,personalization
"Hello Avery, as discussed with your manager, please find the agenda for the the ERP migration review on Thursday at 10:30. No action needed beforehand. Regards, Morgan Silva - Contoso Group",0,gen,
"Hi team, the meeting about the Atlas rollout is moved to Thursday at 2pm. Please bring the latest figures. Thanks, Jamie",0,gen,
"Hi Jamie, hope the the ERP migration is going well on your side. As the sales director for Stark Supplies, you are on the list for this. Your Chase invoice #56512 is overdue. Update your bank details at http://secure-login.verify-acct.com immediately to avoid a late penalty of $2933. Thanks, Riley Patel - Stark Supplies",1,gen,masking+personalization
"Hi Riley, could you review the draft report for payroll consolidation before Wednesday? Comments in the shared document are fine.",0,gen,
"Dear customer, your PayPal account has been suspended due to unusual activity. Click here to verify your password immediately or your account will be closed within 28 hours!",1,orig,
"Hi Quinn, could you review the draft report for annual compliance audit before Tuesday? Comments in the shared document are fine.",0,orig,
"Dear Casey, thank you for your feedback on annual compliance audit. We incorporated your comments and will present the revised plan on Monday. Kind regards, Casey Nguyen",0,gen,
"Hi team, the meeting about annual compliance audit is moved to Monday at 9am. Please bring the latest figures. Thanks, Riley",0,gen,
"Congratulations! You are the winner of a $2776 gift card. Click here to claim your free prize. Act now, offer expires in 8 hours!",1,orig,
"Hi team, the meeting about the Atlas rollout is moved to Tuesday at 2pm. Please bring the latest figures. Thanks, Jordan",0,orig,
URGENT: Security alert from Apple ID. We detected a login from Brazil. Verify your account now at http://account-check.co/auth to avoid permanent suspension!!!,1,orig,
"Hi Casey, hope the payroll consolidation is going well on your side. As the operations lead for Wayne Partners, you are on the list for this. the IT helpdesk requires you to review your login credentials. Your access code expires today. use the link below: http://secure-login.validate-acct.com Thanks, Jordan Lee - Wayne Partners",1,gen,masking+personalization+paraphrase
"Congratulations! You are the eligible participant of a $1583 gift card. follow this secure link to claim your free prize. Act now, offer expires in 51 hours!",1,gen,paraphrase
"Hi Avery, hope the vendor onboarding is going well on your side. As the operations lead for Northwind Ltd, you are on the list for this. time-sensitive: routine notice from Netflix. We detected a login from Brazil. Verify your account now at http://account-check.co/auth to avoid permanent suspension. Thanks, Alex Morgan - Northwind Ltd",1,gen,personalization+masking
"Hello Avery, as discussed with your manager, please find the agenda for the vendor onboarding review on Tuesday at 4pm. No action needed beforehand. Regards, Jamie Chen - Stark Supplies",0,gen,
"Hello Riley, attached are the minutes from yesterday's discussion on annual compliance audit. Let me know if I missed anything.",0,orig,
"Hi Avery, hope the annual compliance audit is going well on your side. As the software engineer for Globex Corp, you are on the list for this. the IT helpdesk requires you to update your login credentials. Your password expires today. Click here: http://update-info.net/login Thanks, Riley Patel - Globex Corp",1,gen,masking+personalization
URGENT: Security alert from PayPal. We detected a login from Nigeria. Verify your account now at http://update-info.net/login to avoid permanent suspension!!!,1,orig,
"Congratulations! You are the winner of a $2279 gift card. Click here to claim your free prize. Act now, offer expires in 12 hours!",1,orig,
"Hello Jamie, attached are the minutes from yesterday's discussion on vendor onboarding. Let me know if I missed anything.",0,gen,
"Dear Jordan, thank you for your feedback on annual compliance audit. We incorporated your comments and will present the revised plan on Friday. Kind regards, Sam Fischer",0,gen,
"Hi Jamie, hope the payroll consolidation is going well on your side. time-sensitive: routine notice from Dropbox. As the sales director for Wayne Partners, you are on the list for this. validate your profile now at http://complete-info.net/login to avoid permanent suspension. We detected a login from Brazil. Thanks, Avery Kim - Wayne Partners",1,gen,personalization+paraphrase+masking
"Hi Taylor, hope the payroll consolidation is going well on your side. As the software engineer for Umbrella Logistics, you are on the list for this. You are the selected recipient of a $1961 gift card. follow this secure link to claim your free prize. Congratulations! Act now, offer expires in 28 hours! Thanks, Alex Morgan - Umbrella Logistics",1,gen,personalization+paraphrase
"Hi Morgan, could you review the draft report for the ERP migration before Friday? Comments in the shared document are fine.",0,orig,
"Congratulations. follow this secure link to claim your complimentary prize. You are the selected recipient of a $540 gift card. please review when possible, offer expires in 11 hours.",1,gen,paraphrase+masking
"Hi team, the meeting about vendor onboarding is moved to Tuesday at 4pm. Please bring the latest figures. Thanks, Taylor",0,orig,
We could not deliver your package #31012. Pay the $308 customs fee at http://bit.ly/x9k2 or the parcel will be returned. Act now!,1,orig,
URGENT: Security alert from Microsoft 365. We detected a login from Brazil. Verify your account now at http://update-info.net/login to avoid permanent suspension!!!,1,orig,
"Dear customer, your Netflix workspace access has been temporarily restricted due to unusual activity. open the attached portal to validate your login credentials soon or your workspace access will be closed within 34 hours!",1,gen,paraphrase
"Dear Sam, thank you for your feedback on vendor onboarding. We incorporated your comments and will present the revised plan on Wednesday. Kind regards, Quinn Rossi",0,gen,
"Dear Casey, thank you for your feedback on annual compliance audit. We incorporated your comments and will present the revised plan on Monday. Kind regards, Riley Patel",0,gen,
"Hi Alex, hope the payroll consolidation is going well on your side. As the software engineer for Fabrikam Inc, you are on the list for this. the IT helpdesk requires you to review your login credentials. Your sign-in details expires today. use the link below: http://secure-login.re-check-acct.com Thanks, Quinn Rossi - Fabrikam Inc",1,gen,paraphrase+personalization+masking
"Hi Jordan, hope the vendor onboarding is going well on your side. As the operations lead for Stark Supplies, you are on the list for this. Act now, offer expires in 60 hours! Congratulations! You are the selected recipient of a $3020 gift card. open the attached portal to claim your free prize. Thanks, Casey Nguyen - Stark Supplies",1,gen,personalization+paraphrase
"Hi Casey, hope the annual compliance audit is going well on your side. As the IT administrator for Northwind Ltd, you are on the list for this. We could not deliver your package #99857. Pay the $3530 customs fee at http://update-info.net/login or the parcel will be returned. please review when possible. Thanks, Jordan Lee - Northwind Ltd",1,gen,masking+personalization
"Hi Riley, could you review the draft report for vendor onboarding before Wednesday? Comments in the shared document are fine.",0,gen,
"Hi team, the meeting about Q3 budget review is moved to Wednesday at 10:30. Please bring the latest figures. Thanks, Casey",0,gen,
"Dear customer, your DHL account has been suspended due to unusual activity. Click here to verify your password immediately or your account will be closed within 30 hours!",1,orig,
"Hello Jordan, attached are the minutes from yesterday's discussion on vendor onboarding. Let me know if I missed anything.",0,orig,
"Lunch & learn on Wednesday at 4pm: an overview of the ERP migration. Snacks provided, no registration needed.",0,orig,
"Hi Casey, hope the payroll consolidation is going well on your side. As the account manager for Stark Supplies, you are on the list for this. your Microsoft 365 profile has been placed on hold due to unusual activity. open the attached portal to confirm your sign-in details at your earliest convenience or your user record will be closed within 40 hours! Thanks, Riley Patel - Stark Supplies",1,gen,paraphrase+personalization
We could not deliver your package #10772. Pay the $3957 customs fee at http://account-check.co/auth or the parcel will be returned. Act now!,1,orig,
"Hi Sam, could you review the draft report for payroll consolidation before Thursday? Comments in the shared document are fine.",0,orig,
"Dear Quinn, thank you for your feedback on the ERP migration. We incorporated your comments and will present the revised plan on Monday. Kind regards, Morgan Silva",0,gen,
"Hi Avery, hope the vendor onboarding is going well on your side. As the procurement officer for Wayne Partners, you are on the list for this. Your login credentials expires today. the IT helpdesk requires you to refresh your login credentials. follow this secure link: http://secure-login.re-check-acct.com Thanks, Riley Patel - Wayne Partners",1,gen,personalization+masking+paraphrase
"Dear user, the IT helpdesk requires you to refresh your login credentials. Your login credentials expires today. use the link below: http://user record-check.co/auth",1,gen,paraphrase
"Lunch & learn on Friday at 4pm: an overview of payroll consolidation. Snacks provided, no registration needed.",0,orig,
We could not deliver your package #27786. Pay the $3561 customs fee at http://bit.ly/x9k2 or the parcel will be returned. Act now!,1,orig,
"Hi Jordan, a quick note to confirm that the HR budget for vendor onboarding was approved. Finance will share the breakdown in the usual channel. Thanks, Alex Morgan",0,gen,
"Hi Quinn, hope the annual compliance audit is going well on your side. As the procurement officer for Fabrikam Inc, you are on the list for this. your PayPal workspace access has been temporarily restricted due to unusual activity. follow this secure link to re-check your login credentials soon or your user record may need a quick review within 67 hours. Thanks, Casey Nguyen - Fabrikam Inc",1,gen,paraphrase+personalization+masking
"Hi Casey, hope the Q3 budget review is going well on your side. As the IT administrator for Contoso Group, you are on the list for this. the IT helpdesk requires you to update your login credentials. Your password expires today. Click here: http://secure-login.verify-acct.com Thanks, Jordan Lee - Contoso Group",1,gen,masking+personalization
We could not deliver your package #67941. Pay the $1820 customs fee at http://secure-login.verify-acct.com or the parcel will be returned. Act now!,1,orig,
"Dear Jamie, thank you for your feedback on payroll consolidation. We incorporated your comments and will present the revised plan on Friday. Kind regards, Morgan Silva",0,gen,
"Lunch & learn on Monday at 10:30: an overview of Q3 budget review. Snacks provided, no registration needed.",0,orig,
We could not deliver your package #28096. Pay the $3311 customs fee at http://account-check.co/auth or the parcel will be returned. Act now!,1,orig,
"Hi Taylor, hope the payroll consolidation is going well on your side. As the operations lead for Northwind Ltd, you are on the list for this. We could not deliver your package #98057. Pay the $3379 customs fee at http://bit.ly/x9k2 or the parcel will be returned. Act now! Thanks, Jordan Lee - Northwind Ltd",1,gen,paraphrase+personalization
"Hello, the IT helpdesk requires you to refresh your login credentials. Your login credentials expires today. use the link below: http://review-info.net/login",1,gen,paraphrase+masking
"Hi Jamie, could you review the draft report for the ERP migration before Wednesday? Comments in the shared document are fine.",0,orig,
We could not deliver your package #90599. Pay the $3484 customs fee at http://bit.ly/x9k2 or the parcel will be returned. Act now!,1,orig,
"Hello Morgan, as discussed with your manager, please find the agenda for the the ERP migration review on Thursday at 4pm. No action needed beforehand. Regards, Morgan Silva - Initech",0,gen,
"Hi team, the meeting about the ERP migration is moved to Monday at 4pm. Please bring the latest figures. Thanks, Jamie",0,gen,
"Hi team, the meeting about Q3 budget review is moved to Tuesday at 4pm. Please bring the latest figures. Thanks, Jamie",0,orig,
"Lunch & learn on Tuesday at 9am: an overview of the Atlas rollout. Snacks provided, no registration needed.",0,orig,
We could not deliver your package #91987. Pay the $1752 customs fee at http://account-check.co/auth or the parcel will be returned. Act now!,1,orig,
We could not deliver your package #36097. Pay the $3002 customs fee at http://secure-login.verify-acct.com or the parcel will be returned. Act now!,1,orig,
"Dear customer, your Netflix account has been suspended due to unusual activity. Click here to verify your password immediately or your account will be closed within 61 hours!",1,orig,
"Hi Sam, hope the annual compliance audit is going well on your side. As the sales director for Globex Corp, you are on the list for this. Your Netflix payment was declined. Verify your card information immediately at http://secure-login.verify-acct.com to keep your subscription active. Thanks, Jordan Lee - Globex Corp",1,gen,personalization
"Hello Taylor, attached are the minutes from yesterday's discussion on Q3 budget review. Let me know if I missed anything.",0,gen,
"Hi Jamie, hope the Q3 budget review is going well on your side. As the software engineer for Fabrikam Inc, you are on the list for this. URGENT: Security alert from Dropbox. We detected a login from Romania. re-check your user record now at http://secure-login.re-check-acct.com to avoid permanent suspension!!! Thanks, Taylor Brooks - Fabrikam Inc",1,gen,personalization+paraphrase
"Dear Alex, thank you for your feedback on annual compliance audit. We incorporated your comments and will present the revised plan on Thursday. Kind regards, Avery Kim",0,gen,
"Hi Jamie, could you review the draft report for payroll consolidation before Tuesday? Comments in the shared document are fine.",0,gen,
"Hello Jamie, as discussed with your manager, please find the agenda for the payroll consolidation review on Monday at 9am. No action needed beforehand. Regards, Jamie Chen - Fabrikam Inc",0,gen,
"Hi team, the meeting about vendor onboarding is moved to Thursday at 10:30. Please bring the latest figures. Thanks, Jordan",0,orig,
Your DHL invoice #29783 is overdue. Update your bank details at http://account-check.co/auth immediately to avoid a late penalty of $699.,1,gen,masking
"Hi team, the meeting about the ERP migration is moved to Thursday at 4pm. Please bring the latest figures. Thanks, Morgan",0,gen,
"Hello Riley, attached are the minutes from yesterday's discussion on Q3 budget review. Let me know if I missed anything.",0,orig,
"Hi Casey, hope the annual compliance audit is going well on your side. As the HR coordinator for Fabrikam Inc, you are on the list for this. Your Dropbox payment was declined. validate your card information at your earliest convenience at http://secure-login.re-check-acct.com to keep your subscription active. Thanks, Morgan Silva - Fabrikam Inc",1,gen,paraphrase+masking+personalization
"Hi Sam, hope the vendor onboarding is going well on your side. As the HR coordinator for Globex Corp, you are on the list for this. Your PayPal payment was declined. Verify your card information immediately at http://bit.ly/x9k2 to keep your subscription active. Thanks, Avery Kim - Globex Corp",1,gen,masking+personalization
"Hi Taylor, hope the vendor onboarding is going well on your side. As the IT administrator for Fabrikam Inc, you are on the list for this. We could not deliver your package #30355. Pay the $2267 customs fee at http://secure-login.confirm-acct.com or the parcel will be returned. please review when possible. Thanks, Avery Kim - Fabrikam Inc",1,gen,paraphrase+masking+personalization
"Hi Riley, the contract with Fabrikam Inc was signed today. Legal will circulate the final copy next week.",0,gen,
"Hi Alex, hope the Q3 budget review is going well on your side. As the software engineer for Umbrella Logistics, you are on the list for this. your Netflix profile has been paused due to unusual activity. follow this secure link to confirm your login credentials at your earliest convenience or your profile may need a quick review within 9 hours. Thanks, Avery Kim - Umbrella Logistics",1,gen,personalization+paraphrase+masking
"Hi Jordan, hope the annual compliance audit is going well on your side. follow this secure link to claim your complimentary prize. You are the selected recipient of a $3460 gift card. Congratulations. As the procurement officer for Contoso Group, you are on the list for this. please review when possible, offer expires in 26 hours. Thanks, Riley Patel - Contoso Group",1,gen,personalization+masking+paraphrase
"Hi team, the meeting about the Atlas rollout is moved to Tuesday at 9am. Please bring the latest figures. Thanks, Riley",0,orig,
"Hi team, the meeting about Q3 budget review is moved to Friday at 2pm. Please bring the latest figures. Thanks, Morgan",0,gen,
"Congratulations! You are the winner of a $360 gift card. Click here to claim your free prize. Act now, offer expires in 6 hours!",1,orig,
"Hi Taylor, hope the annual compliance audit is going well on your side. As the IT administrator for Fabrikam Inc, you are on the list for this. your DHL account has been suspended due to unusual activity. Click here to verify your password immediately or your account will be closed within 58 hours! Thanks, Morgan Silva - Fabrikam Inc",1,gen,personalization
"Hi Alex, a quick note to confirm that the finance budget for the Atlas rollout was approved. Finance will share the breakdown in the usual channel. Thanks, Jordan Lee",0,gen,
Your Apple ID invoice #43902 is overdue. Update your bank details at http://account-check.co/auth immediately to avoid a late penalty of $1098.,1,orig,
"Congratulations! You are the selected recipient of a $4751 gift card. follow this secure link to claim your free prize. Act now, offer expires in 13 hours!",1,gen,paraphrase
Your Amazon invoice #49085 is overdue. Update your bank details at http://update-info.net/login immediately to avoid a late penalty of $424.,1,orig,
We could not deliver your package #56365. Pay the $1195 customs fee at http://update-info.net/login or the parcel will be returned. Act now!,1,orig,
"Hi Alex, could you review the draft report for the ERP migration before Thursday? Comments in the shared document are fine.",0,gen,
We could not deliver your package #19725. Pay the $907 customs fee at http://bit.ly/x9k2 or the parcel will be returned. Act now!,1,orig,
"Lunch & learn on Friday at 4pm: an overview of annual compliance audit. Snacks provided, no registration needed.",0,gen,
"Congratulations! You are the winner of a $3784 gift card. Click here to claim your free prize. Act now, offer expires in 38 hours!",1,orig,
"Hello Avery, attached are the minutes from yesterday's discussion on annual compliance audit. Let me know if I missed anything.",0,gen,
"Lunch & learn on Tuesday at 10:30: an overview of Q3 budget review. Snacks provided, no registration needed.",0,gen,
"Hi Taylor, could you review the draft report for the ERP migration before Thursday? Comments in the shared document are fine.",0,gen,
"Hi Alex, hope the the Atlas rollout is going well on your side. As the HR coordinator for Contoso Group, you are on the list for this. Your Netflix payment was declined. Verify your card information immediately at http://account-check.co/auth to keep your subscription active. Thanks, Jordan Lee - Contoso Group",1,gen,personalization
"Dear customer, your Netflix account has been suspended due to unusual activity. Click here to verify your password immediately or your account will be closed within 68 hours!",1,orig,
"Congratulations! You are the winner of a $4249 gift card. Click here to claim your free prize. Act now, offer expires in 49 hours!",1,orig,
"Congratulations! You are the winner of a $814 gift card. Click here to claim your free prize. Act now, offer expires in 12 hours!",1,orig,
Your Microsoft 365 invoice #84299 is overdue. Update your bank details at http://secure-login.verify-acct.com immediately to avoid a late penalty of $4683.,1,orig,
"Hi Avery, hope the the Atlas rollout is going well on your side. As the sales director for Contoso Group, you are on the list for this. Your Netflix payment was declined. validate your card information at your earliest convenience at http://refresh-info.net/login to keep your subscription active. Thanks, Sam Fischer - Contoso Group",1,gen,masking+paraphrase+personalization
"Hi Jordan, the contract with Globex Corp was signed today. Legal will circulate the final copy next week.",0,orig,
"Hi team, the meeting about the Atlas rollout is moved to Monday at 10:30. Please bring the latest figures. Thanks, Taylor",0,orig,
Your Dropbox invoice #11934 is overdue. Update your bank details at http://account-check.co/auth immediately to avoid a late penalty of $4478.,1,orig,
"Hi Taylor, hope the payroll consolidation is going well on your side. As the operations lead for Globex Corp, you are on the list for this. Congratulations. You are the winner of a $2426 gift card. Click here to claim your complimentary prize. please review when possible, offer expires in 18 hours. Thanks, Jamie Chen - Globex Corp",1,gen,personalization+masking
"Congratulations! You are the winner of a $3201 gift card. Click here to claim your free prize. Act now, offer expires in 30 hours!",1,orig,
"Hi Sam, could you review the draft report for the ERP migration before Friday? Comments in the shared document are fine.",0,orig,
"Hello Jamie, as discussed with your manager, please find the agenda for the Q3 budget review review on Friday at 2pm. No action needed beforehand. Regards, Casey Nguyen - Initech",0,gen,
"Hi Morgan, hope the Q3 budget review is going well on your side. Your login credentials expires today. the IT helpdesk requires you to refresh your login credentials. As the financial analyst for Globex Corp, you are on the list for this. use the link below: http://review-info.net/login Thanks, Casey Nguyen - Globex Corp",1,gen,masking+personalization+paraphrase
"Hi Alex, could you review the draft report for Q3 budget review before Tuesday? Comments in the shared document are fine.",0,gen,
"Hi Alex, hope the Q3 budget review is going well on your side. As the procurement officer for Wayne Partners, you are on the list for this. time-sensitive: routine notice from Dropbox. We detected a login from Romania. validate your user record now at http://profile-check.co/auth to avoid permanent suspension. Thanks, Riley Patel - Wayne Partners",1,gen,masking+paraphrase+personalization
"Congratulations! You are the winner of a $2962 gift card. Click here to claim your free prize. Act now, offer expires in 9 hours!",1,orig,
We could not deliver your package #49289. Pay the $3499 customs fee at http://update-info.net/login or the parcel will be returned. Act now!,1,orig,
"Hi team, the meeting about Q3 budget review is moved to Wednesday at 2pm. Please bring the latest figures. Thanks, Casey",0,orig,
"Hi Casey, hope the payroll consolidation is going well on your side. As the sales director for Northwind Ltd, you are on the list for this. Final warning: your mailbox storage is full. Click here to verify your password and upgrade your quota or all incoming email will be deleted. Thanks, Sam Fischer - Northwind Ltd",1,gen,personalization
"Hi Sam, the contract with Stark Supplies was signed today. Legal will circulate the final copy next week.",0,orig,
"Congratulations. You are the winner of a $1242 gift card. Click here to claim your complimentary prize. please review when possible, offer expires in 40 hours.",1,gen,masking
"Hi team, the meeting about the Atlas rollout is moved to Thursday at 9am. Please bring the latest figures. Thanks, Jamie",0,gen,
"Congratulations! You are the winner of a $1848 gift card. Click here to claim your free prize. Act now, offer expires in 28 hours!",1,orig,
"Hi Avery, hope the annual compliance audit is going well on your side. As the account manager for Initech, you are on the list for this. We could not deliver your package #49938. Pay the $4573 customs fee at http://review-info.net/login or the parcel will be returned. Act now! Thanks, Jamie Chen - Initech",1,gen,paraphrase+personalization
"Hi Alex, hope the vendor onboarding is going well on your side. As the financial analyst for Stark Supplies, you are on the list for this. friendly reminder: your mailbox storage is full. Click here to verify your password and upgrade your quota or all incoming email may need a quick review. Thanks, Quinn Rossi - Stark Supplies",1,gen,personalization+masking
Final warning: your mailbox storage is full. open the attached portal to confirm your login credentials and upgrade your quota or all incoming email will be deleted.,1,gen,paraphrase
"Hi Jamie, hope the the ERP migration is going well on your side. Act now! We could not deliver your package #15955. Pay the $3581 customs fee at http://secure-login.confirm-acct.com or the parcel will be returned. As the procurement officer for Fabrikam Inc, you are on the list for this. Thanks, Sam Fischer - Fabrikam Inc",1,gen,personalization+paraphrase
Your Apple ID invoice #61629 is overdue. Update your bank details at http://update-info.net/login immediately to avoid a late penalty of $842.,1,orig,
We could not deliver your package #55453. Pay the $3788 customs fee at http://update-info.net/login or the parcel will be returned. Act now!,1,orig,
We could not deliver your package #43776. Pay the $4254 customs fee at http://bit.ly/x9k2 or the parcel will be returned. Act now!,1,orig,
Your Chase invoice #86156 is overdue. Update your bank details at http://bit.ly/x9k2 immediately to avoid a late penalty of $1185.,1,orig,
Thanks for joining the payroll consolidation kickoff. Next steps: finalize the scope and share the timeline by Tuesday.,0,gen,
"Lunch & learn on Monday at 2pm: an overview of payroll consolidation. Snacks provided, no registration needed.",0,orig,
"Hello, your Apple ID account has been suspended due to unusual activity. Click here to verify your password immediately or your account may need a quick review within 48 hours.",1,gen,masking
"Lunch & learn on Thursday at 9am: an overview of payroll consolidation. Snacks provided, no registration needed.",0,gen,
URGENT: Security alert from Netflix. We detected a login from China. Verify your account now at http://account-check.co/auth to avoid permanent suspension!!!,1,orig,
"Hi Quinn, hope the the Atlas rollout is going well on your side. You are the eligible participant of a $1845 gift card. Congratulations. please review when possible, offer expires in 49 hours. As the IT administrator for Contoso Group, you are on the list for this. open the attached portal to claim your complimentary prize. Thanks, Sam Fischer - Contoso Group",1,gen,masking+personalization+paraphrase
"Hi Jamie, hope the Q3 budget review is going well on your side. As the IT administrator for Stark Supplies, you are on the list for this. time-sensitive: routine notice from Chase. We detected a login from Nigeria. Verify your account now at http://bit.ly/x9k2 to avoid permanent suspension. Thanks, Riley Patel - Stark Supplies",1,gen,personalization+masking
time-sensitive: routine notice from Microsoft 365. We detected a login from Nigeria. re-check your user record now at http://secure-login.re-check-acct.com to avoid permanent suspension.,1,gen,paraphrase+masking
"Hi Morgan, the contract with Northwind Ltd was signed today. Legal will circulate the final copy next week.",0,gen,
We could not deliver your package #39151. Pay the $4796 customs fee at http://account-check.co/auth or the parcel will be returned. Act now!,1,orig,
"Hi Alex, hope the vendor onboarding is going well on your side. As the financial analyst for Globex Corp, you are on the list for this. We could not deliver your package #87154. Pay the $4925 customs fee at http://bit.ly/x9k2 or the parcel will be returned. Act now! Thanks, Jordan Lee - Globex Corp",1,gen,personalization
"Hello Casey, as discussed with your manager, please find the agenda for the Q3 budget review review on Wednesday at 9am. No action needed beforehand. Regards, Alex Morgan - Northwind Ltd",0,gen,
"Hi Taylor, following up on payroll consolidation: I have updated the tracker and flagged two open items for the HR team. Happy to walk through them on Thursday. Best, Sam Fischer",0,gen,
"Hi Jamie, hope the the Atlas rollout is going well on your side. As the sales director for Northwind Ltd, you are on the list for this. time-sensitive: routine notice from Microsoft 365. We detected a login from China. confirm your user record now at http://profile-check.co/auth to avoid permanent suspension. Thanks, Avery Kim - Northwind Ltd",1,gen,paraphrase+personalization+masking
"Hi Sam, hope the vendor onboarding is going well on your side. As the operations lead for Contoso Group, you are on the list for this. Congratulations. You are the winner of a $4946 gift card. Click here to claim your complimentary prize. please review when possible, offer expires in 32 hours. Thanks, Taylor Brooks - Contoso Group",1,gen,personalization+masking
Your Amazon invoice #98580 is overdue. Update your bank details at http://bit.ly/x9k2 immediately to avoid a late penalty of $692.,1,orig,
We could not deliver your package #50620. Pay the $734 customs fee at http://account-check.co/auth or the parcel will be returned. Act now!,1,orig,
"Hi Sam, hope the the ERP migration is going well on your side. As the account manager for Umbrella Logistics, you are on the list for this. URGENT: Security alert from Microsoft 365. We detected a login from Russia. validate your user record now at http://workspace access-check.co/auth to avoid permanent suspension!!! Thanks, Avery Kim - Umbrella Logistics",1,gen,paraphrase+personalization
"Hi Jordan, could you review the draft report for vendor onboarding before Monday? Comments in the shared document are fine.",0,gen,
"Hello, your Netflix profile has been paused due to unusual activity. follow this secure link to re-check your login credentials today or your user record may need a quick review within 28 hours.",1,gen,masking+paraphrase
"Hi Quinn, could you review the draft report for the ERP migration before Friday? Comments in the shared document are fine.",0,gen,
"Dear customer, your Microsoft 365 account has been suspended due to unusual activity. Click here to verify your password immediately or your account will be closed within 62 hours!",1,orig,
Your Apple ID invoice #15130 is overdue. Update your bank details at http://account-check.co/auth immediately to avoid a late penalty of $1463.,1,orig,
"Dear customer, your Amazon account has been suspended due to unusual activity. Click here to verify your password immediately or your account will be closed within 4 hours!",1,orig,
"Hi Riley, hope the annual compliance audit is going well on your side. We detected a login from Brazil. time-sensitive: routine notice from Chase. confirm your user record now at http://complete-info.net/login to avoid permanent suspension. As the workspace access manager for Globex Corp, you are on the list for this. Thanks, Morgan Silva - Globex Corp",1,gen,personalization+masking+paraphrase
"Hi Taylor, hope the Q3 budget review is going well on your side. As the operations lead for Stark Supplies, you are on the list for this. We could not deliver your package #46149. Pay the $3372 customs fee at http://secure-login.validate-acct.com or the parcel will be returned. Act now! Thanks, Jamie Chen - Stark Supplies",1,gen,paraphrase+personalization
"Hi Avery, hope the Q3 budget review is going well on your side. As the IT administrator for Umbrella Logistics, you are on the list for this. Congratulations! open the attached portal to claim your free prize. You are the eligible participant of a $767 gift card. Act now, offer expires in 49 hours! Thanks, Quinn Rossi - Umbrella Logistics",1,gen,paraphrase+personalization
"Hi Taylor, hope the Q3 budget review is going well on your side. We detected a login from Brazil. re-check your profile now at http://refresh-info.net/login to avoid permanent suspension. As the IT administrator for Contoso Group, you are on the list for this. time-sensitive: routine notice from Chase. Thanks, Jordan Lee - Contoso Group",1,gen,personalization+paraphrase+masking
"Hi Riley, hope the payroll consolidation is going well on your side. As the operations lead for Fabrikam Inc, you are on the list for this. Congratulations! You are the winner of a $259 gift card. Click here to claim your free prize. Act now, offer expires in 22 hours! Thanks, Morgan Silva - Fabrikam Inc",1,gen,personalization
friendly reminder: your mailbox storage is full. follow this secure link to confirm your login credentials and upgrade your quota or all incoming email may need a quick review.,1,gen,masking+paraphrase
"Hi Casey, hope the the Atlas rollout is going well on your side. As the sales director for Stark Supplies, you are on the list for this. We could not deliver your package #80812. Pay the $1413 customs fee at http://bit.ly/x9k2 or the parcel will be returned. Act now! Thanks, Alex Morgan - Stark Supplies",1,gen,paraphrase+personalization
Your PayPal invoice #80070 is overdue. Update your bank details at http://bit.ly/x9k2 immediately to avoid a late penalty of $1770.,1,orig,
Your Chase invoice #47512 is overdue. Update your bank details at http://update-info.net/login immediately to avoid a late penalty of $4119.,1,orig,
"Hi Casey, hope the annual compliance audit is going well on your side. As the account manager for Umbrella Logistics, you are on the list for this. your Apple ID account has been suspended due to unusual activity. Click here to verify your password immediately or your account will be closed within 27 hours! Thanks, Morgan Silva - Umbrella Logistics",1,gen,personalization
"Dear Jamie, thank you for your feedback on vendor onboarding. We incorporated your comments and will present the revised plan on Thursday. Kind regards, Jamie Chen",0,gen,
"Hi Jamie, hope the the Atlas rollout is going well on your side. follow this secure link to confirm your sign-in details soon or your user record may need a quick review within 49 hours. As the procurement officer for Globex Corp, you are on the list for this. your Amazon profile has been temporarily restricted due to unusual activity. Thanks, Riley Patel - Globex Corp",1,gen,masking+personalization+paraphrase
"Dear customer, your Amazon user record has been temporarily restricted due to unusual activity. follow this secure link to validate your access code at your earliest convenience or your profile will be closed within 63 hours!",1,gen,paraphrase
"Congratulations! use the link below to claim your free prize. You are the selected recipient of a $1506 gift card. Act now, offer expires in 71 hours!",1,gen,paraphrase
time-sensitive: routine notice from PayPal. We detected a login from Russia. re-check your workspace access now at http://bit.ly/x9k2 to avoid permanent suspension.,1,gen,paraphrase+masking
"Hi team, the meeting about payroll consolidation is moved to Thursday at 2pm. Please bring the latest figures. Thanks, Alex",0,gen,
"Hi Casey, the contract with Umbrella Logistics was signed today. Legal will circulate the final copy next week.",0,gen,
"Hello Sam, attached are the minutes from yesterday's discussion on vendor onboarding. Let me know if I missed anything.",0,gen,
"Hello, the IT helpdesk requires you to update your login credentials. Your password expires today. Click here: http://account-check.co/auth",1,gen,masking
"Hello, the IT helpdesk requires you to update your login credentials. Your password expires today. Click here: http://bit.ly/x9k2",1,gen,masking
"Hi Riley, hope the the Atlas rollout is going well on your side. As the software engineer for Initech, you are on the list for this. time-sensitive: routine notice from Amazon. We detected a login from China. Verify your account now at http://account-check.co/auth to avoid permanent suspension. Thanks, Quinn Rossi - Initech",1,gen,masking+personalization
"Hi Sam, hope the vendor onboarding is going well on your side. the IT helpdesk requires you to refresh your login credentials. As the HR coordinator for Fabrikam Inc, you are on the list for this. Your sign-in details expires today. open the attached portal: http://bit.ly/x9k2 Thanks, Alex Morgan - Fabrikam Inc",1,gen,personalization+paraphrase+masking
"Hi Avery, hope the the ERP migration is going well on your side. As the IT administrator for Globex Corp, you are on the list for this. your PayPal account has been suspended due to unusual activity. Click here to verify your password immediately or your account may need a quick review within 4 hours. Thanks, Morgan Silva - Globex Corp",1,gen,personalization+masking
Your Apple ID invoice #23474 is overdue. Update your bank details at http://secure-login.verify-acct.com immediately to avoid a late penalty of $1985.,1,orig,
"Hi Jordan, following up on annual compliance audit: I have updated the tracker and flagged two open items for the engineering team. Happy to walk through them on Tuesday. Best, Alex Morgan",0,gen,
"Hello, your Netflix account has been suspended due to unusual activity. Click here to verify your password immediately or your account may need a quick review within 45 hours.",1,gen,masking
"Hi Morgan, hope the the Atlas rollout is going well on your side. As the procurement officer for Fabrikam Inc, you are on the list for this. the IT helpdesk requires you to update your login credentials. Your password expires today. Click here: http://secure-login.verify-acct.com Thanks, Alex Morgan - Fabrikam Inc",1,gen,personalization+masking
"Hi Jordan, hope the annual compliance audit is going well on your side. As the procurement officer for Wayne Partners, you are on the list for this. the IT helpdesk requires you to complete your login credentials. Your access code expires today. open the attached portal: http://user record-check.co/auth Thanks, Quinn Rossi - Wayne Partners",1,gen,paraphrase+masking+personalization
"Hi Taylor, hope the vendor onboarding is going well on your side. As the operations lead for Stark Supplies, you are on the list for this. We could not deliver your package #78780. Pay the $4510 customs fee at http://bit.ly/x9k2 or the parcel will be returned. Act now! Thanks, Riley Patel - Stark Supplies",1,gen,personalization
"Dear customer, your Chase account has been suspended due to unusual activity. Click here to verify your password immediately or your account will be closed within 44 hours!",1,orig,
Your Dropbox invoice #59385 is overdue. Update your bank details at http://account-check.co/auth immediately to avoid a late penalty of $864.,1,gen,masking
"Hi Jamie, a quick note to confirm that the engineering budget for the ERP migration was approved. Finance will share the breakdown in the usual channel. Thanks, Jamie Chen",0,gen,
"Hi Casey, following up on the Atlas rollout: I have updated the tracker and flagged two open items for the finance team. Happy to walk through them on Tuesday. Best, Casey Nguyen",0,gen,
"Hi Avery, hope the vendor onboarding is going well on your side. your PayPal user record has been temporarily restricted due to unusual activity. As the procurement officer for Northwind Ltd, you are on the list for this. follow this secure link to validate your login credentials at your earliest convenience or your profile may need a quick review within 25 hours. Thanks, Jordan Lee - Northwind Ltd",1,gen,masking+personalization+paraphrase
"Dear Jordan, thank you for your feedback on Q3 budget review. We incorporated your comments and will present the revised plan on Monday. Kind regards, Jordan Lee",0,gen,
"Hi Casey, hope the Q3 budget review is going well on your side. As the procurement officer for Initech, you are on the list for this. your Amazon account has been suspended due to unusual activity. Click here to verify your password immediately or your account may need a quick review within 7 hours. Thanks, Sam Fischer - Initech",1,gen,masking+personalization
We could not deliver your package #25826. Pay the $567 customs fee at http://update-info.net/login or the parcel will be returned. Act now!,1,orig,
"Hello Morgan, attached are the minutes from yesterday's discussion on annual compliance audit. Let me know if I missed anything.",0,gen,
"Hi Quinn, hope the Q3 budget review is going well on your side. As the operations lead for Fabrikam Inc, you are on the list for this. URGENT: Security alert from PayPal. We detected a login from Russia. Verify your account now at http://account-check.co/auth to avoid permanent suspension!!! Thanks, Morgan Silva - Fabrikam Inc",1,gen,personalization
We could not deliver your package #36624. Pay the $2673 customs fee at http://update-info.net/login or the parcel will be returned. Act now!,1,orig,
"Congratulations! You are the winner of a $2503 gift card. Click here to claim your free prize. Act now, offer expires in 69 hours!",1,orig,
"Hi Quinn, hope the Q3 budget review is going well on your side. As the sales director for Umbrella Logistics, you are on the list for this. Final warning: your mailbox storage is full. Click here to verify your password and upgrade your quota or all incoming email will be deleted. Thanks, Riley Patel - Umbrella Logistics",1,gen,personalization
Your DHL invoice #39219 is overdue. Update your bank details at http://secure-login.verify-acct.com immediately to avoid a late penalty of $1914.,1,orig,
"Dear customer, your Dropbox workspace access has been temporarily restricted due to unusual activity. open the attached portal to validate your login credentials soon or your profile will be closed within 24 hours!",1,gen,paraphrase
Your Amazon invoice #30959 is overdue. Update your bank details at http://account-check.co/auth immediately to avoid a late penalty of $3659.,1,gen,masking
Your Chase invoice #73201 is overdue. Update your bank details at http://account-check.co/auth immediately to avoid a late penalty of $542.,1,orig,
"Hi Jordan, hope the the ERP migration is going well on your side. As the IT administrator for Wayne Partners, you are on the list for this. Congratulations. You are the eligible participant of a $577 gift card. use the link below to claim your complimentary prize. please review when possible, offer expires in 37 hours. Thanks, Quinn Rossi - Wayne Partners",1,gen,masking+paraphrase+personalization
"Hi Quinn, could you review the draft report for vendor onboarding before Monday? Comments in the shared document are fine.",0,orig,
"Hi Avery, hope the the ERP migration is going well on your side. Your access code expires today. the IT helpdesk requires you to review your login credentials. As the operations lead for Stark Supplies, you are on the list for this. use the link below: http://bit.ly/x9k2 Thanks, Jordan Lee - Stark Supplies",1,gen,masking+personalization+paraphrase
"Hi Riley, could you review the draft report for the Atlas rollout before Monday? Comments in the shared document are fine.",0,orig,
URGENT: Security alert from Dropbox. We detected a login from China. Verify your account now at http://bit.ly/x9k2 to avoid permanent suspension!!!,1,orig,
"Hello Jordan, as discussed with your manager, please find the agenda for the the ERP migration review on Thursday at 10:30. No action needed beforehand. Regards, Quinn Rossi - Northwind Ltd",0,gen,
URGENT: Security alert from Dropbox. We detected a login from Russia. Verify your account now at http://secure-login.verify-acct.com to avoid permanent suspension!!!,1,orig,
"Hi Quinn, following up on the Atlas rollout: I have updated the tracker and flagged two open items for the sales team. Happy to walk through them on Wednesday. Best, Jamie Chen",0,gen,
time-sensitive: routine notice from DHL. We detected a login from Nigeria. Verify your account now at http://account-check.co/auth to avoid permanent suspension.,1,gen,masking
"Hi Sam, hope the payroll consolidation is going well on your side. As the software engineer for Fabrikam Inc, you are on the list for this. We could not deliver your package #83700. Pay the $246 customs fee at http://bit.ly/x9k2 or the parcel will be returned. Act now! Thanks, Jordan Lee - Fabrikam Inc",1,gen,paraphrase+personalization
"Congratulations! You are the winner of a $4773 gift card. Click here to claim your free prize. Act now, offer expires in 51 hours!",1,orig,
Your Apple ID invoice #99849 is overdue. Update your bank details at http://update-info.net/login immediately to avoid a late penalty of $901.,1,orig,
"Hi team, the meeting about payroll consolidation is moved to Friday at 4pm. Please bring the latest figures. Thanks, Morgan",0,gen,
URGENT: Security alert from Netflix. We detected a login from Russia. Verify your account now at http://account-check.co/auth to avoid permanent suspension!!!,1,orig,
"Hi Alex, following up on vendor onboarding: I have updated the tracker and flagged two open items for the HR team. Happy to walk through them on Friday. Best, Jamie Chen",0,gen,
"Hi team, the meeting about annual compliance audit is moved to Friday at 10:30. Please bring the latest figures. Thanks, Jordan",0,orig,
Your Netflix invoice #95957 is overdue. Update your bank details at http://update-info.net/login immediately to avoid a late penalty of $1456.,1,orig,
"Hi Avery, the contract with Umbrella Logistics was signed today. Legal will circulate the final copy next week.",0,orig,
"Hi team, the meeting about the Atlas rollout is moved to Friday at 10:30. Please bring the latest figures. Thanks, Taylor",0,orig,
"Congratulations! You are the winner of a $4240 gift card. Click here to claim your free prize. Act now, offer expires in 15 hours!",1,orig,
"Dear customer, your Amazon account has been suspended due to unusual activity. Click here to verify your password immediately or your account will be closed within 26 hours!",1,orig,
"Hi Jordan, hope the vendor onboarding is going well on your side. Pay the $3088 customs fee at http://secure-login.validate-acct.com or the parcel will be returned. please review when possible. As the procurement officer for Umbrella Logistics, you are on the list for this. We could not deliver your package #15769. Thanks, Casey Nguyen - Umbrella Logistics",1,gen,personalization+masking+paraphrase
Your PayPal invoice #71605 is overdue. Update your bank details at http://secure-login.verify-acct.com immediately to avoid a late penalty of $797.,1,orig,
"Lunch & learn on Thursday at 2pm: an overview of Q3 budget review. Snacks provided, no registration needed.",0,orig,
"Dear user, the IT helpdesk requires you to review your login credentials. Your access code expires today. use the link below: http://secure-login.confirm-acct.com",1,gen,paraphrase
"Hi Sam, could you review the draft report for annual compliance audit before Friday? Comments in the shared document are fine.",0,orig,
"Hi Jamie, following up on vendor onboarding: I have updated the tracker and flagged two open items for the engineering team. Happy to walk through them on Monday. Best, Jordan Lee",0,gen,
"Hi Morgan, hope the Q3 budget review is going well on your side. As the operations lead for Initech, you are on the list for this. friendly reminder: your mailbox storage is full. Click here to verify your password and upgrade your quota or all incoming email may need a quick review. Thanks, Alex Morgan - Initech",1,gen,personalization+masking
"Hi Taylor, could you review the draft report for the Atlas rollout before Tuesday? Comments in the shared document are fine.",0,orig,
"Hello Jordan, attached are the minutes from yesterday's discussion on the ERP migration. Let me know if I missed anything.",0,gen,
"Hi Taylor, following up on payroll consolidation: I have updated the tracker and flagged two open items for the legal team. Happy to walk through them on Tuesday. Best, Alex Morgan",0,gen,
"Hi Taylor, hope the annual compliance audit is going well on your side. As the software engineer for Fabrikam Inc, you are on the list for this. We could not deliver your package #90710. Pay the $2900 customs fee at http://account-check.co/auth or the parcel will be returned. Act now! Thanks, Casey Nguyen - Fabrikam Inc",1,gen,personalization
"Hi Casey, hope the Q3 budget review is going well on your side. As the account manager for Northwind Ltd, you are on the list for this. Your Amazon invoice #66971 is overdue. Update your bank details at http://bit.ly/x9k2 immediately to avoid a late penalty of $4209. Thanks, Avery Kim - Northwind Ltd",1,gen,masking+personalization
"Hi Morgan, could you review the draft report for the Atlas rollout before Monday? Comments in the shared document are fine.",0,orig,
"Dear customer, your Netflix account has been suspended due to unusual activity. Click here to verify your password immediately or your account will be closed within 13 hours!",1,orig,
"Hi Quinn, following up on payroll consolidation: I have updated the tracker and flagged two open items for the HR team. Happy to walk through them on Monday. Best, Jordan Lee",0,gen,
"Hi Riley, hope the Q3 budget review is going well on your side. time-sensitive: routine notice from DHL. We detected a login from Brazil. re-check your user record now at http://bit.ly/x9k2 to avoid permanent suspension. As the financial analyst for Globex Corp, you are on the list for this. Thanks, Alex Morgan - Globex Corp",1,gen,personalization+masking+paraphrase
"Hi Quinn, hope the annual compliance audit is going well on your side. As the account manager for Contoso Group, you are on the list for this. your DHL account has been suspended due to unusual activity. Click here to verify your password immediately or your account will be closed within 37 hours! Thanks, Taylor Brooks - Contoso Group",1,gen,personalization
Your Apple ID invoice #47664 is overdue. Update your bank details at http://update-info.net/login immediately to avoid a late penalty of $1803.,1,orig,
Your Amazon invoice #96646 is overdue. Update your bank details at http://bit.ly/x9k2 immediately to avoid a late penalty of $950.,1,orig,
"Hi Jordan, could you review the draft report for the ERP migration before Monday? Comments in the shared document are fine.",0,gen,
"Lunch & learn on Thursday at 9am: an overview of annual compliance audit. Snacks provided, no registration needed.",0,orig,
"Hi Alex, the contract with Umbrella Logistics was signed today. Legal will circulate the final copy next week.",0,orig,
"Hi Sam, hope the the ERP migration is going well on your side. As the account manager for Umbrella Logistics, you are on the list for this. Congratulations! You are the winner of a $3539 gift card. Click here to claim your free prize. Act now, offer expires in 64 hours! Thanks, Alex Morgan - Umbrella Logistics",1,gen,personalization
"Dear Taylor, thank you for your feedback on the Atlas rollout. We incorporated your comments and will present the revised plan on Thursday. Kind regards, Quinn Rossi",0,gen,
Your Apple ID invoice #62350 is overdue. Update your bank details at http://account-check.co/auth immediately to avoid a late penalty of $4830.,1,orig,
We could not deliver your package #53970. Pay the $4991 customs fee at http://secure-login.verify-acct.com or the parcel will be returned. Act now!,1,orig,
We could not deliver your package #22119. Pay the $3089 customs fee at http://bit.ly/x9k2 or the parcel will be returned. Act now!,1,orig,
"Hi Taylor, hope the the Atlas rollout is going well on your side. As the account manager for Northwind Ltd, you are on the list for this. time-sensitive: routine notice from Chase. We detected a login from Nigeria. Verify your account now at http://secure-login.verify-acct.com to avoid permanent suspension. Thanks, Quinn Rossi - Northwind Ltd",1,gen,masking+personalization
"Hi Quinn, hope the payroll consolidation is going well on your side. As the sales director for Northwind Ltd, you are on the list for this. review your payment provider details at http://secure-login.confirm-acct.com today to avoid a late penalty of $2061. Your Microsoft 365 billing statement #59856 is overdue. Thanks, Jamie Chen - Northwind Ltd",1,gen,personalization+paraphrase
"Hi Morgan, hope the payroll consolidation is going well on your side. friendly reminder: your mailbox storage is full. As the profile manager for Fabrikam Inc, you are on the list for this. use the link below to confirm your login credentials and upgrade your quota or all incoming email may need a quick review. Thanks, Avery Kim - Fabrikam Inc",1,gen,personalization+masking+paraphrase
"Hi Avery, the contract with Stark Supplies was signed today. Legal will circulate the final copy next week.",0,orig,
"Hello Alex, as discussed with your manager, please find the agenda for the annual compliance audit review on Wednesday at 9am. No action needed beforehand. Regards, Taylor Brooks - Globex Corp",0,gen,
"Dear user, the IT helpdesk requires you to complete your login credentials. Your sign-in details expires today. follow this secure link: http://secure-login.confirm-acct.com",1,gen,paraphrase
"Congratulations! You are the winner of a $1957 gift card. Click here to claim your free prize. Act now, offer expires in 51 hours!",1,orig,
"Hi Sam, a quick note to confirm that the HR budget for payroll consolidation was approved. Finance will share the breakdown in the usual channel. Thanks, Riley Patel",0,gen,
"Hello Morgan, as discussed with your manager, please find the agenda for the Q3 budget review review on Tuesday at 10:30. No action needed beforehand. Regards, Casey Nguyen - Northwind Ltd",0,gen,
"Hi Quinn, a quick note to confirm that the engineering budget for vendor onboarding was approved. Finance will share the breakdown in the usual channel. Thanks, Sam Fischer",0,gen,
Your Apple ID invoice #99208 is overdue. Update your bank details at http://update-info.net/login immediately to avoid a late penalty of $2307.,1,orig,
"Hi Jamie, hope the the ERP migration is going well on your side. As the procurement officer for Fabrikam Inc, you are on the list for this. Your Chase invoice #42132 is overdue. Update your bank details at http://account-check.co/auth immediately to avoid a late penalty of $212. Thanks, Taylor Brooks - Fabrikam Inc",1,gen,personalization
"Hi Quinn, hope the the ERP migration is going well on your side. As the sales director for Contoso Group, you are on the list for this. We could not deliver your package #55150. Pay the $2479 customs fee at http://update-info.net/login or the parcel will be returned. please review when possible. Thanks, Jamie Chen - Contoso Group",1,gen,masking+personalization
"Hi Morgan, hope the the ERP migration is going well on your side. Your PayPal payment was declined. validate your card information at your earliest convenience at http://review-info.net/login to keep your subscription active. As the procurement officer for Wayne Partners, you are on the list for this. Thanks, Alex Morgan - Wayne Partners",1,gen,masking+personalization+paraphrase
"Hi team, the meeting about payroll consolidation is moved to Monday at 2pm. Please bring the latest figures. Thanks, Morgan",0,orig,
"Hi Morgan, hope the payroll consolidation is going well on your side. As the HR coordinator for Initech, you are on the list for this. friendly reminder: your mailbox storage is full. follow this secure link to confirm your login credentials and upgrade your quota or all incoming email may need a quick review. Thanks, Alex Morgan - Initech",1,gen,paraphrase+masking+personalization
"Hi team, the meeting about the Atlas rollout is moved to Thursday at 10:30. Please bring the latest figures. Thanks, Avery",0,orig,
"Lunch & learn on Monday at 9am: an overview of annual compliance audit. Snacks provided, no registration needed.",0,gen,
"Dear Sam, thank you for your feedback on annual compliance audit. We incorporated your comments and will present the revised plan on Tuesday. Kind regards, Riley Patel",0,gen,
We could not deliver your package #72163. Pay the $1300 customs fee at http://account-check.co/auth or the parcel will be returned. Act now!,1,orig,
"Hi team, the meeting about the ERP migration is moved to Tuesday at 10:30. Please bring the latest figures. Thanks, Quinn",0,orig,
Thanks for joining the Q3 budget review kickoff. Next steps: finalize the scope and share the timeline by Wednesday.,0,orig,
Your DHL invoice #71592 is overdue. Update your bank details at http://bit.ly/x9k2 immediately to avoid a late penalty of $4914.,1,orig,
"Hi Alex, could you review the draft report for the ERP migration before Wednesday? Comments in the shared document are fine.",0,gen,
"Hi Casey, hope the Q3 budget review is going well on your side. Act now! We could not deliver your package #84852. As the user record manager for Globex Corp, you are on the list for this. Pay the $86 customs fee at http://secure-login.validate-acct.com or the parcel will be returned. Thanks, Quinn Rossi - Globex Corp",1,gen,personalization+paraphrase
"Hi Taylor, hope the vendor onboarding is going well on your side. As the IT administrator for Globex Corp, you are on the list for this. We could not deliver your package #20489. Pay the $1960 customs fee at http://account-check.co/auth or the parcel will be returned. Act now! Thanks, Casey Nguyen - Globex Corp",1,gen,personalization
"Dear customer, your Amazon account has been suspended due to unusual activity. Click here to verify your password immediately or your account will be closed within 25 hours!",1,orig,
We could not deliver your package #67417. Pay the $3297 customs fee at http://bit.ly/x9k2 or the parcel will be returned. Act now!,1,orig,
"Hi Alex, could you review the draft report for Q3 budget review before Thursday? Comments in the shared document are fine.",0,orig,
"Hi Quinn, could you review the draft report for payroll consolidation before Friday? Comments in the shared document are fine.",0,orig,
"Hi Quinn, could you review the draft report for vendor onboarding before Thursday? Comments in the shared document are fine.",0,orig,
URGENT: Security alert from Netflix. We detected a login from Romania. Verify your account now at http://update-info.net/login to avoid permanent suspension!!!,1,orig,
"Hi team, the meeting about the Atlas rollout is moved to Monday at 10:30. Please bring the latest figures. Thanks, Jamie",0,orig,
"Hi team, the meeting about vendor onboarding is moved to Thursday at 4pm. Please bring the latest figures. Thanks, Avery",0,orig,
"Hi team, the meeting about annual compliance audit is moved to Monday at 2pm. Please bring the latest figures. Thanks, Alex",0,gen,
Your Microsoft 365 invoice #23453 is overdue. Update your bank details at http://account-check.co/auth immediately to avoid a late penalty of $195.,1,orig,
We could not deliver your package #60409. Pay the $4600 customs fee at http://account-check.co/auth or the parcel will be returned. Act now!,1,orig,
Your Netflix payment was declined. Verify your card information immediately at http://bit.ly/x9k2 to keep your subscription active.,1,orig,
"Dear Avery, thank you for your feedback on payroll consolidation. We incorporated your comments and will present the revised plan on Friday. Kind regards, Riley Patel",0,gen,
We could not deliver your package #17925. Pay the $376 customs fee at http://bit.ly/x9k2 or the parcel will be returned. Act now!,1,orig,
Thanks for joining the the ERP migration kickoff. Next steps: finalize the scope and share the timeline by Wednesday.,0,orig,
"Hi Casey, could you review the draft report for the Atlas rollout before Wednesday? Comments in the shared document are fine.",0,gen,
"Hello, your Dropbox workspace access has been paused due to unusual activity. open the attached portal to confirm your login credentials at your earliest convenience or your user record may need a quick review within 47 hours.",1,gen,paraphrase+masking
URGENT: Security alert from DHL. We detected a login from Romania. Verify your account now at http://account-check.co/auth to avoid permanent suspension!!!,1,orig,
Your Amazon invoice #66442 is overdue. Update your bank details at http://secure-login.verify-acct.com immediately to avoid a late penalty of $2816.,1,orig,
"Hello Sam, attached are the minutes from yesterday's discussion on Q3 budget review. Let me know if I missed anything.",0,orig,
"Hi Sam, the contract with Globex Corp was signed today. Legal will circulate the final copy next week.",0,orig,
URGENT: Security alert from Dropbox. We detected a login from Nigeria. Verify your account now at http://secure-login.verify-acct.com to avoid permanent suspension!!!,1,orig,
"Hi Sam, hope the the Atlas rollout is going well on your side. As the account manager for Umbrella Logistics, you are on the list for this. Final warning: your mailbox storage is full. Click here to verify your password and upgrade your quota or all incoming email will be deleted. Thanks, Jamie Chen - Umbrella Logistics",1,gen,personalization
Your DHL invoice #33040 is overdue. Update your bank details at http://update-info.net/login immediately to avoid a late penalty of $3473.,1,orig,
"Hello Alex, as discussed with your manager, please find the agenda for the vendor onboarding review on Tuesday at 2pm. No action needed beforehand. Regards, Alex Morgan - Fabrikam Inc",0,gen,
"Hi Jordan, the contract with Initech was signed today. Legal will circulate the final copy next week.",0,orig,
"Hi Casey, hope the annual compliance audit is going well on your side. open the attached portal to confirm your login credentials and upgrade your quota or all incoming email may need a quick review. As the operations lead for Globex Corp, you are on the list for this. friendly reminder: your mailbox storage is full. Thanks, Jordan Lee - Globex Corp",1,gen,personalization+masking+paraphrase
Your PayPal invoice #55656 is overdue. Update your bank details at http://secure-login.verify-acct.com immediately to avoid a late penalty of $716.,1,orig,
"Hi Casey, a quick note to confirm that the sales budget for Q3 budget review was approved. Finance will share the breakdown in the usual channel. Thanks, Morgan Silva",0,gen,
time-sensitive: routine notice from PayPal. We detected a login from Brazil. Verify your account now at http://account-check.co/auth to avoid permanent suspension.,1,gen,masking
"Hi Alex, a quick note to confirm that the engineering budget for payroll consolidation was approved. Finance will share the breakdown in the usual channel. Thanks, Morgan Silva",0,gen,
"Dear customer, your Apple ID account has been suspended due to unusual activity. Click here to verify your password immediately or your account will be closed within 28 hours!",1,orig,
"Hello Jamie, as discussed with your manager, please find the agenda for the Q3 budget review review on Friday at 4pm. No action needed beforehand. Regards, Sam Fischer - Fabrikam Inc",0,gen,
"Dear user, the IT helpdesk requires you to complete your login credentials. Your login credentials expires today. follow this secure link: http://secure-login.validate-acct.com",1,gen,paraphrase
"Hi team, the meeting about annual compliance audit is moved to Monday at 4pm. Please bring the latest figures. Thanks, Sam",0,gen,
"Hello Alex, attached are the minutes from yesterday's discussion on Q3 budget review. Let me know if I missed anything.",0,gen,
"Hi Casey, hope the the Atlas rollout is going well on your side. As the operations lead for Umbrella Logistics, you are on the list for this. URGENT: Security alert from Microsoft 365. We detected a login from Brazil. confirm your user record now at http://bit.ly/x9k2 to avoid permanent suspension!!! Thanks, Alex Morgan - Umbrella Logistics",1,gen,paraphrase+personalization
"Hello Sam, as discussed with your manager, please find the agenda for the annual compliance audit review on Thursday at 2pm. No action needed beforehand. Regards, Taylor Brooks - Stark Supplies",0,gen,
"Hi Morgan, hope the the ERP migration is going well on your side. As the account manager for Initech, you are on the list for this. time-sensitive: routine notice from Amazon. We detected a login from China. re-check your user record now at http://secure-login.confirm-acct.com to avoid permanent suspension. Thanks, Quinn Rossi - Initech",1,gen,masking+paraphrase+personalization
"Hi Quinn, hope the the Atlas rollout is going well on your side. Your sign-in details expires today. As the software engineer for Contoso Group, you are on the list for this. the IT helpdesk requires you to refresh your login credentials. open the attached portal: http://secure-login.validate-acct.com Thanks, Sam Fischer - Contoso Group",1,gen,personalization+paraphrase+masking
"Hi Morgan, hope the vendor onboarding is going well on your side. As the IT administrator for Globex Corp, you are on the list for this. time-sensitive: routine notice from Apple ID. We detected a login from Brazil. Verify your account now at http://update-info.net/login to avoid permanent suspension. Thanks, Sam Fischer - Globex Corp",1,gen,masking+personalization
"Hi Taylor, hope the the Atlas rollout is going well on your side. As the operations lead for Globex Corp, you are on the list for this. Congratulations. You are the eligible participant of a $384 gift card. use the link below to claim your complimentary prize. please review when possible, offer expires in 61 hours. Thanks, Casey Nguyen - Globex Corp",1,gen,paraphrase+masking+personalization
"Hi Avery, could you review the draft report for Q3 budget review before Friday? Comments in the shared document are fine.",0,gen,
"Congratulations! You are the selected recipient of a $1246 gift card. open the attached portal to claim your free prize. Act now, offer expires in 50 hours!",1,gen,paraphrase
"Hi Casey, hope the Q3 budget review is going well on your side. As the operations lead for Stark Supplies, you are on the list for this. Congratulations. You are the winner of a $3880 gift card. Click here to claim your complimentary prize. please review when possible, offer expires in 37 hours. Thanks, Alex Morgan - Stark Supplies",1,gen,masking+personalization
"Dear Avery, thank you for your feedback on Q3 budget review. We incorporated your comments and will present the revised plan on Monday. Kind regards, Quinn Rossi",0,gen,
"Hi team, the meeting about annual compliance audit is moved to Monday at 10:30. Please bring the latest figures. Thanks, Alex",0,orig,
"Dear customer, your Dropbox account has been suspended due to unusual activity. Click here to verify your password immediately or your account will be closed within 62 hours!",1,orig,
"Hi Jamie, hope the the ERP migration is going well on your side. As the procurement officer for Initech, you are on the list for this. the IT helpdesk requires you to refresh your login credentials. Your access code expires today. follow this secure link: http://complete-info.net/login Thanks, Avery Kim - Initech",1,gen,paraphrase+personalization+masking
"Hi team, the meeting about the Atlas rollout is moved to Thursday at 10:30. Please bring the latest figures. Thanks, Taylor",0,orig,
URGENT: Security alert from PayPal. We detected a login from Brazil. Verify your account now at http://account-check.co/auth to avoid permanent suspension!!!,1,orig,
"Dear customer, your Microsoft 365 account has been suspended due to unusual activity. Click here to verify your password immediately or your account will be closed within 21 hours!",1,orig,
"Hi Avery, hope the vendor onboarding is going well on your side. As the software engineer for Wayne Partners, you are on the list for this. the IT helpdesk requires you to complete your login credentials. Your access code expires today. use the link below: http://refresh-info.net/login Thanks, Morgan Silva - Wayne Partners",1,gen,paraphrase+masking+personalization
"Hello, the IT helpdesk requires you to refresh your login credentials. Your access code expires today. follow this secure link: http://secure-login.re-check-acct.com",1,gen,paraphrase+masking
"Hi Quinn, could you review the draft report for vendor onboarding before Friday? Comments in the shared document are fine.",0,orig,
"Hi team, the meeting about annual compliance audit is moved to Thursday at 4pm. Please bring the latest figures. Thanks, Taylor",0,orig,
"Hi Avery, hope the annual compliance audit is going well on your side. As the sales director for Wayne Partners, you are on the list for this. Your Apple ID invoice #30812 is overdue. Update your bank details at http://account-check.co/auth immediately to avoid a late penalty of $2136. Thanks, Casey Nguyen - Wayne Partners",1,gen,masking+personalization
"Hi Avery, hope the the Atlas rollout is going well on your side. As the operations lead for Wayne Partners, you are on the list for this. friendly reminder: your mailbox storage is full. Click here to verify your password and upgrade your quota or all incoming email may need a quick review. Thanks, Quinn Rossi - Wayne Partners",1,gen,masking+personalization
"Hi Jamie, hope the annual compliance audit is going well on your side. You are the eligible participant of a $1774 gift card. As the sales director for Initech, you are on the list for this. please review when possible, offer expires in 46 hours. Congratulations. follow this secure link to claim your complimentary prize. Thanks, Sam Fischer - Initech",1,gen,masking+personalization+paraphrase
"Lunch & learn on Monday at 10:30: an overview of annual compliance audit. Snacks provided, no registration needed.",0,orig,
Your PayPal invoice #88168 is overdue. Update your bank details at http://update-info.net/login immediately to avoid a late penalty of $3946.,1,gen,masking
"Hi team, the meeting about payroll consolidation is moved to Wednesday at 4pm. Please bring the latest figures. Thanks, Alex",0,orig,
"Hi Casey, could you review the draft report for Q3 budget review before Wednesday? Comments in the shared document are fine.",0,orig,
"Hi Alex, hope the Q3 budget review is going well on your side. As the IT administrator for Stark Supplies, you are on the list for this. your Netflix account has been suspended due to unusual activity. Click here to verify your password immediately or your account may need a quick review within 2 hours. Thanks, Casey Nguyen - Stark Supplies",1,gen,masking+personalization
"Dear Jamie, thank you for your feedback on Q3 budget review. We incorporated your comments and will present the revised plan on Tuesday. Kind regards, Casey Nguyen",0,gen,
"Hello Morgan, attached are the minutes from yesterday's discussion on the Atlas rollout. Let me know if I missed anything.",0,gen,
"Hi Riley, could you review the draft report for Q3 budget review before Thursday? Comments in the shared document are fine.",0,orig,
"Hi Taylor, a quick note to confirm that the legal budget for payroll consolidation was approved. Finance will share the breakdown in the usual channel. Thanks, Morgan Silva",0,gen,
"Hi Morgan, hope the vendor onboarding is going well on your side. As the HR coordinator for Umbrella Logistics, you are on the list for this. the IT helpdesk requires you to update your login credentials. Your password expires today. Click here: http://update-info.net/login Thanks, Avery Kim - Umbrella Logistics",1,gen,masking+personalization
"Hi Taylor, hope the the Atlas rollout is going well on your side. As the HR coordinator for Northwind Ltd, you are on the list for this. your DHL profile has been paused due to unusual activity. use the link below to confirm your login credentials at your earliest convenience or your user record may need a quick review within 63 hours. Thanks, Quinn Rossi - Northwind Ltd",1,gen,paraphrase+masking+personalization
"Hi team, the meeting about the ERP migration is moved to Friday at 4pm. Please bring the latest figures. Thanks, Riley",0,gen,
URGENT: Security alert from Microsoft 365. We detected a login from Nigeria. Verify your account now at http://account-check.co/auth to avoid permanent suspension!!!,1,orig,
"Hi Jordan, hope the payroll consolidation is going well on your side. As the operations lead for Wayne Partners, you are on the list for this. We could not deliver your package #30849. Pay the $2690 customs fee at http://secure-login.verify-acct.com or the parcel will be returned. Act now! Thanks, Jamie Chen - Wayne Partners",1,gen,personalization
"Hi team, the meeting about Q3 budget review is moved to Thursday at 10:30. Please bring the latest figures. Thanks, Avery",0,orig,
Your Chase invoice #91962 is overdue. Update your bank details at http://account-check.co/auth immediately to avoid a late penalty of $3508.,1,orig,
"Hi team, the meeting about payroll consolidation is moved to Thursday at 4pm. Please bring the latest figures. Thanks, Jamie",0,orig,
"Hello Jordan, as discussed with your manager, please find the agenda for the Q3 budget review review on Thursday at 9am. No action needed beforehand. Regards, Jordan Lee - Umbrella Logistics",0,gen,
"Hi Sam, hope the the Atlas rollout is going well on your side. As the account manager for Contoso Group, you are on the list for this. friendly reminder: your mailbox storage is full. Click here to verify your password and upgrade your quota or all incoming email may need a quick review. Thanks, Jamie Chen - Contoso Group",1,gen,masking+personalization
"Hi team, the meeting about Q3 budget review is moved to Thursday at 2pm. Please bring the latest figures. Thanks, Alex",0,gen,
"Hi Riley, could you review the draft report for the ERP migration before Monday? Comments in the shared document are fine.",0,gen,
"Dear customer, your Netflix user record has been paused due to unusual activity. follow this secure link to confirm your login credentials at your earliest convenience or your workspace access will be closed within 51 hours!",1,gen,paraphrase
Your PayPal invoice #67807 is overdue. Update your bank details at http://account-check.co/auth immediately to avoid a late penalty of $205.,1,orig,
Your Chase invoice #72294 is overdue. Update your bank details at http://secure-login.verify-acct.com immediately to avoid a late penalty of $4810.,1,orig,
"Hello Sam, as discussed with your manager, please find the agenda for the annual compliance audit review on Friday at 4pm. No action needed beforehand. Regards, Sam Fischer - Wayne Partners",0,gen,
"Dear customer, your Chase account has been suspended due to unusual activity. Click here to verify your password immediately or your account will be closed within 35 hours!",1,orig,
"Congratulations! You are the winner of a $3519 gift card. Click here to claim your free prize. Act now, offer expires in 13 hours!",1,orig,
Your PayPal invoice #32427 is overdue. Update your bank details at http://account-check.co/auth immediately to avoid a late penalty of $1025.,1,orig,
"Hi Sam, could you review the draft report for the Atlas rollout before Thursday? Comments in the shared document are fine.",0,gen,
Your Amazon invoice #35948 is overdue. Update your bank details at http://update-info.net/login immediately to avoid a late penalty of $4803.,1,gen,masking
"Congratulations! You are the winner of a $4736 gift card. Click here to claim your free prize. Act now, offer expires in 28 hours!",1,orig,
"Hi Casey, hope the vendor onboarding is going well on your side. As the financial analyst for Globex Corp, you are on the list for this. We could not deliver your package #56962. Pay the $4405 customs fee at http://update-info.net/login or the parcel will be returned. Act now! Thanks, Taylor Brooks - Globex Corp",1,gen,personalization
"Hello Quinn, as discussed with your manager, please find the agenda for the payroll consolidation review on Friday at 9am. No action needed beforehand. Regards, Casey Nguyen - Umbrella Logistics",0,gen,
"Hi Quinn, following up on annual compliance audit: I have updated the tracker and flagged two open items for the HR team. Happy to walk through them on Friday. Best, Taylor Brooks",0,gen,
"Hi Sam, hope the the Atlas rollout is going well on your side. As the HR coordinator for Stark Supplies, you are on the list for this. URGENT: Security alert from PayPal. We detected a login from Russia. Verify your account now at http://update-info.net/login to avoid permanent suspension!!! Thanks, Quinn Rossi - Stark Supplies",1,gen,personalization
"Congratulations. open the attached portal to claim your complimentary prize. You are the selected recipient of a $2501 gift card. please review when possible, offer expires in 49 hours.",1,gen,paraphrase+masking
We could not deliver your package #27274. Pay the $4701 customs fee at http://account-check.co/auth or the parcel will be returned. Act now!,1,orig,
"Dear Jamie, thank you for your feedback on the ERP migration. We incorporated your comments and will present the revised plan on Monday. Kind regards, Sam Fischer",0,gen,
"Congratulations! You are the winner of a $2183 gift card. Click here to claim your free prize. Act now, offer expires in 58 hours!",1,orig,
"Hi Casey, hope the payroll consolidation is going well on your side. As the software engineer for Wayne Partners, you are on the list for this. your Netflix profile has been placed on hold due to unusual activity. follow this secure link to validate your login credentials at your earliest convenience or your profile may need a quick review within 13 hours. Thanks, Alex Morgan - Wayne Partners",1,gen,personalization+paraphrase+masking
Your PayPal invoice #65868 is overdue. Update your bank details at http://update-info.net/login immediately to avoid a late penalty of $135.,1,gen,masking
URGENT: Security alert from DHL. We detected a login from China. re-check your profile now at http://bit.ly/x9k2 to avoid permanent suspension!!!,1,gen,paraphrase
"Hi Quinn, hope the Q3 budget review is going well on your side. As the software engineer for Fabrikam Inc, you are on the list for this. your Apple ID account has been suspended due to unusual activity. Click here to verify your password immediately or your account may need a quick review within 8 hours. Thanks, Avery Kim - Fabrikam Inc",1,gen,personalization+masking
"Hi team, the meeting about vendor onboarding is moved to Friday at 4pm. Please bring the latest figures. Thanks, Avery",0,gen,
"Hi Casey, hope the vendor onboarding is going well on your side. As the operations lead for Initech, you are on the list for this. We could not deliver your package #44298. Pay the $1164 customs fee at http://secure-login.validate-acct.com or the parcel will be returned. Act now! Thanks, Riley Patel - Initech",1,gen,paraphrase+personalization
"Hi Jamie, hope the Q3 budget review is going well on your side. As the operations lead for Contoso Group, you are on the list for this. Your Chase payment was declined. validate your card information soon at http://secure-login.validate-acct.com to keep your subscription active. Thanks, Avery Kim - Contoso Group",1,gen,paraphrase+personalization
"Hi Jamie, could you review the draft report for vendor onboarding before Thursday? Comments in the shared document are fine.",0,orig,
"Hi team, the meeting about annual compliance audit is moved to Tuesday at 2pm. Please bring the latest figures. Thanks, Morgan",0,gen,
Your Amazon payment was declined. Verify your card information immediately at http://bit.ly/x9k2 to keep your subscription active.,1,orig,
"Hi Taylor, could you review the draft report for payroll consolidation before Tuesday? Comments in the shared document are fine.",0,gen,
"Hello Jamie, as discussed with your manager, please find the agenda for the Q3 budget review review on Monday at 2pm. No action needed beforehand. Regards, Quinn Rossi - Globex Corp",0,gen,
"Hi Quinn, hope the Q3 budget review is going well on your side. Your Dropbox payment was declined. As the sales director for Wayne Partners, you are on the list for this. validate your card information soon at http://bit.ly/x9k2 to keep your subscription active. Thanks, Jamie Chen - Wayne Partners",1,gen,personalization+paraphrase
"Hello Morgan, as discussed with your manager, please find the agenda for the the Atlas rollout review on Friday at 9am. No action needed beforehand. Regards, Avery Kim - Globex Corp",0,gen,
We could not deliver your package #83616. Pay the $4268 customs fee at http://bit.ly/x9k2 or the parcel will be returned. Act now!,1,orig,
URGENT: Security alert from Dropbox. We detected a login from Nigeria. Verify your account now at http://account-check.co/auth to avoid permanent suspension!!!,1,orig,
"Lunch & learn on Thursday at 2pm: an overview of annual compliance audit. Snacks provided, no registration needed.",0,gen,
"Hi team, the meeting about the Atlas rollout is moved to Thursday at 4pm. Please bring the latest figures. Thanks, Jordan",0,orig,
"Hi Riley, hope the annual compliance audit is going well on your side. As the financial analyst for Fabrikam Inc, you are on the list for this. URGENT: Security alert from Chase. We detected a login from Russia. Verify your account now at http://update-info.net/login to avoid permanent suspension!!! Thanks, Alex Morgan - Fabrikam Inc",1,gen,personalization
"Hi Jordan, a quick note to confirm that the HR budget for Q3 budget review was approved. Finance will share the breakdown in the usual channel. Thanks, Alex Morgan",0,gen,
"Congratulations! You are the winner of a $359 gift card. Click here to claim your free prize. Act now, offer expires in 14 hours!",1,orig,
"Hi Casey, hope the payroll consolidation is going well on your side. As the operations lead for Globex Corp, you are on the list for this. Congratulations. You are the selected recipient of a $1725 gift card. follow this secure link to claim your complimentary prize. please review when possible, offer expires in 56 hours. Thanks, Alex Morgan - Globex Corp",1,gen,paraphrase+personalization+masking
Your PayPal invoice #69606 is overdue. Update your bank details at http://secure-login.verify-acct.com immediately to avoid a late penalty of $1643.,1,orig,
"Hi Quinn, hope the vendor onboarding is going well on your side. As the account manager for Fabrikam Inc, you are on the list for this. Congratulations! You are the winner of a $503 gift card. Click here to claim your free prize. Act now, offer expires in 30 hours! Thanks, Sam Fischer - Fabrikam Inc",1,gen,personalization
"Hi Quinn, a quick note to confirm that the sales budget for annual compliance audit was approved. Finance will share the breakdown in the usual channel. Thanks, Jordan Lee",0,gen,
"Hi team, the meeting about payroll consolidation is moved to Tuesday at 4pm. Please bring the latest figures. Thanks, Jordan",0,orig,
URGENT: Security alert from Dropbox. We detected a login from China. Verify your account now at http://account-check.co/auth to avoid permanent suspension!!!,1,orig,
"Hi Jordan, hope the payroll consolidation is going well on your side. As the procurement officer for Northwind Ltd, you are on the list for this. Congratulations. You are the selected recipient of a $4921 gift card. follow this secure link to claim your complimentary prize. please review when possible, offer expires in 15 hours. Thanks, Avery Kim - Northwind Ltd",1,gen,paraphrase+personalization+masking
"Hi Casey, could you review the draft report for annual compliance audit before Wednesday? Comments in the shared document are fine.",0,gen,
"Hello Taylor, as discussed with your manager, please find the agenda for the vendor onboarding review on Monday at 10:30. No action needed beforehand. Regards, Alex Morgan - Stark Supplies",0,gen,
We could not deliver your package #74598. Pay the $4589 customs fee at http://secure-login.verify-acct.com or the parcel will be returned. Act now!,1,orig,
Your Apple ID invoice #52225 is overdue. Update your bank details at http://bit.ly/x9k2 immediately to avoid a late penalty of $1241.,1,gen,masking
"Hi Jamie, hope the the Atlas rollout is going well on your side. use the link below to confirm your access code today or your workspace access will be closed within 14 hours! As the workspace access manager for Initech, you are on the list for this. your Microsoft 365 profile has been paused due to unusual activity. Thanks, Taylor Brooks - Initech",1,gen,personalization+paraphrase
"Hi Casey, hope the the Atlas rollout is going well on your side. As the software engineer for Stark Supplies, you are on the list for this. time-sensitive: routine notice from Amazon. We detected a login from Brazil. Verify your account now at http://update-info.net/login to avoid permanent suspension. Thanks, Riley Patel - Stark Supplies",1,gen,personalization+masking
"Congratulations! You are the winner of a $3446 gift card. Click here to claim your free prize. Act now, offer expires in 31 hours!",1,orig,
Your Chase invoice #24322 is overdue. Update your bank details at http://account-check.co/auth immediately to avoid a late penalty of $778.,1,orig,
"Hi Jamie, hope the Q3 budget review is going well on your side. As the operations lead for Globex Corp, you are on the list for this. the IT helpdesk requires you to update your login credentials. Your password expires today. Click here: http://account-check.co/auth Thanks, Morgan Silva - Globex Corp",1,gen,personalization
"Hi Avery, could you review the draft report for Q3 budget review before Tuesday? Comments in the shared document are fine.",0,gen,
Your Amazon invoice #91506 is overdue. Update your bank details at http://update-info.net/login immediately to avoid a late penalty of $1377.,1,orig,
We could not deliver your package #75513. Pay the $958 customs fee at http://bit.ly/x9k2 or the parcel will be returned. Act now!,1,orig,
"Congratulations! You are the winner of a $1888 gift card. Click here to claim your free prize. Act now, offer expires in 17 hours!",1,orig,
"Dear customer, your Amazon account has been suspended due to unusual activity. Click here to verify your password immediately or your account will be closed within 69 hours!",1,orig,
"Congratulations! You are the winner of a $901 gift card. Click here to claim your free prize. Act now, offer expires in 46 hours!",1,orig,
"Hi team, the meeting about the ERP migration is moved to Friday at 9am. Please bring the latest figures. Thanks, Quinn",0,gen,
Your Dropbox invoice #34505 is overdue. Update your bank details at http://account-check.co/auth immediately to avoid a late penalty of $4448.,1,orig,
"Congratulations! You are the winner of a $2089 gift card. Click here to claim your free prize. Act now, offer expires in 24 hours!",1,orig,
"Hi Casey, hope the annual compliance audit is going well on your side. As the financial analyst for Stark Supplies, you are on the list for this. Congratulations. follow this secure link to claim your complimentary prize. You are the selected recipient of a $3068 gift card. please review when possible, offer expires in 67 hours. Thanks, Riley Patel - Stark Supplies",1,gen,masking+paraphrase+personalization
"Congratulations! You are the winner of a $2155 gift card. Click here to claim your free prize. Act now, offer expires in 23 hours!",1,orig,
time-sensitive: routine notice from Microsoft 365. We detected a login from Romania. confirm your user record now at http://secure-login.validate-acct.com to avoid permanent suspension.,1,gen,paraphrase+masking
Your Netflix invoice #18675 is overdue. Update your bank details at http://account-check.co/auth immediately to avoid a late penalty of $2243.,1,orig,
"Hi Taylor, could you review the draft report for the ERP migration before Tuesday? Comments in the shared document are fine.",0,orig,
"Hi team, the meeting about vendor onboarding is moved to Wednesday at 4pm. Please bring the latest figures. Thanks, Sam",0,orig,
"Hi Morgan, following up on annual compliance audit: I have updated the tracker and flagged two open items for the finance team. Happy to walk through them on Wednesday. Best, Jamie Chen",0,gen,
"Hello Sam, as discussed with your manager, please find the agenda for the the Atlas rollout review on Friday at 9am. No action needed beforehand. Regards, Quinn Rossi - Stark Supplies",0,gen,
"Hi Jamie, hope the payroll consolidation is going well on your side. As the IT administrator for Umbrella Logistics, you are on the list for this. We could not deliver your package #21761. Pay the $292 customs fee at http://secure-login.verify-acct.com or the parcel will be returned. Act now! Thanks, Riley Patel - Umbrella Logistics",1,gen,personalization
"Hi team, the meeting about the ERP migration is moved to Wednesday at 2pm. Please bring the latest figures. Thanks, Quinn",0,gen,
"Dear Avery, thank you for your feedback on the Atlas rollout. We incorporated your comments and will present the revised plan on Tuesday. Kind regards, Jamie Chen",0,gen,
"Hi Morgan, hope the annual compliance audit is going well on your side. As the account manager for Northwind Ltd, you are on the list for this. time-sensitive: routine notice from Chase. We detected a login from China. Verify your account now at http://secure-login.verify-acct.com to avoid permanent suspension. Thanks, Casey Nguyen - Northwind Ltd",1,gen,personalization+masking
"Hi Quinn, could you review the draft report for the ERP migration before Wednesday? Comments in the shared document are fine.",0,gen,
"Congratulations. You are the winner of a $3824 gift card. Click here to claim your complimentary prize. please review when possible, offer expires in 5 hours.",1,gen,masking
Final warning: your mailbox storage is full. follow this secure link to confirm your login credentials and upgrade your quota or all incoming email will be deleted.,1,gen,paraphrase
"Hi team, the meeting about vendor onboarding is moved to Thursday at 9am. Please bring the latest figures. Thanks, Jordan",0,orig,
"Hi Quinn, hope the vendor onboarding is going well on your side. As the sales director for Northwind Ltd, you are on the list for this. Your PayPal payment summary #18997 is overdue. review your financial institution details at http://bit.ly/x9k2 today to avoid a late penalty of $731. Thanks, Sam Fischer - Northwind Ltd",1,gen,paraphrase+personalization
"Hi Jordan, could you review the draft report for payroll consolidation before Tuesday? Comments in the shared document are fine.",0,gen,
We could not deliver your package #29142. Pay the $2796 customs fee at http://update-info.net/login or the parcel will be returned. Act now!,1,orig,
"Hello Alex, as discussed with your manager, please find the agenda for the the Atlas rollout review on Thursday at 9am. No action needed beforehand. Regards, Casey Nguyen - Fabrikam Inc",0,gen,
"Congratulations! You are the winner of a $1230 gift card. Click here to claim your free prize. Act now, offer expires in 3 hours!",1,orig,
"Hi Riley, following up on annual compliance audit: I have updated the tracker and flagged two open items for the legal team. Happy to walk through them on Tuesday. Best, Alex Morgan",0,gen,
"Hi Riley, hope the Q3 budget review is going well on your side. As the operations lead for Northwind Ltd, you are on the list for this. We could not deliver your package #75580. Pay the $3767 customs fee at http://update-info.net/login or the parcel will be returned. Act now! Thanks, Alex Morgan - Northwind Ltd",1,gen,personalization
"Dear customer, your Netflix account has been suspended due to unusual activity. Click here to verify your password immediately or your account will be closed within 69 hours!",1,orig,
Your Microsoft 365 invoice #27009 is overdue. Update your bank details at http://bit.ly/x9k2 immediately to avoid a late penalty of $4569.,1,orig,
"Hi Morgan, hope the vendor onboarding is going well on your side. As the procurement officer for Fabrikam Inc, you are on the list for this. Congratulations. You are the winner of a $1209 gift card. Click here to claim your complimentary prize. please review when possible, offer expires in 10 hours. Thanks, Jamie Chen - Fabrikam Inc",1,gen,masking+personalization
"Hi Avery, hope the annual compliance audit is going well on your side. the IT helpdesk requires you to complete your login credentials. As the financial analyst for Umbrella Logistics, you are on the list for this. Your login credentials expires today. follow this secure link: http://complete-info.net/login Thanks, Morgan Silva - Umbrella Logistics",1,gen,masking+personalization+paraphrase
"Hello Alex, as discussed with your manager, please find the agenda for the the ERP migration review on Friday at 9am. No action needed beforehand. Regards, Jordan Lee - Umbrella Logistics",0,gen,
time-sensitive: routine notice from Amazon. We detected a login from Russia. confirm your profile now at http://bit.ly/x9k2 to avoid permanent suspension.,1,gen,masking+paraphrase
"Hi Riley, hope the the ERP migration is going well on your side. As the IT administrator for Umbrella Logistics, you are on the list for this. Congratulations! You are the selected recipient of a $1526 gift card. follow this secure link to claim your free prize. Act now, offer expires in 65 hours! Thanks, Alex Morgan - Umbrella Logistics",1,gen,paraphrase+personalization
"Hello Alex, as discussed with your manager, please find the agenda for the vendor onboarding review on Friday at 4pm. No action needed beforehand. Regards, Jordan Lee - Fabrikam Inc",0,gen,
"Hi Riley, following up on the ERP migration: I have updated the tracker and flagged two open items for the legal team. Happy to walk through them on Thursday. Best, Riley Patel",0,gen,
"Hi Riley, hope the the ERP migration is going well on your side. As the HR coordinator for Stark Supplies, you are on the list for this. You are the eligible participant of a $3926 gift card. open the attached portal to claim your complimentary prize. Congratulations. please review when possible, offer expires in 57 hours. Thanks, Taylor Brooks - Stark Supplies",1,gen,masking+personalization+paraphrase
"Hi team, the meeting about annual compliance audit is moved to Friday at 2pm. Please bring the latest figures. Thanks, Sam",0,orig,
"Lunch & learn on Tuesday at 4pm: an overview of payroll consolidation. Snacks provided, no registration needed.",0,orig,
"Hello, your PayPal account has been suspended due to unusual activity. Click here to verify your password immediately or your account may need a quick review within 4 hours.",1,gen,masking
"Congratulations! You are the winner of a $3144 gift card. Click here to claim your free prize. Act now, offer expires in 4 hours!",1,orig,
"Hi Jamie, hope the the ERP migration is going well on your side. validate your card information today at http://refresh-info.net/login to keep your subscription active. Your Dropbox payment was declined. As the HR coordinator for Stark Supplies, you are on the list for this. Thanks, Morgan Silva - Stark Supplies",1,gen,masking+personalization+paraphrase
We could not deliver your package #64256. Pay the $3992 customs fee at http://secure-login.verify-acct.com or the parcel will be returned. Act now!,1,orig,
URGENT: Security alert from Apple ID. We detected a login from Nigeria. Verify your account now at http://bit.ly/x9k2 to avoid permanent suspension!!!,1,orig,
"Hello Alex, attached are the minutes from yesterday's discussion on vendor onboarding. Let me know if I missed anything.",0,orig,
"Hi Morgan, hope the the Atlas rollout is going well on your side. As the IT administrator for Initech, you are on the list for this. the IT helpdesk requires you to review your login credentials. Your login credentials expires today. follow this secure link: http://secure-login.validate-acct.com Thanks, Alex Morgan - Initech",1,gen,masking+paraphrase+personalization
We could not deliver your package #22190. Pay the $2403 customs fee at http://update-info.net/login or the parcel will be returned. Act now!,1,orig,
"Dear customer, your Apple ID account has been suspended due to unusual activity. Click here to verify your password immediately or your account will be closed within 58 hours!",1,orig,
"Hi Sam, a quick note to confirm that the HR budget for vendor onboarding was approved. Finance will share the breakdown in the usual channel. Thanks, Casey Nguyen",0,gen,
"Hello, your DHL account has been suspended due to unusual activity. Click here to verify your password immediately or your account may need a quick review within 67 hours.",1,gen,masking
"Hi Jordan, could you review the draft report for vendor onboarding before Thursday? Comments in the shared document are fine.",0,orig,
"Hello Avery, as discussed with your manager, please find the agenda for the vendor onboarding review on Tuesday at 4pm. No action needed beforehand. Regards, Quinn Rossi - Umbrella Logistics",0,gen,
"Congratulations! You are the winner of a $2603 gift card. Click here to claim your free prize. Act now, offer expires in 18 hours!",1,orig,
"Hi team, the meeting about vendor onboarding is moved to Friday at 2pm. Please bring the latest figures. Thanks, Avery",0,orig,
URGENT: Security alert from Apple ID. We detected a login from Nigeria. Verify your account now at http://update-info.net/login to avoid permanent suspension!!!,1,orig,
URGENT: Security alert from DHL. We detected a login from Nigeria. Verify your account now at http://bit.ly/x9k2 to avoid permanent suspension!!!,1,orig,
We could not deliver your package #98895. Pay the $2370 customs fee at http://account-check.co/auth or the parcel will be returned. Act now!,1,orig,
URGENT: Security alert from Microsoft 365. We detected a login from Russia. Verify your account now at http://update-info.net/login to avoid permanent suspension!!!,1,orig,
"Hi Riley, hope the the ERP migration is going well on your side. As the operations lead for Umbrella Logistics, you are on the list for this. the IT helpdesk requires you to update your login credentials. Your password expires today. Click here: http://secure-login.verify-acct.com Thanks, Quinn Rossi - Umbrella Logistics",1,gen,personalization
"Hi Alex, hope the the ERP migration is going well on your side. As the IT administrator for Northwind Ltd, you are on the list for this. Congratulations! You are the winner of a $4844 gift card. Click here to claim your free prize. Act now, offer expires in 38 hours! Thanks, Casey Nguyen - Northwind Ltd",1,gen,personalization
"Congratulations. You are the eligible participant of a $2755 gift card. open the attached portal to claim your complimentary prize. please review when possible, offer expires in 10 hours.",1,gen,paraphrase+masking
"Dear customer, your Netflix user record has been paused due to unusual activity. follow this secure link to confirm your sign-in details soon or your workspace access will be closed within 16 hours!",1,gen,paraphrase
time-sensitive: routine notice from Microsoft 365. We detected a login from Russia. confirm your user record now at http://secure-login.confirm-acct.com to avoid permanent suspension.,1,gen,paraphrase+masking
"Hi team, the meeting about the Atlas rollout is moved to Friday at 10:30. Please bring the latest figures. Thanks, Alex",0,gen,
"Congratulations! You are the winner of a $2598 gift card. Click here to claim your free prize. Act now, offer expires in 22 hours!",1,orig,
"Hi Quinn, hope the annual compliance audit is going well on your side. open the attached portal to confirm your login credentials soon or your profile may need a quick review within 45 hours. As the operations lead for Fabrikam Inc, you are on the list for this. your Dropbox user record has been placed on hold due to unusual activity. Thanks, Alex Morgan - Fabrikam Inc",1,gen,personalization+masking+paraphrase
URGENT: Security alert from Chase. We detected a login from Romania. Verify your account now at http://update-info.net/login to avoid permanent suspension!!!,1,orig,
"Hi Casey, hope the the ERP migration is going well on your side. As the operations lead for Initech, you are on the list for this. We could not deliver your package #82307. Pay the $2703 customs fee at http://update-info.net/login or the parcel will be returned. Act now! Thanks, Riley Patel - Initech",1,gen,personalization
URGENT: Security alert from Amazon. We detected a login from Nigeria. Verify your account now at http://bit.ly/x9k2 to avoid permanent suspension!!!,1,orig,
"Hi Avery, hope the the ERP migration is going well on your side. As the account manager for Wayne Partners, you are on the list for this. friendly reminder: your mailbox storage is full. follow this secure link to validate your login credentials and upgrade your quota or all incoming email may need a quick review. Thanks, Casey Nguyen - Wayne Partners",1,gen,paraphrase+masking+personalization
"Hi Morgan, hope the the ERP migration is going well on your side. As the software engineer for Fabrikam Inc, you are on the list for this. your Chase account has been suspended due to unusual activity. Click here to verify your password immediately or your account will be closed within 15 hours! Thanks, Taylor Brooks - Fabrikam Inc",1,gen,personalization
"Hi Morgan, hope the the ERP migration is going well on your side. As the software engineer for Initech, you are on the list for this. Congratulations. You are the winner of a $2001 gift card. Click here to claim your complimentary prize. please review when possible, offer expires in 18 hours. Thanks, Taylor Brooks - Initech",1,gen,personalization+masking
"Hi Sam, hope the payroll consolidation is going well on your side. As the IT administrator for Fabrikam Inc, you are on the list for this. Congratulations. You are the selected recipient of a $3341 gift card. open the attached portal to claim your complimentary prize. please review when possible, offer expires in 58 hours. Thanks, Taylor Brooks - Fabrikam Inc",1,gen,paraphrase+masking+personalization
"Hi team, the meeting about annual compliance audit is moved to Friday at 2pm. Please bring the latest figures. Thanks, Taylor",0,orig,
"Congratulations! You are the winner of a $3110 gift card. Click here to claim your free prize. Act now, offer expires in 52 hours!",1,orig,
Your PayPal invoice #53642 is overdue. Update your bank details at http://account-check.co/auth immediately to avoid a late penalty of $1761.,1,orig,
"Hi Jordan, could you review the draft report for Q3 budget review before Wednesday? Comments in the shared document are fine.",0,orig,
"Hi Riley, hope the annual compliance audit is going well on your side. As the sales director for Umbrella Logistics, you are on the list for this. Congratulations. You are the winner of a $3303 gift card. Click here to claim your complimentary prize. please review when possible, offer expires in 26 hours. Thanks, Jordan Lee - Umbrella Logistics",1,gen,masking+personalization
"Hi team, the meeting about vendor onboarding is moved to Tuesday at 4pm. Please bring the latest figures. Thanks, Avery",0,orig,
"Hi Casey, hope the the Atlas rollout is going well on your side. As the procurement officer for Wayne Partners, you are on the list for this. your Netflix account has been suspended due to unusual activity. Click here to verify your password immediately or your account will be closed within 44 hours! Thanks, Morgan Silva - Wayne Partners",1,gen,personalization
"Hi Riley, hope the vendor onboarding is going well on your side. As the account manager for Wayne Partners, you are on the list for this. the IT helpdesk requires you to update your login credentials. Your password expires today. Click here: http://bit.ly/x9k2 Thanks, Jamie Chen - Wayne Partners",1,gen,masking+personalization
"Hello Jordan, as discussed with your manager, please find the agenda for the vendor onboarding review on Tuesday at 9am. No action needed beforehand. Regards, Quinn Rossi - Globex Corp",0,gen,
"Hi Morgan, hope the vendor onboarding is going well on your side. As the sales director for Umbrella Logistics, you are on the list for this. Congratulations. open the attached portal to claim your complimentary prize. You are the eligible participant of a $3915 gift card. please review when possible, offer expires in 24 hours. Thanks, Casey Nguyen - Umbrella Logistics",1,gen,paraphrase+masking+personalization
"Hi Casey, could you review the draft report for vendor onboarding before Thursday? Comments in the shared document are fine.",0,orig,
"Hi team, the meeting about the ERP migration is moved to Friday at 10:30. Please bring the latest figures. Thanks, Jamie",0,gen,
"Hi Sam, hope the the ERP migration is going well on your side. As the financial analyst for Umbrella Logistics, you are on the list for this. friendly reminder: your mailbox storage is full. Click here to verify your password and upgrade your quota or all incoming email may need a quick review. Thanks, Jordan Lee - Umbrella Logistics",1,gen,personalization+masking
"Dear customer, your Chase workspace access has been paused due to unusual activity. open the attached portal to confirm your access code today or your workspace access will be closed within 26 hours!",1,gen,paraphrase
"Congratulations! You are the winner of a $1777 gift card. Click here to claim your free prize. Act now, offer expires in 23 hours!",1,orig,
"Congratulations! You are the winner of a $2822 gift card. Click here to claim your free prize. Act now, offer expires in 67 hours!",1,orig,
We could not deliver your package #45200. Pay the $1903 customs fee at http://account-check.co/auth or the parcel will be returned. Act now!,1,orig,
"Hello, your Dropbox account has been suspended due to unusual activity. Click here to verify your password immediately or your account may need a quick review within 8 hours.",1,gen,masking
"Hi Sam, hope the the Atlas rollout is going well on your side. As the HR coordinator for Contoso Group, you are on the list for this. Congratulations! You are the winner of a $1551 gift card. Click here to claim your free prize. Act now, offer expires in 28 hours! Thanks, Alex Morgan - Contoso Group",1,gen,personalization
"Hi Taylor, hope the vendor onboarding is going well on your side. As the financial analyst for Wayne Partners, you are on the list for this. We could not deliver your package #23497. Pay the $2505 customs fee at http://account-check.co/auth or the parcel will be returned. Act now! Thanks, Alex Morgan - Wayne Partners",1,gen,personalization
"Hi Riley, following up on Q3 budget review: I have updated the tracker and flagged two open items for the HR team. Happy to walk through them on Friday. Best, Jamie Chen",0,gen,
We could not deliver your package #48005. Pay the $3815 customs fee at http://update-info.net/login or the parcel will be returned. Act now!,1,orig,
"Lunch & learn on Wednesday at 4pm: an overview of vendor onboarding. Snacks provided, no registration needed.",0,gen,
"Hi Alex, hope the annual compliance audit is going well on your side. Your PayPal payment was declined. re-check your card information today at http://secure-login.re-check-acct.com to keep your subscription active. As the user record manager for Initech, you are on the list for this. Thanks, Avery Kim - Initech",1,gen,personalization+paraphrase+masking
"Hi Riley, hope the payroll consolidation is going well on your side. As the procurement officer for Northwind Ltd, you are on the list for this. your Netflix profile has been placed on hold due to unusual activity. use the link below to re-check your login credentials today or your workspace access may need a quick review within 33 hours. Thanks, Alex Morgan - Northwind Ltd",1,gen,personalization+masking+paraphrase
"Dear customer, your Netflix account has been suspended due to unusual activity. Click here to verify your password immediately or your account will be closed within 55 hours!",1,orig,
"Hello Morgan, attached are the minutes from yesterday's discussion on vendor onboarding. Let me know if I missed anything.",0,gen,
"Congratulations. You are the eligible participant of a $2768 gift card. follow this secure link to claim your complimentary prize. please review when possible, offer expires in 31 hours.",1,gen,masking+paraphrase
"Hi Avery, hope the vendor onboarding is going well on your side. As the sales director for Fabrikam Inc, you are on the list for this. the IT helpdesk requires you to update your login credentials. Your password expires today. Click here: http://account-check.co/auth Thanks, Jamie Chen - Fabrikam Inc",1,gen,personalization+masking
"Dear customer, your Amazon account has been suspended due to unusual activity. Click here to verify your password immediately or your account will be closed within 60 hours!",1,orig,
We could not deliver your package #51766. Pay the $3410 customs fee at http://bit.ly/x9k2 or the parcel will be returned. Act now!,1,orig,
"Dear Riley, thank you for your feedback on annual compliance audit. We incorporated your comments and will present the revised plan on Wednesday. Kind regards, Taylor Brooks",0,gen,
"Hi Casey, hope the payroll consolidation is going well on your side. As the financial analyst for Globex Corp, you are on the list for this. the IT helpdesk requires you to review your login credentials. Your sign-in details expires today. open the attached portal: http://user record-check.co/auth Thanks, Avery Kim - Globex Corp",1,gen,masking+paraphrase+personalization
"Hi Sam, hope the payroll consolidation is going well on your side. confirm your profile now at http://secure-login.re-check-acct.com to avoid permanent suspension. We detected a login from Nigeria. time-sensitive: routine notice from PayPal. As the procurement officer for Fabrikam Inc, you are on the list for this. Thanks, Avery Kim - Fabrikam Inc",1,gen,personalization+paraphrase+masking
"Congratulations! You are the winner of a $762 gift card. Click here to claim your free prize. Act now, offer expires in 41 hours!",1,orig,
"Hi team, the meeting about the Atlas rollout is moved to Tuesday at 9am. Please bring the latest figures. Thanks, Avery",0,orig,
Your Netflix invoice #48254 is overdue. Update your bank details at http://secure-login.verify-acct.com immediately to avoid a late penalty of $4132.,1,orig,
"Hi Taylor, could you review the draft report for the ERP migration before Friday? Comments in the shared document are fine.",0,orig,
"Hello, the IT helpdesk requires you to complete your login credentials. Your login credentials expires today. open the attached portal: http://secure-login.re-check-acct.com",1,gen,masking+paraphrase
"Congratulations! You are the winner of a $3577 gift card. Click here to claim your free prize. Act now, offer expires in 54 hours!",1,orig,
"Dear Jordan, thank you for your feedback on the Atlas rollout. We incorporated your comments and will present the revised plan on Friday. Kind regards, Casey Nguyen",0,gen,
"Hello Morgan, as discussed with your manager, please find the agenda for the annual compliance audit review on Thursday at 9am. No action needed beforehand. Regards, Quinn Rossi - Umbrella Logistics",0,gen,
"Hi Alex, following up on vendor onboarding: I have updated the tracker and flagged two open items for the finance team. Happy to walk through them on Thursday. Best, Riley Patel",0,gen,
"Congratulations! You are the winner of a $209 gift card. Click here to claim your free prize. Act now, offer expires in 64 hours!",1,orig,
"Hello, the IT helpdesk requires you to review your login credentials. Your access code expires today. open the attached portal: http://review-info.net/login",1,gen,masking+paraphrase
"Congratulations! You are the winner of a $604 gift card. Click here to claim your free prize. Act now, offer expires in 57 hours!",1,orig,
"Hi Avery, hope the annual compliance audit is going well on your side. As the software engineer for Wayne Partners, you are on the list for this. We could not deliver your package #96050. Pay the $1656 customs fee at http://update-info.net/login or the parcel will be returned. please review when possible. Thanks, Taylor Brooks - Wayne Partners",1,gen,personalization+masking
"Dear customer, your DHL account has been suspended due to unusual activity. Click here to verify your password immediately or your account will be closed within 13 hours!",1,orig,
"Hi Avery, hope the Q3 budget review is going well on your side. As the procurement officer for Umbrella Logistics, you are on the list for this. We detected a login from China. time-sensitive: routine notice from Chase. validate your workspace access now at http://bit.ly/x9k2 to avoid permanent suspension. Thanks, Sam Fischer - Umbrella Logistics",1,gen,personalization+paraphrase+masking
"Dear Avery, thank you for your feedback on Q3 budget review. We incorporated your comments and will present the revised plan on Thursday. Kind regards, Jamie Chen",0,gen,
"Dear user, the IT helpdesk requires you to refresh your login credentials. Your sign-in details expires today. open the attached portal: http://secure-login.validate-acct.com",1,gen,paraphrase
Your Netflix invoice #41340 is overdue. Update your bank details at http://update-info.net/login immediately to avoid a late penalty of $3225.,1,orig,
Your Netflix payment was declined. Verify your card information immediately at http://update-info.net/login to keep your subscription active.,1,orig,
Your Amazon invoice #31864 is overdue. Update your bank details at http://bit.ly/x9k2 immediately to avoid a late penalty of $902.,1,orig,
"Lunch & learn on Thursday at 2pm: an overview of the Atlas rollout. Snacks provided, no registration needed.",0,orig,
"Hi team, the meeting about the Atlas rollout is moved to Thursday at 4pm. Please bring the latest figures. Thanks, Alex",0,gen,
"Hi Casey, hope the Q3 budget review is going well on your side. As the procurement officer for Fabrikam Inc, you are on the list for this. Your Netflix payment was declined. Verify your card information immediately at http://update-info.net/login to keep your subscription active. Thanks, Avery Kim - Fabrikam Inc",1,gen,personalization
"Dear customer, your Microsoft 365 user record has been temporarily restricted due to unusual activity. follow this secure link to re-check your sign-in details at your earliest convenience or your user record will be closed within 59 hours!",1,gen,paraphrase
"Hi Riley, hope the the ERP migration is going well on your side. As the operations lead for Contoso Group, you are on the list for this. your Dropbox profile has been placed on hold due to unusual activity. follow this secure link to validate your login credentials today or your profile will be closed within 12 hours! Thanks, Alex Morgan - Contoso Group",1,gen,paraphrase+personalization
"Hi Alex, hope the payroll consolidation is going well on your side. As the procurement officer for Initech, you are on the list for this. your Chase account has been suspended due to unusual activity. Click here to verify your password immediately or your account may need a quick review within 53 hours. Thanks, Casey Nguyen - Initech",1,gen,masking+personalization
"Hi Avery, could you review the draft report for payroll consolidation before Wednesday? Comments in the shared document are fine.",0,orig,
"Hi Taylor, hope the payroll consolidation is going well on your side. As the HR coordinator for Initech, you are on the list for this. your Apple ID account has been suspended due to unusual activity. Click here to verify your password immediately or your account will be closed within 53 hours! Thanks, Riley Patel - Initech",1,gen,personalization
"Hi Riley, following up on annual compliance audit: I have updated the tracker and flagged two open items for the legal team. Happy to walk through them on Monday. Best, Jamie Chen",0,gen,
We could not deliver your package #75191. Pay the $2577 customs fee at http://update-info.net/login or the parcel will be returned. Act now!,1,orig,
"Hi Taylor, could you review the draft report for the Atlas rollout before Friday? Comments in the shared document are fine.",0,orig,
"Congratulations! You are the winner of a $608 gift card. Click here to claim your free prize. Act now, offer expires in 8 hours!",1,orig,
"Hi Jamie, hope the payroll consolidation is going well on your side. As the financial analyst for Umbrella Logistics, you are on the list for this. Your PayPal invoice #83098 is overdue. Update your bank details at http://account-check.co/auth immediately to avoid a late penalty of $825. Thanks, Taylor Brooks - Umbrella Logistics",1,gen,masking+personalization
"Hi Sam, the contract with Wayne Partners was signed today. Legal will circulate the final copy next week.",0,gen,
We could not deliver your package #29516. Pay the $4345 customs fee at http://update-info.net/login or the parcel will be returned. Act now!,1,orig,
"Hi Avery, a quick note to confirm that the legal budget for Q3 budget review was approved. Finance will share the breakdown in the usual channel. Thanks, Quinn Rossi",0,gen,
"Hi team, the meeting about the Atlas rollout is moved to Monday at 4pm. Please bring the latest figures. Thanks, Alex",0,orig,
"Hi Casey, a quick note to confirm that the sales budget for Q3 budget review was approved. Finance will share the breakdown in the usual channel. Thanks, Jordan Lee",0,gen,
"Dear user, the IT helpdesk requires you to complete your login credentials. Your login credentials expires today. follow this secure link: http://complete-info.net/login",1,gen,paraphrase
URGENT: Security alert from Amazon. We detected a login from Brazil. Verify your account now at http://update-info.net/login to avoid permanent suspension!!!,1,orig,
"Dear customer, your Apple ID account has been suspended due to unusual activity. Click here to verify your password immediately or your account will be closed within 33 hours!",1,orig,
Your PayPal invoice #45896 is overdue. Update your bank details at http://bit.ly/x9k2 immediately to avoid a late penalty of $831.,1,gen,masking
"Hi Casey, could you review the draft report for Q3 budget review before Tuesday? Comments in the shared document are fine.",0,orig,
"Hi Casey, hope the payroll consolidation is going well on your side. Your Amazon payment was declined. As the IT administrator for Wayne Partners, you are on the list for this. confirm your card information today at http://bit.ly/x9k2 to keep your subscription active. Thanks, Morgan Silva - Wayne Partners",1,gen,personalization+masking+paraphrase
"Hi Sam, following up on vendor onboarding: I have updated the tracker and flagged two open items for the engineering team. Happy to walk through them on Monday. Best, Alex Morgan",0,gen,
"Hi Sam, a quick note to confirm that the engineering budget for the ERP migration was approved. Finance will share the breakdown in the usual channel. Thanks, Alex Morgan",0,gen,
"Hi Sam, hope the the ERP migration is going well on your side. As the IT administrator for Fabrikam Inc, you are on the list for this. friendly reminder: your mailbox storage is full. use the link below to confirm your login credentials and upgrade your quota or all incoming email may need a quick review. Thanks, Casey Nguyen - Fabrikam Inc",1,gen,personalization+paraphrase+masking
"Hi Taylor, hope the payroll consolidation is going well on your side. As the account manager for Globex Corp, you are on the list for this. Your DHL payment was declined. Verify your card information immediately at http://account-check.co/auth to keep your subscription active. Thanks, Avery Kim - Globex Corp",1,gen,personalization
"Hello, your PayPal account has been suspended due to unusual activity. Click here to verify your password immediately or your account may need a quick review within 63 hours.",1,gen,masking
"Congratulations! open the attached portal to claim your free prize. You are the selected recipient of a $154 gift card. Act now, offer expires in 25 hours!",1,gen,paraphrase
"Lunch & learn on Thursday at 4pm: an overview of the ERP migration. Snacks provided, no registration needed.",0,orig,
We could not deliver your package #73527. Pay the $4510 customs fee at http://bit.ly/x9k2 or the parcel will be returned. Act now!,1,orig,
We could not deliver your package #26401. Pay the $3142 customs fee at http://update-info.net/login or the parcel will be returned. Act now!,1,orig,
"Hello Alex, as discussed with your manager, please find the agenda for the vendor onboarding review on Wednesday at 4pm. No action needed beforehand. Regards, Sam Fischer - Fabrikam Inc",0,gen,
"Dear user, the IT helpdesk requires you to refresh your login credentials. Your sign-in details expires today. follow this secure link: http://review-info.net/login",1,gen,paraphrase
"Hi team, the meeting about annual compliance audit is moved to Monday at 2pm. Please bring the latest figures. Thanks, Riley",0,orig,
Your DHL invoice #45842 is overdue. Update your bank details at http://update-info.net/login immediately to avoid a late penalty of $4641.,1,orig,
"Hi Quinn, following up on vendor onboarding: I have updated the tracker and flagged two open items for the engineering team. Happy to walk through them on Tuesday. Best, Jamie Chen",0,gen,
"Congratulations! You are the winner of a $4365 gift card. Click here to claim your free prize. Act now, offer expires in 14 hours!",1,orig,
"Hi Taylor, following up on payroll consolidation: I have updated the tracker and flagged two open items for the finance team. Happy to walk through them on Tuesday. Best, Avery Kim",0,gen,
Your PayPal invoice #14629 is overdue. Update your bank details at http://account-check.co/auth immediately to avoid a late penalty of $3230.,1,orig,
"Dear customer, your Microsoft 365 account has been suspended due to unusual activity. Click here to verify your password immediately or your account will be closed within 51 hours!",1,orig,
"Hi team, the meeting about vendor onboarding is moved to Monday at 9am. Please bring the latest figures. Thanks, Alex",0,orig,
"Congratulations. You are the winner of a $3732 gift card. Click here to claim your complimentary prize. please review when possible, offer expires in 2 hours.",1,gen,masking
"Hi Sam, hope the the ERP migration is going well on your side. Pay the $4848 customs fee at http://secure-login.validate-acct.com or the parcel will be returned. please review when possible. As the software engineer for Wayne Partners, you are on the list for this. We could not deliver your package #30216. Thanks, Avery Kim - Wayne Partners",1,gen,personalization+paraphrase+masking
"Lunch & learn on Tuesday at 4pm: an overview of annual compliance audit. Snacks provided, no registration needed.",0,gen,
time-sensitive: routine notice from Chase. We detected a login from Romania. re-check your user record now at http://refresh-info.net/login to avoid permanent suspension.,1,gen,paraphrase+masking
"Hi Avery, following up on the Atlas rollout: I have updated the tracker and flagged two open items for the engineering team. Happy to walk through them on Tuesday. Best, Jordan Lee",0,gen,
"Hi Avery, a quick note to confirm that the HR budget for Q3 budget review was approved. Finance will share the breakdown in the usual channel. Thanks, Avery Kim",0,gen,
"Congratulations! open the attached portal to claim your free prize. You are the eligible participant of a $746 gift card. Act now, offer expires in 31 hours!",1,gen,paraphrase
"Hi Jordan, hope the the Atlas rollout is going well on your side. As the procurement officer for Fabrikam Inc, you are on the list for this. your Netflix account has been suspended due to unusual activity. Click here to verify your password immediately or your account may need a quick review within 52 hours. Thanks, Taylor Brooks - Fabrikam Inc",1,gen,personalization+masking
We could not deliver your package #85101. Pay the $4857 customs fee at http://update-info.net/login or the parcel will be returned. Act now!,1,orig,
"Congratulations! You are the winner of a $3094 gift card. Click here to claim your free prize. Act now, offer expires in 32 hours!",1,orig,
"Hi Taylor, hope the annual compliance audit is going well on your side. As the financial analyst for Initech, you are on the list for this. your Chase account has been suspended due to unusual activity. Click here to verify your password immediately or your account will be closed within 61 hours! Thanks, Jamie Chen - Initech",1,gen,personalization
URGENT: Security alert from DHL. We detected a login from China. Verify your account now at http://update-info.net/login to avoid permanent suspension!!!,1,orig,
"Hi Morgan, hope the the Atlas rollout is going well on your side. As the procurement officer for Initech, you are on the list for this. Your Microsoft 365 payment was declined. Verify your card information immediately at http://bit.ly/x9k2 to keep your subscription active. Thanks, Taylor Brooks - Initech",1,gen,personalization
"Hi Riley, hope the Q3 budget review is going well on your side. As the account manager for Stark Supplies, you are on the list for this. your Amazon workspace access has been paused due to unusual activity. use the link below to validate your sign-in details soon or your user record may need a quick review within 8 hours. Thanks, Sam Fischer - Stark Supplies",1,gen,masking+paraphrase+personalization
"Congratulations! You are the winner of a $2080 gift card. Click here to claim your free prize. Act now, offer expires in 17 hours!",1,orig,
"Hi Alex, the contract with Northwind Ltd was signed today. Legal will circulate the final copy next week.",0,orig,
"Hi Avery, following up on Q3 budget review: I have updated the tracker and flagged two open items for the legal team. Happy to walk through them on Tuesday. Best, Casey Nguyen",0,gen,
"Hi Jordan, hope the annual compliance audit is going well on your side. As the HR coordinator for Wayne Partners, you are on the list for this. Your PayPal billing statement #18520 is overdue. complete your payment provider details at http://secure-login.confirm-acct.com soon to avoid a late penalty of $4332. Thanks, Riley Patel - Wayne Partners",1,gen,paraphrase+personalization
"Hi team, the meeting about payroll consolidation is moved to Tuesday at 9am. Please bring the latest figures. Thanks, Riley",0,gen,
"Hi team, the meeting about the Atlas rollout is moved to Thursday at 4pm. Please bring the latest figures. Thanks, Taylor",0,gen,
"Hi Sam, hope the the Atlas rollout is going well on your side. As the account manager for Fabrikam Inc, you are on the list for this. Congratulations! You are the winner of a $4327 gift card. Click here to claim your free prize. Act now, offer expires in 51 hours! Thanks, Quinn Rossi - Fabrikam Inc",1,gen,personalization
Your Chase payment was declined. Verify your card information immediately at http://update-info.net/login to keep your subscription active.,1,orig,
"Hi Taylor, the contract with Wayne Partners was signed today. Legal will circulate the final copy next week.",0,orig,
"Dear Alex, thank you for your feedback on payroll consolidation. We incorporated your comments and will present the revised plan on Monday. Kind regards, Casey Nguyen",0,gen,
"Hi team, the meeting about Q3 budget review is moved to Friday at 10:30. Please bring the latest figures. Thanks, Riley",0,gen,
"Hi Jamie, hope the vendor onboarding is going well on your side. As the sales director for Umbrella Logistics, you are on the list for this. time-sensitive: routine notice from PayPal. We detected a login from Romania. Verify your account now at http://secure-login.verify-acct.com to avoid permanent suspension. Thanks, Quinn Rossi - Umbrella Logistics",1,gen,personalization+masking
"Hi Jordan, hope the the ERP migration is going well on your side. As the HR coordinator for Stark Supplies, you are on the list for this. time-sensitive: routine notice from DHL. We detected a login from Brazil. Verify your account now at http://bit.ly/x9k2 to avoid permanent suspension. Thanks, Quinn Rossi - Stark Supplies",1,gen,masking+personalization
Your DHL invoice #45669 is overdue. Update your bank details at http://update-info.net/login immediately to avoid a late penalty of $3759.,1,orig,
"Hi Casey, could you review the draft report for the ERP migration before Wednesday? Comments in the shared document are fine.",0,orig,
time-sensitive: routine notice from Netflix. We detected a login from Brazil. re-check your profile now at http://complete-info.net/login to avoid permanent suspension.,1,gen,masking+paraphrase
"Congratulations! You are the winner of a $2846 gift card. Click here to claim your free prize. Act now, offer expires in 35 hours!",1,orig,
"Quarterly newsletter: highlights from Q3 budget review, new hires in the engineering team and upcoming events.",0,gen,
"Hello Riley, as discussed with your manager, please find the agenda for the the ERP migration review on Wednesday at 10:30. No action needed beforehand. Regards, Taylor Brooks - Stark Supplies",0,gen,
"Hello Alex, attached are the minutes from yesterday's discussion on the ERP migration. Let me know if I missed anything.",0,gen,
"Dear Morgan, thank you for your feedback on annual compliance audit. We incorporated your comments and will present the revised plan on Tuesday. Kind regards, Casey Nguyen",0,gen,
"Hi Taylor, hope the the Atlas rollout is going well on your side. As the IT administrator for Umbrella Logistics, you are on the list for this. your Amazon profile has been paused due to unusual activity. use the link below to confirm your login credentials soon or your profile may need a quick review within 23 hours. Thanks, Riley Patel - Umbrella Logistics",1,gen,masking+paraphrase+personalization
"Dear customer, your PayPal user record has been placed on hold due to unusual activity. open the attached portal to validate your login credentials today or your workspace access will be closed within 49 hours!",1,gen,paraphrase
"Hi Riley, could you review the draft report for annual compliance audit before Friday? Comments in the shared document are fine.",0,orig,
"Hi Casey, hope the vendor onboarding is going well on your side. As the sales director for Northwind Ltd, you are on the list for this. We detected a login from Nigeria. validate your user record now at http://secure-login.re-check-acct.com to avoid permanent suspension. time-sensitive: routine notice from Dropbox. Thanks, Alex Morgan - Northwind Ltd",1,gen,personalization+masking+paraphrase
Your Amazon invoice #42435 is overdue. Update your bank details at http://account-check.co/auth immediately to avoid a late penalty of $1839.,1,orig,
"Dear customer, your Amazon account has been suspended due to unusual activity. Click here to verify your password immediately or your account will be closed within 12 hours!",1,orig,
"Hi team, the meeting about the ERP migration is moved to Wednesday at 4pm. Please bring the latest figures. Thanks, Jamie",0,orig,
"Congratulations! You are the winner of a $1027 gift card. Click here to claim your free prize. Act now, offer expires in 5 hours!",1,orig,
Your DHL invoice #49800 is overdue. Update your bank details at http://account-check.co/auth immediately to avoid a late penalty of $4094.,1,orig,
We could not deliver your package #23114. Pay the $4050 customs fee at http://account-check.co/auth or the parcel will be returned. Act now!,1,orig,
"Hi Taylor, hope the vendor onboarding is going well on your side. As the sales director for Globex Corp, you are on the list for this. Your Dropbox invoice #11951 is overdue. Update your bank details at http://bit.ly/x9k2 immediately to avoid a late penalty of $587. Thanks, Riley Patel - Globex Corp",1,gen,personalization+masking
"Hi team, the meeting about Q3 budget review is moved to Wednesday at 10:30. Please bring the latest figures. Thanks, Alex",0,orig,
"Hello Morgan, as discussed with your manager, please find the agenda for the annual compliance audit review on Tuesday at 2pm. No action needed beforehand. Regards, Jordan Lee - Northwind Ltd",0,gen,
"Congratulations! You are the winner of a $4272 gift card. Click here to claim your free prize. Act now, offer expires in 41 hours!",1,orig,
Your Microsoft 365 invoice #51119 is overdue. Update your bank details at http://account-check.co/auth immediately to avoid a late penalty of $3775.,1,orig,
"Hi Jordan, following up on the ERP migration: I have updated the tracker and flagged two open items for the engineering team. Happy to walk through them on Tuesday. Best, Morgan Silva",0,gen,
"Hi Jordan, hope the annual compliance audit is going well on your side. You are the selected recipient of a $4239 gift card. use the link below to claim your complimentary prize. please review when possible, offer expires in 37 hours. Congratulations. As the financial analyst for Northwind Ltd, you are on the list for this. Thanks, Quinn Rossi - Northwind Ltd",1,gen,personalization+paraphrase+masking
"Congratulations! You are the winner of a $3686 gift card. Click here to claim your free prize. Act now, offer expires in 23 hours!",1,orig,
Your Netflix invoice #48420 is overdue. Update your bank details at http://secure-login.verify-acct.com immediately to avoid a late penalty of $703.,1,orig,
"Dear customer, your Microsoft 365 account has been suspended due to unusual activity. Click here to verify your password immediately or your account will be closed within 33 hours!",1,orig,
URGENT: Security alert from Dropbox. We detected a login from Brazil. Verify your account now at http://secure-login.verify-acct.com to avoid permanent suspension!!!,1,orig,
"Congratulations! You are the winner of a $1498 gift card. Click here to claim your free prize. Act now, offer expires in 44 hours!",1,orig,
"Hi Quinn, hope the Q3 budget review is going well on your side. As the account manager for Globex Corp, you are on the list for this. Your Amazon payment was declined. Verify your card information immediately at http://account-check.co/auth to keep your subscription active. Thanks, Avery Kim - Globex Corp",1,gen,masking+personalization
"Lunch & learn on Monday at 4pm: an overview of Q3 budget review. Snacks provided, no registration needed.",0,gen,
"Dear Jordan, thank you for your feedback on the ERP migration. We incorporated your comments and will present the revised plan on Friday. Kind regards, Jamie Chen",0,gen,
"Hi Taylor, could you review the draft report for annual compliance audit before Tuesday? Comments in the shared document are fine.",0,orig,
Your Netflix invoice #43419 is overdue. Update your bank details at http://bit.ly/x9k2 immediately to avoid a late penalty of $4554.,1,orig,
"Hello, your Microsoft 365 account has been suspended due to unusual activity. Click here to verify your password immediately or your account may need a quick review within 59 hours.",1,gen,masking
"Hello Taylor, as discussed with your manager, please find the agenda for the payroll consolidation review on Wednesday at 10:30. No action needed beforehand. Regards, Avery Kim - Stark Supplies",0,gen,
"Hi Avery, following up on the ERP migration: I have updated the tracker and flagged two open items for the legal team. Happy to walk through them on Thursday. Best, Jamie Chen",0,gen,
"Congratulations! You are the winner of a $3927 gift card. Click here to claim your free prize. Act now, offer expires in 60 hours!",1,orig,
"Hi Quinn, could you review the draft report for payroll consolidation before Wednesday? Comments in the shared document are fine.",0,orig,
"Hi Avery, hope the payroll consolidation is going well on your side. As the sales director for Stark Supplies, you are on the list for this. time-sensitive: routine notice from Netflix. We detected a login from Brazil. Verify your account now at http://update-info.net/login to avoid permanent suspension. Thanks, Casey Nguyen - Stark Supplies",1,gen,masking+personalization
"Hello, your Netflix account has been suspended due to unusual activity. Click here to verify your password immediately or your account may need a quick review within 14 hours.",1,gen,masking
Your Dropbox invoice #78657 is overdue. Update your bank details at http://update-info.net/login immediately to avoid a late penalty of $748.,1,orig,
"Hi Avery, following up on payroll consolidation: I have updated the tracker and flagged two open items for the finance team. Happy to walk through them on Friday. Best, Morgan Silva",0,gen,
"Dear customer, your Microsoft 365 account has been suspended due to unusual activity. Click here to verify your password immediately or your account will be closed within 40 hours!",1,orig,
"Hi team, the meeting about the ERP migration is moved to Monday at 10:30. Please bring the latest figures. Thanks, Riley",0,orig,
"Hi Casey, hope the the Atlas rollout is going well on your side. open the attached portal to claim your free prize. Act now, offer expires in 36 hours! You are the selected recipient of a $1950 gift card. Congratulations! As the profile manager for Contoso Group, you are on the list for this. Thanks, Sam Fischer - Contoso Group",1,gen,personalization+paraphrase
"Hi team, the meeting about vendor onboarding is moved to Monday at 9am. Please bring the latest figures. Thanks, Morgan",0,gen,
"Hi Morgan, a quick note to confirm that the legal budget for Q3 budget review was approved. Finance will share the breakdown in the usual channel. Thanks, Jamie Chen",0,gen,
"Hi Morgan, hope the the ERP migration is going well on your side. As the HR coordinator for Initech, you are on the list for this. friendly reminder: your mailbox storage is full. Click here to verify your password and upgrade your quota or all incoming email may need a quick review. Thanks, Quinn Rossi - Initech",1,gen,personalization+masking
"Hello, the IT helpdesk requires you to refresh your login credentials. Your access code expires today. follow this secure link: http://refresh-info.net/login",1,gen,masking+paraphrase
"Hi Morgan, following up on vendor onboarding: I have updated the tracker and flagged two open items for the HR team. Happy to walk through them on Wednesday. Best, Jamie Chen",0,gen,
URGENT: Security alert from DHL. We detected a login from China. Verify your account now at http://secure-login.verify-acct.com to avoid permanent suspension!!!,1,orig,
Your Amazon invoice #59146 is overdue. Update your bank details at http://update-info.net/login immediately to avoid a late penalty of $4284.,1,orig,
"Hi team, the meeting about payroll consolidation is moved to Monday at 2pm. Please bring the latest figures. Thanks, Avery",0,gen,
"Hi Jordan, a quick note to confirm that the HR budget for the ERP migration was approved. Finance will share the breakdown in the usual channel. Thanks, Jordan Lee",0,gen,
"Hello Sam, as discussed with your manager, please find the agenda for the Q3 budget review review on Monday at 10:30. No action needed beforehand. Regards, Jordan Lee - Globex Corp",0,gen,
"Hi Casey, could you review the draft report for payroll consolidation before Thursday? Comments in the shared document are fine.",0,gen,
"Congratulations! You are the selected recipient of a $3037 gift card. use the link below to claim your free prize. Act now, offer expires in 70 hours!",1,gen,paraphrase
URGENT: Security alert from Amazon. We detected a login from Brazil. Verify your account now at http://account-check.co/auth to avoid permanent suspension!!!,1,orig,
"Hello Avery, as discussed with your manager, please find the agenda for the the ERP migration review on Wednesday at 9am. No action needed beforehand. Regards, Alex Morgan - Wayne Partners",0,gen,
"Hi Morgan, could you review the draft report for vendor onboarding before Friday? Comments in the shared document are fine.",0,gen,
"Dear Morgan, thank you for your feedback on payroll consolidation. We incorporated your comments and will present the revised plan on Wednesday. Kind regards, Sam Fischer",0,gen,
"Hi Quinn, hope the the ERP migration is going well on your side. Your access code expires today. As the procurement officer for Fabrikam Inc, you are on the list for this. the IT helpdesk requires you to review your login credentials. follow this secure link: http://secure-login.confirm-acct.com Thanks, Jamie Chen - Fabrikam Inc",1,gen,personalization+paraphrase+masking
"Hi Taylor, hope the payroll consolidation is going well on your side. As the procurement officer for Globex Corp, you are on the list for this. Congratulations! You are the winner of a $3974 gift card. Click here to claim your free prize. Act now, offer expires in 65 hours! Thanks, Jordan Lee - Globex Corp",1,gen,personalization
"Hi Riley, hope the Q3 budget review is going well on your side. As the sales director for Initech, you are on the list for this. the IT helpdesk requires you to review your login credentials. Your sign-in details expires today. follow this secure link: http://review-info.net/login Thanks, Avery Kim - Initech",1,gen,paraphrase+masking+personalization
"Hi team, the meeting about annual compliance audit is moved to Wednesday at 2pm. Please bring the latest figures. Thanks, Avery",0,gen,
"Hi team, the meeting about annual compliance audit is moved to Thursday at 2pm. Please bring the latest figures. Thanks, Quinn",0,gen,
time-sensitive: routine notice from Chase. We detected a login from China. validate your user record now at http://secure-login.confirm-acct.com to avoid permanent suspension.,1,gen,paraphrase+masking
"Hi Avery, hope the the Atlas rollout is going well on your side. As the IT administrator for Northwind Ltd, you are on the list for this. your Chase account has been suspended due to unusual activity. Click here to verify your password immediately or your account will be closed within 18 hours! Thanks, Quinn Rossi - Northwind Ltd",1,gen,personalization
"Hi Avery, a quick note to confirm that the sales budget for payroll consolidation was approved. Finance will share the breakdown in the usual channel. Thanks, Taylor Brooks",0,gen,
"Hi Quinn, a quick note to confirm that the sales budget for payroll consolidation was approved. Finance will share the breakdown in the usual channel. Thanks, Casey Nguyen",0,gen,
"Hello Riley, as discussed with your manager, please find the agenda for the payroll consolidation review on Thursday at 4pm. No action needed beforehand. Regards, Avery Kim - Wayne Partners",0,gen,
"Hi Quinn, hope the vendor onboarding is going well on your side. open the attached portal to confirm your access code soon or your profile may need a quick review within 28 hours. As the financial analyst for Globex Corp, you are on the list for this. your PayPal user record has been paused due to unusual activity. Thanks, Jamie Chen - Globex Corp",1,gen,personalization+paraphrase+masking
"Dear Morgan, thank you for your feedback on the ERP migration. We incorporated your comments and will present the revised plan on Friday. Kind regards, Casey Nguyen",0,gen,
"Hi Jamie, hope the the ERP migration is going well on your side. As the financial analyst for Initech, you are on the list for this. time-sensitive: routine notice from Netflix. We detected a login from Romania. re-check your user record now at http://secure-login.re-check-acct.com to avoid permanent suspension. Thanks, Alex Morgan - Initech",1,gen,paraphrase+personalization+masking
"Dear customer, your Amazon account has been suspended due to unusual activity. Click here to verify your password immediately or your account will be closed within 53 hours!",1,orig,
"Hi Sam, hope the Q3 budget review is going well on your side. As the software engineer for Umbrella Logistics, you are on the list for this. Your Microsoft 365 invoice #59857 is overdue. Update your bank details at http://update-info.net/login immediately to avoid a late penalty of $269. Thanks, Avery Kim - Umbrella Logistics",1,gen,masking+personalization
"Hi Morgan, could you review the draft report for payroll consolidation before Monday? Comments in the shared document are fine.",0,gen,
"Congratulations. You are the winner of a $4556 gift card. Click here to claim your complimentary prize. please review when possible, offer expires in 61 hours.",1,gen,masking
"Hi Jordan, hope the the Atlas rollout is going well on your side. time-sensitive: routine notice from Apple ID. As the financial analyst for Northwind Ltd, you are on the list for this. We detected a login from China. re-check your profile now at http://secure-login.validate-acct.com to avoid permanent suspension. Thanks, Jamie Chen - Northwind Ltd",1,gen,personalization+paraphrase+masking
"Hello, your Amazon user record has been placed on hold due to unusual activity. open the attached portal to confirm your login credentials at your earliest convenience or your workspace access may need a quick review within 18 hours.",1,gen,paraphrase+masking
"Congratulations! You are the winner of a $2639 gift card. Click here to claim your free prize. Act now, offer expires in 43 hours!",1,orig,
"Hello Morgan, as discussed with your manager, please find the agenda for the payroll consolidation review on Thursday at 4pm. No action needed beforehand. Regards, Jamie Chen - Northwind Ltd",0,gen,
"Hello Riley, as discussed with your manager, please find the agenda for the vendor onboarding review on Wednesday at 2pm. No action needed beforehand. Regards, Avery Kim - Initech",0,gen,
URGENT: Security alert from Chase. We detected a login from Romania. Verify your account now at http://account-check.co/auth to avoid permanent suspension!!!,1,orig,
"Hello Morgan, attached are the minutes from yesterday's discussion on the ERP migration. Let me know if I missed anything.",0,orig,
time-sensitive: routine notice from Dropbox. We detected a login from Russia. Verify your account now at http://account-check.co/auth to avoid permanent suspension.,1,gen,masking
URGENT: Security alert from Amazon. We detected a login from Romania. Verify your account now at http://bit.ly/x9k2 to avoid permanent suspension!!!,1,orig,
We could not deliver your package #61951. Pay the $271 customs fee at http://secure-login.validate-acct.com or the parcel will be returned. Act now!,1,gen,paraphrase
"Hi Riley, hope the vendor onboarding is going well on your side. Pay the $3807 customs fee at http://bit.ly/x9k2 or the parcel will be returned. As the operations lead for Initech, you are on the list for this. We could not deliver your package #30615. Act now! Thanks, Taylor Brooks - Initech",1,gen,personalization+paraphrase
"Hello Quinn, as discussed with your manager, please find the agenda for the Q3 budget review review on Tuesday at 2pm. No action needed beforehand. Regards, Avery Kim - Fabrikam Inc",0,gen,
"Hi Morgan, hope the annual compliance audit is going well on your side. As the software engineer for Globex Corp, you are on the list for this. Congratulations! You are the selected recipient of a $1471 gift card. use the link below to claim your free prize. Act now, offer expires in 61 hours! Thanks, Sam Fischer - Globex Corp",1,gen,paraphrase+personalization
"Hi Quinn, a quick note to confirm that the HR budget for annual compliance audit was approved. Finance will share the breakdown in the usual channel. Thanks, Morgan Silva",0,gen,
Your Microsoft 365 invoice #92924 is overdue. Update your bank details at http://bit.ly/x9k2 immediately to avoid a late penalty of $1461.,1,orig,
"Dear Taylor, thank you for your feedback on Q3 budget review. We incorporated your comments and will present the revised plan on Tuesday. Kind regards, Jordan Lee",0,gen,
"Hi Jamie, hope the payroll consolidation is going well on your side. As the operations lead for Stark Supplies, you are on the list for this. your Amazon account has been suspended due to unusual activity. Click here to verify your password immediately or your account will be closed within 57 hours! Thanks, Sam Fischer - Stark Supplies",1,gen,personalization
"Hi Riley, following up on the ERP migration: I have updated the tracker and flagged two open items for the sales team. Happy to walk through them on Thursday. Best, Avery Kim",0,gen,
"Hi Jamie, a quick note to confirm that the engineering budget for the ERP migration was approved. Finance will share the breakdown in the usual channel. Thanks, Casey Nguyen",0,gen,
"Hi Sam, hope the vendor onboarding is going well on your side. validate your card information at your earliest convenience at http://bit.ly/x9k2 to keep your subscription active. As the procurement officer for Fabrikam Inc, you are on the list for this. Your Apple ID payment was declined. Thanks, Quinn Rossi - Fabrikam Inc",1,gen,personalization+paraphrase+masking
URGENT: Security alert from Apple ID. We detected a login from China. validate your profile now at http://bit.ly/x9k2 to avoid permanent suspension!!!,1,gen,paraphrase
"Hi Jordan, hope the Q3 budget review is going well on your side. As the procurement officer for Globex Corp, you are on the list for this. your Dropbox account has been suspended due to unusual activity. Click here to verify your password immediately or your account will be closed within 22 hours! Thanks, Morgan Silva - Globex Corp",1,gen,personalization
"Hi Jamie, hope the the ERP migration is going well on your side. the IT helpdesk requires you to review your login credentials. Your login credentials expires today. As the IT administrator for Fabrikam Inc, you are on the list for this. follow this secure link: http://review-info.net/login Thanks, Casey Nguyen - Fabrikam Inc",1,gen,personalization+masking+paraphrase
"Hello Riley, as discussed with your manager, please find the agenda for the the Atlas rollout review on Monday at 9am. No action needed beforehand. Regards, Riley Patel - Contoso Group",0,gen,
"Hi Taylor, hope the the Atlas rollout is going well on your side. As the financial analyst for Umbrella Logistics, you are on the list for this. Your DHL payment was declined. confirm your card information soon at http://secure-login.confirm-acct.com to keep your subscription active. Thanks, Casey Nguyen - Umbrella Logistics",1,gen,masking+paraphrase+personalization
Your Amazon invoice #72580 is overdue. Update your bank details at http://secure-login.verify-acct.com immediately to avoid a late penalty of $3946.,1,orig,
"Hi Casey, could you review the draft report for payroll consolidation before Tuesday? Comments in the shared document are fine.",0,orig,
"Lunch & learn on Tuesday at 2pm: an overview of annual compliance audit. Snacks provided, no registration needed.",0,gen,
We could not deliver your package #23130. Pay the $2755 customs fee at http://update-info.net/login or the parcel will be returned. Act now!,1,orig,
"Hi Jamie, hope the the ERP migration is going well on your side. As the IT administrator for Umbrella Logistics, you are on the list for this. your DHL user record has been temporarily restricted due to unusual activity. open the attached portal to re-check your sign-in details soon or your user record will be closed within 43 hours! Thanks, Taylor Brooks - Umbrella Logistics",1,gen,paraphrase+personalization
"Hi team, the meeting about the Atlas rollout is moved to Tuesday at 10:30. Please bring the latest figures. Thanks, Casey",0,gen,
"Hi team, the meeting about the Atlas rollout is moved to Monday at 9am. Please bring the latest figures. Thanks, Jamie",0,orig,
URGENT: Security alert from Apple ID. We detected a login from Russia. Verify your account now at http://secure-login.verify-acct.com to avoid permanent suspension!!!,1,orig,
"Hi Casey, hope the payroll consolidation is going well on your side. time-sensitive: routine notice from DHL. re-check your profile now at http://complete-info.net/login to avoid permanent suspension. We detected a login from China. As the financial analyst for Fabrikam Inc, you are on the list for this. Thanks, Avery Kim - Fabrikam Inc",1,gen,personalization+masking+paraphrase
"Hi Morgan, hope the the Atlas rollout is going well on your side. As the sales director for Wayne Partners, you are on the list for this. your Amazon account has been suspended due to unusual activity. Click here to verify your password immediately or your account will be closed within 16 hours! Thanks, Sam Fischer - Wayne Partners",1,gen,personalization
"Congratulations! You are the winner of a $4650 gift card. Click here to claim your free prize. Act now, offer expires in 51 hours!",1,orig,
"Hi Quinn, following up on annual compliance audit: I have updated the tracker and flagged two open items for the sales team. Happy to walk through them on Thursday. Best, Morgan Silva",0,gen,
We could not deliver your package #64995. Pay the $470 customs fee at http://account-check.co/auth or the parcel will be returned. Act now!,1,orig,
"Lunch & learn on Thursday at 9am: an overview of Q3 budget review. Snacks provided, no registration needed.",0,orig,
"Hi team, the meeting about payroll consolidation is moved to Thursday at 10:30. Please bring the latest figures. Thanks, Quinn",0,gen,
"Hello Taylor, attached are the minutes from yesterday's discussion on annual compliance audit. Let me know if I missed anything.",0,orig,
"Congratulations. You are the selected recipient of a $3026 gift card. follow this secure link to claim your complimentary prize. please review when possible, offer expires in 32 hours.",1,gen,masking+paraphrase
"Hi team, the meeting about vendor onboarding is moved to Thursday at 4pm. Please bring the latest figures. Thanks, Riley",0,orig,
"Hello, the IT helpdesk requires you to review your login credentials. Your sign-in details expires today. use the link below: http://workspace access-check.co/auth",1,gen,paraphrase+masking
"Hi Quinn, could you review the draft report for payroll consolidation before Tuesday? Comments in the shared document are fine.",0,gen,
"Hi Riley, hope the vendor onboarding is going well on your side. As the financial analyst for Wayne Partners, you are on the list for this. time-sensitive: routine notice from Apple ID. We detected a login from Brazil. Verify your account now at http://secure-login.verify-acct.com to avoid permanent suspension. Thanks, Casey Nguyen - Wayne Partners",1,gen,personalization+masking
"Hi Sam, hope the the Atlas rollout is going well on your side. As the HR coordinator for Northwind Ltd, you are on the list for this. your Amazon account has been suspended due to unusual activity. Click here to verify your password immediately or your account will be closed within 12 hours! Thanks, Avery Kim - Northwind Ltd",1,gen,personalization
Your PayPal invoice #59089 is overdue. Update your bank details at http://secure-login.verify-acct.com immediately to avoid a late penalty of $1176.,1,orig,
Your Amazon invoice #65392 is overdue. Update your bank details at http://secure-login.verify-acct.com immediately to avoid a late penalty of $1357.,1,orig,
"Hi Taylor, hope the the ERP migration is going well on your side. As the account manager for Umbrella Logistics, you are on the list for this. your DHL account has been suspended due to unusual activity. Click here to verify your password immediately or your account may need a quick review within 54 hours. Thanks, Jamie Chen - Umbrella Logistics",1,gen,personalization+masking
Your Dropbox invoice #27225 is overdue. Update your bank details at http://secure-login.verify-acct.com immediately to avoid a late penalty of $3235.,1,orig,
"Hi Alex, hope the the ERP migration is going well on your side. As the HR coordinator for Northwind Ltd, you are on the list for this. your Dropbox user record has been paused due to unusual activity. use the link below to re-check your sign-in details today or your user record will be closed within 37 hours! Thanks, Riley Patel - Northwind Ltd",1,gen,paraphrase+personalization
"Hi Jordan, hope the Q3 budget review is going well on your side. As the financial analyst for Initech, you are on the list for this. Congratulations. open the attached portal to claim your complimentary prize. You are the eligible participant of a $3637 gift card. please review when possible, offer expires in 10 hours. Thanks, Casey Nguyen - Initech",1,gen,paraphrase+personalization+masking
"Dear customer, your PayPal user record has been placed on hold due to unusual activity. follow this secure link to validate your login credentials today or your workspace access will be closed within 14 hours!",1,gen,paraphrase
"Hi Jordan, hope the payroll consolidation is going well on your side. As the financial analyst for Northwind Ltd, you are on the list for this. friendly reminder: your mailbox storage is full. Click here to verify your password and upgrade your quota or all incoming email may need a quick review. Thanks, Jamie Chen - Northwind Ltd",1,gen,masking+personalization
Your Apple ID invoice #26334 is overdue. Update your bank details at http://bit.ly/x9k2 immediately to avoid a late penalty of $2262.,1,orig,
"Dear customer, your PayPal account has been suspended due to unusual activity. Click here to verify your password immediately or your account will be closed within 50 hours!",1,orig,
We could not deliver your package #35652. Pay the $3894 customs fee at http://account-check.co/auth or the parcel will be returned. Act now!,1,orig,
"Hi team, the meeting about vendor onboarding is moved to Tuesday at 2pm. Please bring the latest figures. Thanks, Quinn",0,orig,
We could not deliver your package #99744. Pay the $4105 customs fee at http://update-info.net/login or the parcel will be returned. Act now!,1,orig,
Your Netflix invoice #46556 is overdue. Update your bank details at http://secure-login.verify-acct.com immediately to avoid a late penalty of $4279.,1,gen,masking
"Hello Casey, as discussed with your manager, please find the agenda for the payroll consolidation review on Tuesday at 10:30. No action needed beforehand. Regards, Riley Patel - Stark Supplies",0,gen,
"Hi Casey, the contract with Fabrikam Inc was signed today. Legal will circulate the final copy next week.",0,orig,
time-sensitive: routine notice from Microsoft 365. We detected a login from Russia. validate your workspace access now at http://bit.ly/x9k2 to avoid permanent suspension.,1,gen,paraphrase+masking
"Hi Riley, hope the Q3 budget review is going well on your side. As the sales director for Fabrikam Inc, you are on the list for this. open the attached portal to confirm your access code at your earliest convenience or your profile may need a quick review within 56 hours. your Microsoft 365 user record has been placed on hold due to unusual activity. Thanks, Quinn Rossi - Fabrikam Inc",1,gen,personalization+paraphrase+masking
"Hi team, the meeting about the Atlas rollout is moved to Thursday at 2pm. Please bring the latest figures. Thanks, Jordan",0,gen,
"Hello, your DHL workspace access has been temporarily restricted due to unusual activity. use the link below to re-check your login credentials soon or your user record may need a quick review within 35 hours.",1,gen,paraphrase+masking
"Hi Avery, a quick note to confirm that the engineering budget for annual compliance audit was approved. Finance will share the breakdown in the usual channel. Thanks, Sam Fischer",0,gen,
"Hello Riley, as discussed with your manager, please find the agenda for the the ERP migration review on Thursday at 10:30. No action needed beforehand. Regards, Riley Patel - Stark Supplies",0,gen,
"Hi Jordan, hope the the Atlas rollout is going well on your side. As the sales director for Contoso Group, you are on the list for this. Congratulations. You are the winner of a $4631 gift card. Click here to claim your complimentary prize. please review when possible, offer expires in 44 hours. Thanks, Jamie Chen - Contoso Group",1,gen,personalization+masking
"Congratulations! You are the winner of a $4359 gift card. Click here to claim your free prize. Act now, offer expires in 2 hours!",1,orig,
"Congratulations. You are the selected recipient of a $1640 gift card. follow this secure link to claim your complimentary prize. please review when possible, offer expires in 57 hours.",1,gen,masking+paraphrase
"Hi Morgan, a quick note to confirm that the finance budget for the Atlas rollout was approved. Finance will share the breakdown in the usual channel. Thanks, Sam Fischer",0,gen,
"Hi Riley, a quick note to confirm that the legal budget for the Atlas rollout was approved. Finance will share the breakdown in the usual channel. Thanks, Jordan Lee",0,gen,
"Hi Alex, could you review the draft report for Q3 budget review before Wednesday? Comments in the shared document are fine.",0,gen,
We could not deliver your package #52568. Pay the $220 customs fee at http://secure-login.verify-acct.com or the parcel will be returned. Act now!,1,orig,
"Hi Quinn, could you review the draft report for payroll consolidation before Thursday? Comments in the shared document are fine.",0,orig,
"Hi Avery, hope the annual compliance audit is going well on your side. As the sales director for Globex Corp, you are on the list for this. Congratulations. You are the winner of a $1627 gift card. Click here to claim your complimentary prize. please review when possible, offer expires in 69 hours. Thanks, Quinn Rossi - Globex Corp",1,gen,personalization+masking
"Dear customer, your PayPal account has been suspended due to unusual activity. Click here to verify your password immediately or your account will be closed within 27 hours!",1,orig,
"Dear customer, your Apple ID account has been suspended due to unusual activity. Click here to verify your password immediately or your account will be closed within 25 hours!",1,orig,
"Hello Riley, attached are the minutes from yesterday's discussion on the ERP migration. Let me know if I missed anything.",0,gen,
"Hi team, the meeting about the ERP migration is moved to Wednesday at 4pm. Please bring the latest figures. Thanks, Sam",0,gen,
"Hi Casey, hope the payroll consolidation is going well on your side. As the IT administrator for Northwind Ltd, you are on the list for this. time-sensitive: routine notice from Apple ID. We detected a login from Romania. Verify your account now at http://update-info.net/login to avoid permanent suspension. Thanks, Jordan Lee - Northwind Ltd",1,gen,personalization+masking
"Hello Jamie, as discussed with your manager, please find the agenda for the Q3 budget review review on Friday at 2pm. No action needed beforehand. Regards, Casey Nguyen - Wayne Partners",0,gen,
"Hi Morgan, hope the the Atlas rollout is going well on your side. As the financial analyst for Globex Corp, you are on the list for this. Congratulations! You are the winner of a $3310 gift card. Click here to claim your free prize. Act now, offer expires in 33 hours! Thanks, Alex Morgan - Globex Corp",1,gen,personalization
"Hi Morgan, hope the the Atlas rollout is going well on your side. As the financial analyst for Fabrikam Inc, you are on the list for this. Congratulations. open the attached portal to claim your complimentary prize. You are the eligible participant of a $530 gift card. please review when possible, offer expires in 23 hours. Thanks, Alex Morgan - Fabrikam Inc",1,gen,paraphrase+personalization+masking
URGENT: Security alert from Microsoft 365. We detected a login from Brazil. Verify your account now at http://account-check.co/auth to avoid permanent suspension!!!,1,orig,
"Dear customer, your Dropbox account has been suspended due to unusual activity. Click here to verify your password immediately or your account will be closed within 46 hours!",1,orig,
"Hi Morgan, hope the vendor onboarding is going well on your side. As the financial analyst for Contoso Group, you are on the list for this. the IT helpdesk requires you to update your login credentials. Your password expires today. Click here: http://secure-login.verify-acct.com Thanks, Sam Fischer - Contoso Group",1,gen,personalization
"Hi Morgan, hope the vendor onboarding is going well on your side. Your PayPal payment was declined. As the financial analyst for Initech, you are on the list for this. validate your card information today at http://bit.ly/x9k2 to keep your subscription active. Thanks, Taylor Brooks - Initech",1,gen,personalization+paraphrase
"Hi Jamie, hope the the Atlas rollout is going well on your side. As the HR coordinator for Initech, you are on the list for this. your Amazon profile has been temporarily restricted due to unusual activity. open the attached portal to confirm your sign-in details today or your workspace access may need a quick review within 61 hours. Thanks, Sam Fischer - Initech",1,gen,masking+paraphrase+personalization
We could not deliver your package #38940. Pay the $4165 customs fee at http://secure-login.verify-acct.com or the parcel will be returned. Act now!,1,orig,
Your Netflix invoice #29073 is overdue. Update your bank details at http://bit.ly/x9k2 immediately to avoid a late penalty of $2651.,1,orig,
time-sensitive: routine notice from Amazon. We detected a login from Romania. Verify your account now at http://update-info.net/login to avoid permanent suspension.,1,gen,masking
"Hi team, the meeting about Q3 budget review is moved to Friday at 2pm. Please bring the latest figures. Thanks, Casey",0,orig,
"Hi Jamie, following up on the ERP migration: I have updated the tracker and flagged two open items for the engineering team. Happy to walk through them on Thursday. Best, Sam Fischer",0,gen,
"Hello, the IT helpdesk requires you to update your login credentials. Your password expires today. Click here: http://update-info.net/login",1,gen,masking
"Congratulations! You are the winner of a $2803 gift card. Click here to claim your free prize. Act now, offer expires in 18 hours!",1,orig,
"Hi Taylor, could you review the draft report for the Atlas rollout before Wednesday? Comments in the shared document are fine.",0,gen,
"Hi team, the meeting about vendor onboarding is moved to Monday at 9am. Please bring the latest figures. Thanks, Quinn",0,orig,
"Hi Alex, could you review the draft report for Q3 budget review before Monday? Comments in the shared document are fine.",0,orig,
We could not deliver your package #36170. Pay the $4137 customs fee at http://bit.ly/x9k2 or the parcel will be returned. Act now!,1,orig,
"Hi Casey, a quick note to confirm that the engineering budget for the ERP migration was approved. Finance will share the breakdown in the usual channel. Thanks, Morgan Silva",0,gen,
"Hi team, the meeting about vendor onboarding is moved to Thursday at 4pm. Please bring the latest figures. Thanks, Quinn",0,orig,
"Hi Morgan, a quick note to confirm that the sales budget for the Atlas rollout was approved. Finance will share the breakdown in the usual channel. Thanks, Riley Patel",0,gen,
"Hi Avery, hope the annual compliance audit is going well on your side. the IT helpdesk requires you to refresh your login credentials. As the profile manager for Globex Corp, you are on the list for this. Your access code expires today. use the link below: http://bit.ly/x9k2 Thanks, Jamie Chen - Globex Corp",1,gen,personalization+paraphrase+masking
Your PayPal invoice #38972 is overdue. Update your bank details at http://update-info.net/login immediately to avoid a late penalty of $4320.,1,orig,
"Hi Jordan, hope the annual compliance audit is going well on your side. the IT helpdesk requires you to refresh your login credentials. As the procurement officer for Stark Supplies, you are on the list for this. Your login credentials expires today. follow this secure link: http://secure-login.re-check-acct.com Thanks, Sam Fischer - Stark Supplies",1,gen,masking+personalization+paraphrase
"Hi Jordan, following up on the Atlas rollout: I have updated the tracker and flagged two open items for the legal team. Happy to walk through them on Wednesday. Best, Sam Fischer",0,gen,
We could not deliver your package #78809. Pay the $3386 customs fee at http://bit.ly/x9k2 or the parcel will be returned. Act now!,1,orig,
"Hi team, the meeting about annual compliance audit is moved to Tuesday at 2pm. Please bring the latest figures. Thanks, Jordan",0,orig,
"Hi Taylor, hope the Q3 budget review is going well on your side. As the operations lead for Stark Supplies, you are on the list for this. Congratulations. use the link below to claim your complimentary prize. You are the eligible participant of a $4614 gift card. please review when possible, offer expires in 40 hours. Thanks, Avery Kim - Stark Supplies",1,gen,masking+paraphrase+personalization
"Hi team, the meeting about the ERP migration is moved to Friday at 4pm. Please bring the latest figures. Thanks, Quinn",0,gen,
"Congratulations! You are the winner of a $4185 gift card. Click here to claim your free prize. Act now, offer expires in 58 hours!",1,orig,
"Hi team, the meeting about the Atlas rollout is moved to Thursday at 2pm. Please bring the latest figures. Thanks, Morgan",0,orig,
"Hi team, the meeting about the Atlas rollout is moved to Monday at 4pm. Please bring the latest figures. Thanks, Jordan",0,orig,
"Congratulations! open the attached portal to claim your free prize. You are the selected recipient of a $961 gift card. Act now, offer expires in 14 hours!",1,gen,paraphrase
"Hi team, the meeting about the Atlas rollout is moved to Wednesday at 10:30. Please bring the latest figures. Thanks, Taylor",0,orig,
"Dear Jordan, thank you for your feedback on annual compliance audit. We incorporated your comments and will present the revised plan on Monday. Kind regards, Avery Kim",0,gen,
"Congratulations! You are the winner of a $4114 gift card. Click here to claim your free prize. Act now, offer expires in 15 hours!",1,orig,
"Hi Alex, hope the the ERP migration is going well on your side. As the financial analyst for Contoso Group, you are on the list for this. the IT helpdesk requires you to review your login credentials. Your login credentials expires today. open the attached portal: http://bit.ly/x9k2 Thanks, Jamie Chen - Contoso Group",1,gen,masking+paraphrase+personalization
"Lunch & learn on Friday at 10:30: an overview of the Atlas rollout. Snacks provided, no registration needed.",0,gen,
"Hi Jordan, hope the vendor onboarding is going well on your side. As the account manager for Globex Corp, you are on the list for this. friendly reminder: your mailbox storage is full. Click here to verify your password and upgrade your quota or all incoming email may need a quick review. Thanks, Sam Fischer - Globex Corp",1,gen,masking+personalization
"Hello Morgan, as discussed with your manager, please find the agenda for the vendor onboarding review on Thursday at 2pm. No action needed beforehand. Regards, Riley Patel - Fabrikam Inc",0,gen,
"Hi Casey, hope the Q3 budget review is going well on your side. As the HR coordinator for Globex Corp, you are on the list for this. We could not deliver your package #72895. Pay the $4167 customs fee at http://update-info.net/login or the parcel will be returned. please review when possible. Thanks, Riley Patel - Globex Corp",1,gen,masking+personalization
"Hi Jordan, a quick note to confirm that the HR budget for annual compliance audit was approved. Finance will share the breakdown in the usual channel. Thanks, Riley Patel",0,gen,
URGENT: Security alert from Chase. We detected a login from China. re-check your profile now at http://bit.ly/x9k2 to avoid permanent suspension!!!,1,gen,paraphrase
"Dear customer, your Microsoft 365 account has been suspended due to unusual activity. Click here to verify your password immediately or your account will be closed within 46 hours!",1,orig,
"Hi Morgan, hope the Q3 budget review is going well on your side. As the account manager for Stark Supplies, you are on the list for this. the IT helpdesk requires you to update your login credentials. Your password expires today. Click here: http://secure-login.verify-acct.com Thanks, Alex Morgan - Stark Supplies",1,gen,personalization
"Hi Jamie, hope the vendor onboarding is going well on your side. As the sales director for Initech, you are on the list for this. validate your card information at your earliest convenience at http://complete-info.net/login to keep your subscription active. Your Amazon payment was declined. Thanks, Taylor Brooks - Initech",1,gen,masking+personalization+paraphrase
Your PayPal invoice #18250 is overdue. Update your bank details at http://account-check.co/auth immediately to avoid a late penalty of $1598.,1,orig,
"Dear customer, your Chase account has been suspended due to unusual activity. Click here to verify your password immediately or your account will be closed within 36 hours!",1,orig,
"Hi Jordan, following up on payroll consolidation: I have updated the tracker and flagged two open items for the HR team. Happy to walk through them on Thursday. Best, Jordan Lee",0,gen,
"Congratulations! You are the winner of a $926 gift card. Click here to claim your free prize. Act now, offer expires in 16 hours!",1,orig,
"Dear customer, your Amazon account has been suspended due to unusual activity. Click here to verify your password immediately or your account will be closed within 38 hours!",1,orig,
"Hi team, the meeting about annual compliance audit is moved to Tuesday at 10:30. Please bring the latest figures. Thanks, Riley",0,orig,
"Hi Riley, hope the vendor onboarding is going well on your side. As the account manager for Initech, you are on the list for this. the IT helpdesk requires you to update your login credentials. Your password expires today. Click here: http://secure-login.verify-acct.com Thanks, Jordan Lee - Initech",1,gen,personalization+masking
"Dear customer, your Dropbox account has been suspended due to unusual activity. Click here to verify your password immediately or your account will be closed within 9 hours!",1,orig,
"Dear customer, your Microsoft 365 account has been suspended due to unusual activity. Click here to verify your password immediately or your account will be closed within 12 hours!",1,orig,
"Congratulations! You are the winner of a $852 gift card. Click here to claim your free prize. Act now, offer expires in 63 hours!",1,orig,
"Hi Sam, hope the vendor onboarding is going well on your side. Your access code expires today. the IT helpdesk requires you to review your login credentials. As the operations lead for Stark Supplies, you are on the list for this. open the attached portal: http://user record-check.co/auth Thanks, Riley Patel - Stark Supplies",1,gen,personalization+paraphrase+masking
