urgency,flattery,link_suspicion,marketing,personal_details,authority,account_update,click_pressure,scarcity,phishing_level,label,source
0.0,0.0,35.0,0.0,0.0,35.0,0.0,0.0,0.0,11.264832298503668,1,gen
0.0,0.0,0.0,0.0,0.0,35.0,0.0,0.0,0.0,3.3688024965764733,0,orig
0.0,0.0,0.0,0.0,70.0,35.0,35.0,35.0,35.0,18.703666867970796,1,gen
35.0,0.0,35.0,35.0,0.0,0.0,70.0,0.0,0.0,29.46785555660794,1,orig
0.0,0.0,0.0,0.0,0.0,35.0,0.0,0.0,0.0,3.3688024965764733,0,gen
35.0,0.0,0.0,0.0,0.0,0.0,0.0,0.0,0.0,6.494123860764333,0,orig
35.0,0.0,0.0,0.0,0.0,0.0,0.0,0.0,0.0,6.494123860764333,0,orig
35.0,35.0,0.0,100.0,70.0,0.0,0.0,35.0,35.0,23.403536273589452,1,gen
70.0,0.0,35.0,0.0,0.0,0.0,70.0,0.0,0.0,33.62572484380287,1,orig
35.0,0.0,0.0,0.0,35.0,0.0,0.0,0.0,35.0,9.39450093213092,0,gen
0.0,0.0,0.0,0.0,35.0,0.0,35.0,35.0,0.0,12.434487300027733,0,gen
70.0,0.0,35.0,0.0,0.0,0.0,35.0,0.0,0.0,27.255001183629368,1,orig
35.0,0.0,35.0,0.0,0.0,35.0,0.0,0.0,0.0,17.758956159268,1,orig
70.0,0.0,35.0,0.0,70.0,0.0,35.0,0.0,0.0,30.655668660619114,1,gen
35.0,0.0,0.0,0.0,35.0,0.0,0.0,0.0,35.0,9.39450093213092,0,gen
35.0,0.0,0.0,0.0,35.0,0.0,0.0,0.0,35.0,9.39450093213092,0,orig
0.0,0.0,0.0,0.0,0.0,0.0,0.0,0.0,0.0,0.0,0,orig
70.0,0.0,70.0,0.0,35.0,0.0,100.0,35.0,35.0,54.246181898604725,1,orig
0.0,0.0,0.0,0.0,0.0,0.0,0.0,0.0,0.0,0.0,0,gen
0.0,0.0,0.0,0.0,35.0,0.0,35.0,0.0,0.0,8.071057398668378,0,gen
70.0,0.0,70.0,0.0,35.0,0.0,100.0,35.0,35.0,54.246181898604725,1,orig
35.0,0.0,35.0,0.0,0.0,35.0,100.0,0.0,0.0,35.96102375976373,1,orig
0.0,0.0,0.0,0.0,0.0,0.0,0.0,0.0,0.0,0.0,0,orig
0.0,0.0,35.0,0.0,0.0,0.0,70.0,35.0,0.0,25.000907023633562,1,gen
0.0,0.0,0.0,0.0,0.0,0.0,0.0,0.0,35.0,1.2000433328717155,0,orig
0.0,0.0,0.0,0.0,0.0,0.0,0.0,0.0,35.0,1.2000433328717155,0,gen
0.0,0.0,0.0,0.0,35.0,0.0,0.0,0.0,0.0,1.700333738494873,0,gen
0.0,0.0,0.0,0.0,35.0,0.0,0.0,0.0,0.0,1.700333738494873,0,orig
70.0,0.0,70.0,0.0,35.0,0.0,100.0,35.0,35.0,54.246181898604725,1,orig
35.0,0.0,0.0,0.0,0.0,0.0,0.0,0.0,0.0,6.494123860764333,0,orig
0.0,0.0,0.0,0.0,0.0,35.0,0.0,0.0,0.0,3.3688024965764733,0,orig
0.0,0.0,35.0,0.0,70.0,35.0,0.0,0.0,0.0,14.665499775493412,1,gen
35.0,0.0,35.0,35.0,0.0,0.0,70.0,0.0,0.0,29.46785555660794,1,orig
0.0,0.0,0.0,0.0,0.0,0.0,0.0,0.0,35.0,1.2000433328717155,0,gen
70.0,0.0,70.0,0.0,35.0,0.0,100.0,35.0,35.0,54.246181898604725,1,orig
0.0,0.0,0.0,0.0,35.0,0.0,0.0,0.0,0.0,1.700333738494873,0,orig
70.0,0.0,35.0,0.0,70.0,0.0,35.0,0.0,0.0,30.655668660619114,1,gen
35.0,0.0,35.0,35.0,0.0,0.0,35.0,0.0,0.0,23.097131896434433,1,orig
0.0,0.0,35.0,0.0,0.0,35.0,70.0,35.0,35.0,29.56975285308175,1,orig
0.0,0.0,0.0,0.0,35.0,0.0,0.0,0.0,0.0,1.700333738494873,0,orig
70.0,0.0,70.0,0.0,35.0,0.0,100.0,35.0,35.0,54.246181898604725,1,orig
0.0,0.0,35.0,0.0,0.0,35.0,70.0,35.0,35.0,29.56975285308175,1,orig
0.0,0.0,35.0,0.0,0.0,35.0,70.0,35.0,35.0,29.56975285308175,1,orig
35.0,0.0,35.0,0.0,0.0,35.0,0.0,0.0,0.0,17.758956159268,1,orig
0.0,0.0,0.0,0.0,0.0,35.0,70.0,70.0,35.0,26.03715295251391,1,gen
70.0,0.0,35.0,0.0,0.0,35.0,70.0,35.0,0.0,41.3579572417387,1,gen
35.0,0.0,0.0,0.0,35.0,0.0,0.0,0.0,35.0,9.39450093213092,0,gen
70.0,0.0,35.0,0.0,0.0,0.0,35.0,0.0,0.0,27.255001183629368,1,orig
0.0,0.0,0.0,0.0,35.0,0.0,35.0,35.0,0.0,12.434487300027733,0,gen
70.0,0.0,35.0,0.0,0.0,0.0,35.0,0.0,0.0,27.255001183629368,1,gen
0.0,0.0,0.0,0.0,0.0,0.0,0.0,0.0,0.0,0.0,0,orig
0.0,0.0,35.0,0.0,70.0,0.0,70.0,35.0,0.0,28.40157450062331,1,gen
35.0,0.0,35.0,0.0,0.0,35.0,70.0,0.0,0.0,30.50040347961501,1,orig
0.0,0.0,0.0,0.0,0.0,35.0,0.0,0.0,0.0,3.3688024965764733,0,gen
70.0,0.0,70.0,0.0,35.0,0.0,100.0,35.0,35.0,54.246181898604725,1,orig
0.0,0.0,0.0,0.0,35.0,0.0,0.0,0.0,0.0,1.700333738494873,0,gen
35.0,0.0,0.0,0.0,35.0,0.0,0.0,0.0,35.0,9.39450093213092,0,orig
35.0,0.0,0.0,0.0,0.0,0.0,0.0,0.0,0.0,6.494123860764333,0,orig
0.0,0.0,0.0,0.0,35.0,0.0,0.0,0.0,0.0,1.700333738494873,0,gen
0.0,0.0,0.0,0.0,0.0,0.0,0.0,0.0,0.0,0.0,0,orig
70.0,0.0,35.0,0.0,35.0,70.0,70.0,35.0,0.0,46.42709347681004,1,orig
35.0,0.0,35.0,0.0,0.0,35.0,70.0,0.0,0.0,30.50040347961501,1,orig
0.0,0.0,0.0,0.0,35.0,0.0,0.0,0.0,0.0,1.700333738494873,0,orig
70.0,70.0,35.0,100.0,0.0,0.0,0.0,35.0,35.0,35.66328109355438,1,orig
0.0,0.0,35.0,0.0,0.0,35.0,70.0,35.0,35.0,29.56975285308175,1,orig
0.0,0.0,0.0,0.0,0.0,0.0,0.0,0.0,0.0,0.0,0,orig
0.0,0.0,0.0,0.0,0.0,0.0,0.0,0.0,0.0,0.0,0,orig
35.0,0.0,0.0,0.0,35.0,0.0,0.0,0.0,35.0,9.39450093213092,0,orig
70.0,0.0,35.0,0.0,70.0,0.0,70.0,0.0,0.0,37.02639232079262,1,gen
70.0,0.0,35.0,0.0,0.0,0.0,35.0,0.0,0.0,27.255001183629368,1,orig
0.0,0.0,35.0,0.0,0.0,35.0,0.0,0.0,0.0,11.264832298503668,1,gen
0.0,0.0,0.0,0.0,0.0,0.0,0.0,0.0,0.0,0.0,0,gen
0.0,0.0,0.0,0.0,35.0,0.0,0.0,0.0,0.0,1.700333738494873,0,gen
35.0,0.0,35.0,0.0,70.0,35.0,70.0,0.0,0.0,33.901070956604755,1,gen
35.0,0.0,35.0,0.0,0.0,35.0,70.0,0.0,0.0,30.50040347961501,1,orig
70.0,0.0,35.0,0.0,0.0,0.0,35.0,0.0,0.0,27.255001183629368,1,orig
35.0,0.0,0.0,0.0,35.0,0.0,0.0,0.0,35.0,9.39450093213092,0,gen
0.0,0.0,0.0,0.0,35.0,0.0,0.0,0.0,0.0,1.700333738494873,0,gen
0.0,0.0,0.0,0.0,35.0,0.0,0.0,0.0,0.0,1.700333738494873,0,gen
0.0,0.0,0.0,0.0,0.0,0.0,0.0,0.0,0.0,0.0,0,gen
35.0,70.0,35.0,100.0,70.0,0.0,0.0,35.0,35.0,32.569824709779795,1,gen
70.0,0.0,0.0,0.0,0.0,0.0,35.0,0.0,0.0,19.35897138170217,1,gen
0.0,0.0,0.0,0.0,0.0,0.0,0.0,0.0,0.0,0.0,0,orig
0.0,0.0,35.0,0.0,70.0,0.0,70.0,35.0,0.0,28.40157450062331,1,gen
0.0,0.0,35.0,35.0,0.0,0.0,0.0,0.0,0.0,10.232284375496599,1,gen
0.0,0.0,35.0,0.0,0.0,35.0,70.0,35.0,35.0,29.56975285308175,1,orig
0.0,0.0,0.0,0.0,35.0,0.0,35.0,35.0,0.0,12.434487300027733,0,gen
0.0,0.0,0.0,0.0,0.0,0.0,0.0,0.0,0.0,0.0,0,orig
0.0,0.0,0.0,0.0,0.0,35.0,0.0,0.0,0.0,3.3688024965764733,0,gen
35.0,0.0,0.0,0.0,0.0,0.0,0.0,0.0,0.0,6.494123860764333,0,gen
70.0,0.0,35.0,0.0,35.0,70.0,70.0,35.0,0.0,46.42709347681004,1,orig
0.0,0.0,0.0,0.0,0.0,0.0,0.0,0.0,0.0,0.0,0,orig
0.0,0.0,0.0,0.0,0.0,0.0,0.0,0.0,0.0,0.0,0,gen
35.0,0.0,0.0,0.0,0.0,0.0,0.0,0.0,0.0,6.494123860764333,0,orig
70.0,0.0,70.0,0.0,70.0,0.0,100.0,35.0,35.0,55.946515637099594,1,gen
35.0,0.0,35.0,0.0,0.0,35.0,70.0,0.0,0.0,30.50040347961501,1,orig
0.0,0.0,0.0,0.0,0.0,0.0,0.0,0.0,0.0,0.0,0,gen
0.0,0.0,0.0,0.0,35.0,0.0,0.0,0.0,0.0,1.700333738494873,0,gen
70.0,0.0,35.0,0.0,0.0,0.0,35.0,0.0,0.0,27.255001183629368,1,orig
70.0,0.0,35.0,0.0,0.0,0.0,70.0,0.0,0.0,33.62572484380287,1,gen
35.0,0.0,35.0,35.0,70.0,0.0,35.0,0.0,0.0,26.49779937342418,1,gen
35.0,0.0,35.0,0.0,0.0,35.0,35.0,0.0,0.0,24.129679819441506,1,orig
35.0,0.0,35.0,0.0,0.0,35.0,100.0,0.0,0.0,35.96102375976373,1,orig
0.0,0.0,35.0,35.0,70.0,0.0,35.0,0.0,0.0,20.00367551265985,1,gen
0.0,0.0,0.0,0.0,35.0,0.0,0.0,0.0,0.0,1.700333738494873,0,orig
35.0,0.0,0.0,0.0,35.0,0.0,0.0,0.0,35.0,9.39450093213092,0,orig
35.0,0.0,0.0,0.0,70.0,0.0,35.0,70.0,0.0,24.992374800646296,1,gen
35.0,0.0,35.0,0.0,0.0,35.0,35.0,0.0,0.0,24.129679819441506,1,orig
35.0,0.0,35.0,35.0,0.0,0.0,35.0,0.0,0.0,23.097131896434433,1,orig
0.0,0.0,35.0,0.0,70.0,35.0,35.0,0.0,0.0,21.03622343566692,1,gen
0.0,0.0,0.0,0.0,35.0,0.0,35.0,0.0,0.0,8.071057398668378,0,gen
35.0,0.0,35.0,35.0,0.0,0.0,70.0,0.0,0.0,29.46785555660794,1,orig
0.0,0.0,0.0,0.0,0.0,0.0,0.0,0.0,0.0,0.0,0,gen
70.0,0.0,35.0,0.0,0.0,35.0,70.0,35.0,0.0,41.3579572417387,1,gen
35.0,0.0,35.0,35.0,0.0,0.0,35.0,0.0,0.0,23.097131896434433,1,orig
35.0,0.0,35.0,35.0,70.0,0.0,70.0,0.0,0.0,32.86852303359768,1,gen
70.0,0.0,35.0,0.0,0.0,0.0,35.0,0.0,0.0,27.255001183629368,1,orig
70.0,70.0,35.0,100.0,0.0,0.0,0.0,35.0,35.0,35.66328109355438,1,orig
0.0,0.0,0.0,0.0,0.0,0.0,0.0,0.0,35.0,1.2000433328717155,0,orig
70.0,0.0,35.0,0.0,70.0,0.0,0.0,0.0,0.0,24.284945000445607,1,gen
35.0,0.0,0.0,0.0,0.0,0.0,0.0,0.0,0.0,6.494123860764333,0,gen
0.0,0.0,0.0,0.0,35.0,0.0,0.0,0.0,0.0,1.700333738494873,0,orig
35.0,0.0,0.0,0.0,0.0,0.0,0.0,0.0,0.0,6.494123860764333,0,orig
70.0,0.0,35.0,0.0,70.0,0.0,35.0,0.0,0.0,30.655668660619114,1,gen
0.0,0.0,0.0,0.0,35.0,0.0,0.0,0.0,0.0,1.700333738494873,0,orig
35.0,0.0,0.0,0.0,70.0,0.0,35.0,35.0,0.0,20.62894489928694,1,gen
0.0,0.0,0.0,0.0,70.0,0.0,35.0,70.0,0.0,18.498250939881963,1,gen
0.0,0.0,0.0,0.0,0.0,0.0,0.0,0.0,35.0,1.2000433328717155,0,orig
0.0,0.0,0.0,0.0,35.0,0.0,0.0,0.0,0.0,1.700333738494873,0,orig
35.0,0.0,0.0,0.0,35.0,0.0,0.0,0.0,35.0,9.39450093213092,0,orig
0.0,0.0,0.0,0.0,0.0,0.0,0.0,0.0,0.0,0.0,0,gen
0.0,0.0,0.0,0.0,0.0,0.0,0.0,0.0,0.0,0.0,0,orig
35.0,0.0,35.0,0.0,70.0,35.0,100.0,0.0,0.0,39.36169123675347,1,gen
70.0,0.0,35.0,0.0,70.0,0.0,100.0,70.0,35.0,52.41391573653176,1,gen
0.0,0.0,0.0,0.0,0.0,0.0,0.0,0.0,0.0,0.0,0,orig
0.0,0.0,35.0,0.0,0.0,35.0,70.0,35.0,35.0,29.56975285308175,1,orig
70.0,70.0,35.0,100.0,0.0,0.0,0.0,35.0,35.0,35.66328109355438,1,orig
70.0,0.0,35.0,0.0,70.0,0.0,100.0,70.0,35.0,52.41391573653176,1,gen
35.0,0.0,0.0,0.0,35.0,0.0,0.0,0.0,35.0,9.39450093213092,0,orig
0.0,0.0,0.0,0.0,35.0,0.0,0.0,0.0,0.0,1.700333738494873,0,gen
0.0,0.0,0.0,0.0,0.0,0.0,0.0,0.0,0.0,0.0,0,gen
0.0,0.0,0.0,0.0,0.0,0.0,0.0,0.0,0.0,0.0,0,orig
0.0,0.0,0.0,0.0,0.0,0.0,0.0,0.0,35.0,1.2000433328717155,0,gen
0.0,0.0,0.0,0.0,0.0,0.0,0.0,0.0,0.0,0.0,0,gen
35.0,70.0,35.0,100.0,70.0,0.0,0.0,35.0,35.0,32.569824709779795,1,gen
35.0,0.0,35.0,35.0,0.0,0.0,70.0,0.0,0.0,29.46785555660794,1,orig
35.0,0.0,35.0,0.0,70.0,35.0,35.0,0.0,0.0,27.530347296431252,1,gen
35.0,0.0,0.0,0.0,0.0,0.0,0.0,0.0,0.0,6.494123860764333,0,gen
35.0,0.0,35.0,35.0,0.0,0.0,35.0,0.0,0.0,23.097131896434433,1,gen
35.0,0.0,35.0,0.0,0.0,35.0,35.0,0.0,0.0,24.129679819441506,1,orig
35.0,0.0,35.0,0.0,70.0,35.0,35.0,0.0,0.0,27.530347296431252,1,gen
0.0,0.0,0.0,0.0,35.0,0.0,35.0,35.0,0.0,12.434487300027733,0,gen
0.0,0.0,0.0,0.0,0.0,0.0,0.0,0.0,0.0,0.0,0,orig
0.0,0.0,35.0,0.0,0.0,35.0,0.0,0.0,0.0,11.264832298503668,1,gen
0.0,0.0,35.0,0.0,0.0,35.0,70.0,35.0,35.0,29.56975285308175,1,orig
70.0,0.0,35.0,0.0,70.0,0.0,35.0,35.0,35.0,36.21914189485018,1,gen
35.0,0.0,35.0,0.0,0.0,35.0,0.0,0.0,0.0,17.758956159268,1,orig
35.0,0.0,0.0,0.0,0.0,0.0,0.0,0.0,0.0,6.494123860764333,0,gen
70.0,0.0,35.0,0.0,70.0,0.0,35.0,35.0,35.0,36.21914189485018,1,gen
0.0,0.0,0.0,0.0,0.0,0.0,0.0,0.0,0.0,0.0,0,gen
0.0,0.0,0.0,0.0,0.0,0.0,0.0,70.0,0.0,8.726859802718712,1,gen
0.0,0.0,35.0,0.0,70.0,35.0,0.0,0.0,0.0,14.665499775493412,1,gen
35.0,0.0,35.0,0.0,0.0,35.0,35.0,0.0,0.0,24.129679819441506,1,orig
35.0,0.0,35.0,0.0,0.0,35.0,35.0,0.0,0.0,24.129679819441506,1,orig
35.0,0.0,0.0,0.0,70.0,0.0,35.0,35.0,0.0,20.62894489928694,1,gen
0.0,0.0,0.0,0.0,35.0,0.0,0.0,0.0,0.0,1.700333738494873,0,orig
70.0,70.0,35.0,100.0,0.0,0.0,0.0,35.0,35.0,35.66328109355438,1,orig
35.0,0.0,0.0,0.0,35.0,0.0,0.0,0.0,35.0,9.39450093213092,0,gen
0.0,0.0,0.0,0.0,35.0,0.0,0.0,0.0,0.0,1.700333738494873,0,gen
35.0,0.0,35.0,0.0,0.0,35.0,70.0,0.0,0.0,30.50040347961501,1,orig
0.0,0.0,0.0,0.0,0.0,0.0,0.0,0.0,0.0,0.0,0,gen
0.0,0.0,0.0,0.0,35.0,0.0,35.0,35.0,0.0,12.434487300027733,0,gen
70.0,0.0,35.0,0.0,70.0,70.0,70.0,35.0,0.0,48.12742721530492,1,gen
0.0,0.0,0.0,0.0,0.0,35.0,0.0,0.0,0.0,3.3688024965764733,0,orig
0.0,0.0,0.0,0.0,35.0,0.0,35.0,0.0,0.0,8.071057398668378,0,gen
0.0,0.0,0.0,0.0,0.0,35.0,0.0,0.0,0.0,3.3688024965764733,0,orig
70.0,0.0,35.0,0.0,70.0,0.0,35.0,0.0,0.0,30.655668660619114,1,gen
35.0,0.0,35.0,35.0,70.0,0.0,70.0,0.0,0.0,32.86852303359768,1,gen
35.0,0.0,35.0,35.0,0.0,0.0,70.0,0.0,0.0,29.46785555660794,1,orig
35.0,70.0,0.0,100.0,0.0,0.0,0.0,70.0,35.0,25.63655733222221,1,gen
70.0,70.0,35.0,100.0,0.0,0.0,0.0,35.0,35.0,35.66328109355438,1,orig
0.0,0.0,0.0,0.0,0.0,0.0,0.0,0.0,0.0,0.0,0,gen
35.0,0.0,0.0,0.0,70.0,70.0,35.0,35.0,0.0,27.366549892439885,1,gen
0.0,0.0,0.0,0.0,35.0,0.0,0.0,0.0,0.0,1.700333738494873,0,gen
70.0,70.0,35.0,100.0,0.0,0.0,0.0,35.0,35.0,35.66328109355438,1,orig
70.0,0.0,70.0,0.0,35.0,0.0,100.0,35.0,35.0,54.246181898604725,1,orig
70.0,70.0,35.0,100.0,0.0,0.0,0.0,35.0,35.0,35.66328109355438,1,orig
0.0,0.0,0.0,0.0,0.0,0.0,0.0,0.0,0.0,0.0,0,gen
0.0,0.0,0.0,0.0,35.0,0.0,0.0,0.0,0.0,1.700333738494873,0,orig
35.0,70.0,35.0,100.0,70.0,0.0,0.0,35.0,35.0,32.569824709779795,1,gen
70.0,70.0,35.0,100.0,0.0,0.0,0.0,35.0,35.0,35.66328109355438,1,orig
0.0,0.0,0.0,0.0,0.0,35.0,0.0,0.0,0.0,3.3688024965764733,0,orig
70.0,0.0,70.0,0.0,70.0,0.0,100.0,35.0,35.0,55.946515637099594,1,gen
70.0,70.0,35.0,100.0,0.0,0.0,0.0,35.0,35.0,35.66328109355438,1,orig
0.0,0.0,0.0,0.0,35.0,0.0,0.0,0.0,0.0,1.700333738494873,0,orig
0.0,0.0,0.0,0.0,0.0,0.0,0.0,0.0,0.0,0.0,0,gen
70.0,70.0,35.0,100.0,0.0,0.0,0.0,35.0,35.0,35.66328109355438,1,orig
0.0,0.0,0.0,0.0,35.0,0.0,0.0,0.0,0.0,1.700333738494873,0,gen
35.0,0.0,0.0,0.0,35.0,0.0,0.0,0.0,35.0,9.39450093213092,0,orig
70.0,0.0,70.0,0.0,35.0,0.0,100.0,35.0,35.0,54.246181898604725,1,orig
0.0,0.0,0.0,0.0,0.0,0.0,0.0,0.0,35.0,1.2000433328717155,0,orig
70.0,0.0,35.0,0.0,0.0,0.0,35.0,0.0,0.0,27.255001183629368,1,gen
35.0,0.0,35.0,35.0,0.0,0.0,70.0,0.0,0.0,29.46785555660794,1,orig
0.0,0.0,0.0,0.0,0.0,0.0,0.0,0.0,35.0,1.2000433328717155,0,gen
35.0,0.0,35.0,0.0,70.0,35.0,100.0,0.0,0.0,39.36169123675347,1,gen
0.0,0.0,0.0,0.0,0.0,35.0,0.0,0.0,0.0,3.3688024965764733,0,orig
35.0,0.0,35.0,35.0,0.0,0.0,70.0,0.0,0.0,29.46785555660794,1,gen
0.0,0.0,35.0,0.0,70.0,35.0,0.0,0.0,0.0,14.665499775493412,1,gen
0.0,0.0,35.0,0.0,0.0,35.0,70.0,35.0,35.0,29.56975285308175,1,orig
35.0,0.0,35.0,0.0,70.0,35.0,100.0,0.0,0.0,39.36169123675347,1,gen
0.0,0.0,35.0,35.0,0.0,0.0,0.0,0.0,0.0,10.232284375496599,1,gen
0.0,0.0,0.0,0.0,70.0,0.0,35.0,70.0,0.0,18.498250939881963,1,gen
0.0,0.0,0.0,0.0,0.0,0.0,0.0,0.0,0.0,0.0,0,orig
0.0,0.0,35.0,35.0,70.0,0.0,35.0,0.0,0.0,20.00367551265985,1,gen
0.0,0.0,0.0,0.0,0.0,0.0,0.0,0.0,0.0,0.0,0,orig
35.0,0.0,35.0,0.0,0.0,35.0,100.0,0.0,0.0,35.96102375976373,1,orig
70.0,0.0,35.0,0.0,0.0,0.0,70.0,0.0,0.0,33.62572484380287,1,orig
70.0,70.0,35.0,100.0,0.0,0.0,0.0,35.0,35.0,35.66328109355438,1,orig
0.0,0.0,35.0,35.0,70.0,0.0,0.0,0.0,0.0,13.632951852486345,1,gen
70.0,0.0,0.0,0.0,70.0,0.0,35.0,70.0,0.0,31.48649866141063,1,gen
0.0,0.0,0.0,0.0,0.0,0.0,0.0,0.0,0.0,0.0,0,orig
35.0,0.0,35.0,35.0,0.0,0.0,35.0,0.0,0.0,23.097131896434433,1,gen
0.0,0.0,0.0,0.0,35.0,0.0,0.0,0.0,0.0,1.700333738494873,0,orig
0.0,0.0,0.0,0.0,0.0,0.0,0.0,0.0,35.0,1.2000433328717155,0,gen
0.0,0.0,0.0,0.0,0.0,0.0,0.0,0.0,0.0,0.0,0,orig
0.0,0.0,35.0,0.0,0.0,35.0,70.0,35.0,35.0,29.56975285308175,1,orig
35.0,0.0,35.0,35.0,0.0,0.0,70.0,0.0,0.0,29.46785555660794,1,orig
35.0,0.0,35.0,0.0,70.0,35.0,100.0,0.0,0.0,39.36169123675347,1,gen
0.0,0.0,0.0,0.0,0.0,0.0,0.0,0.0,0.0,0.0,0,orig
35.0,0.0,35.0,0.0,0.0,35.0,35.0,0.0,0.0,24.129679819441506,1,orig
0.0,0.0,0.0,0.0,0.0,35.0,0.0,0.0,0.0,3.3688024965764733,0,orig
0.0,0.0,35.0,35.0,70.0,0.0,0.0,0.0,0.0,13.632951852486345,1,gen
0.0,0.0,0.0,0.0,0.0,35.0,0.0,0.0,0.0,3.3688024965764733,0,gen
70.0,70.0,35.0,100.0,0.0,0.0,0.0,35.0,35.0,35.66328109355438,1,orig
70.0,70.0,35.0,100.0,0.0,0.0,0.0,35.0,35.0,35.66328109355438,1,orig
0.0,0.0,0.0,0.0,0.0,35.0,0.0,0.0,0.0,3.3688024965764733,0,orig
35.0,0.0,35.0,0.0,0.0,35.0,70.0,0.0,0.0,30.50040347961501,1,orig
35.0,0.0,35.0,35.0,70.0,0.0,70.0,0.0,0.0,32.86852303359768,1,gen
0.0,0.0,0.0,0.0,35.0,0.0,35.0,35.0,0.0,12.434487300027733,0,gen
0.0,0.0,0.0,0.0,0.0,0.0,0.0,0.0,35.0,1.2000433328717155,0,orig
35.0,0.0,0.0,0.0,35.0,0.0,0.0,0.0,35.0,9.39450093213092,0,gen
0.0,0.0,0.0,0.0,35.0,0.0,0.0,0.0,0.0,1.700333738494873,0,orig
35.0,0.0,35.0,0.0,70.0,35.0,35.0,0.0,0.0,27.530347296431252,1,gen
70.0,0.0,35.0,0.0,70.0,0.0,35.0,0.0,0.0,30.655668660619114,1,gen
70.0,0.0,70.0,0.0,35.0,0.0,100.0,35.0,35.0,54.246181898604725,1,orig
70.0,0.0,35.0,0.0,0.0,0.0,35.0,0.0,0.0,27.255001183629368,1,orig
0.0,0.0,0.0,0.0,35.0,0.0,0.0,0.0,0.0,1.700333738494873,0,orig
35.0,0.0,35.0,0.0,0.0,35.0,0.0,0.0,0.0,17.758956159268,1,orig
0.0,0.0,0.0,0.0,0.0,0.0,0.0,0.0,35.0,1.2000433328717155,0,orig
35.0,0.0,0.0,0.0,35.0,0.0,0.0,0.0,35.0,9.39450093213092,0,gen
0.0,0.0,0.0,0.0,0.0,35.0,0.0,0.0,0.0,3.3688024965764733,0,orig
0.0,0.0,0.0,0.0,35.0,0.0,0.0,0.0,0.0,1.700333738494873,0,orig
35.0,0.0,35.0,0.0,0.0,35.0,35.0,0.0,0.0,24.129679819441506,1,orig
0.0,0.0,0.0,0.0,0.0,0.0,0.0,0.0,0.0,0.0,0,orig
0.0,0.0,0.0,0.0,0.0,35.0,0.0,0.0,0.0,3.3688024965764733,0,gen
0.0,0.0,0.0,0.0,35.0,0.0,35.0,0.0,0.0,8.071057398668378,0,gen
70.0,0.0,35.0,0.0,70.0,70.0,70.0,35.0,0.0,48.12742721530492,1,gen
0.0,0.0,0.0,0.0,0.0,0.0,0.0,0.0,0.0,0.0,0,gen
35.0,0.0,35.0,0.0,0.0,35.0,70.0,0.0,0.0,30.50040347961501,1,gen
35.0,0.0,35.0,35.0,70.0,0.0,35.0,0.0,0.0,26.49779937342418,1,gen
70.0,70.0,35.0,100.0,70.0,0.0,0.0,35.0,35.0,39.06394857054413,1,gen
35.0,0.0,35.0,35.0,70.0,0.0,70.0,0.0,0.0,32.86852303359768,1,gen
35.0,0.0,35.0,0.0,0.0,35.0,0.0,0.0,0.0,17.758956159268,1,orig
0.0,0.0,0.0,0.0,0.0,0.0,0.0,0.0,35.0,1.2000433328717155,0,orig
35.0,0.0,35.0,0.0,0.0,35.0,100.0,0.0,0.0,35.96102375976373,1,orig
0.0,0.0,0.0,0.0,70.0,0.0,70.0,35.0,0.0,20.505544698696113,1,gen
0.0,0.0,0.0,0.0,35.0,0.0,0.0,0.0,0.0,1.700333738494873,0,gen
0.0,0.0,0.0,0.0,0.0,0.0,0.0,0.0,0.0,0.0,0,gen
0.0,0.0,0.0,0.0,0.0,0.0,0.0,0.0,0.0,0.0,0,gen
70.0,0.0,35.0,0.0,35.0,70.0,70.0,35.0,0.0,46.42709347681004,1,orig
70.0,0.0,35.0,0.0,70.0,0.0,35.0,70.0,35.0,40.582571796209535,1,gen
0.0,0.0,0.0,0.0,0.0,0.0,0.0,0.0,0.0,0.0,0,orig
35.0,0.0,0.0,0.0,35.0,0.0,0.0,0.0,35.0,9.39450093213092,0,gen
35.0,0.0,35.0,0.0,0.0,35.0,35.0,0.0,0.0,24.129679819441506,1,orig
0.0,0.0,0.0,0.0,0.0,0.0,0.0,0.0,35.0,1.2000433328717155,0,orig
0.0,0.0,0.0,0.0,0.0,0.0,0.0,0.0,0.0,0.0,0,orig
35.0,0.0,0.0,0.0,0.0,0.0,0.0,0.0,0.0,6.494123860764333,0,gen
0.0,0.0,0.0,0.0,35.0,0.0,0.0,0.0,0.0,1.700333738494873,0,orig
0.0,0.0,0.0,0.0,0.0,0.0,0.0,0.0,0.0,0.0,0,orig
35.0,0.0,35.0,0.0,0.0,35.0,35.0,0.0,0.0,24.129679819441506,1,orig
35.0,0.0,0.0,0.0,70.0,35.0,0.0,35.0,0.0,17.627023735689907,1,gen
35.0,0.0,0.0,0.0,35.0,0.0,0.0,0.0,35.0,9.39450093213092,0,orig
35.0,0.0,35.0,0.0,0.0,35.0,70.0,0.0,0.0,30.50040347961501,1,orig
35.0,0.0,0.0,0.0,0.0,0.0,0.0,0.0,0.0,6.494123860764333,0,orig
0.0,0.0,0.0,0.0,0.0,0.0,0.0,0.0,0.0,0.0,0,orig
35.0,70.0,0.0,100.0,70.0,0.0,0.0,35.0,35.0,24.6737949078526,1,gen
0.0,0.0,35.0,0.0,0.0,35.0,70.0,35.0,35.0,29.56975285308175,1,orig
0.0,0.0,0.0,0.0,35.0,0.0,0.0,0.0,0.0,1.700333738494873,0,gen
70.0,70.0,35.0,100.0,0.0,0.0,0.0,35.0,35.0,35.66328109355438,1,orig
0.0,0.0,35.0,0.0,0.0,35.0,70.0,35.0,35.0,29.56975285308175,1,orig
0.0,0.0,0.0,0.0,0.0,35.0,0.0,0.0,0.0,3.3688024965764733,0,gen
0.0,0.0,0.0,0.0,0.0,0.0,0.0,0.0,0.0,0.0,0,gen
0.0,0.0,0.0,0.0,35.0,0.0,0.0,0.0,0.0,1.700333738494873,0,orig
35.0,70.0,35.0,100.0,0.0,0.0,0.0,35.0,35.0,29.169157232790045,1,gen
70.0,0.0,35.0,0.0,70.0,0.0,35.0,35.0,35.0,36.21914189485018,1,gen
0.0,0.0,0.0,0.0,35.0,0.0,0.0,0.0,0.0,1.700333738494873,0,gen
0.0,0.0,0.0,0.0,35.0,0.0,0.0,0.0,0.0,1.700333738494873,0,orig
0.0,0.0,0.0,0.0,0.0,0.0,0.0,0.0,35.0,1.2000433328717155,0,gen
0.0,0.0,0.0,0.0,0.0,0.0,0.0,0.0,35.0,1.2000433328717155,0,gen
35.0,0.0,35.0,35.0,0.0,0.0,35.0,0.0,0.0,23.097131896434433,1,orig
35.0,0.0,35.0,35.0,0.0,0.0,70.0,0.0,0.0,29.46785555660794,1,orig
0.0,0.0,0.0,0.0,35.0,0.0,0.0,0.0,0.0,1.700333738494873,0,orig
35.0,0.0,35.0,0.0,0.0,35.0,70.0,0.0,0.0,30.50040347961501,1,orig
35.0,0.0,35.0,0.0,0.0,35.0,70.0,0.0,0.0,30.50040347961501,1,gen
35.0,0.0,0.0,0.0,0.0,0.0,0.0,0.0,0.0,6.494123860764333,0,gen
70.0,0.0,70.0,0.0,35.0,0.0,100.0,35.0,35.0,54.246181898604725,1,orig
0.0,0.0,0.0,0.0,35.0,0.0,0.0,0.0,0.0,1.700333738494873,0,orig
35.0,0.0,35.0,0.0,70.0,35.0,70.0,0.0,0.0,33.901070956604755,1,gen
35.0,0.0,0.0,0.0,0.0,35.0,0.0,0.0,0.0,9.862926357340806,1,gen
35.0,0.0,35.0,35.0,0.0,0.0,70.0,0.0,0.0,29.46785555660794,1,orig
35.0,0.0,35.0,0.0,0.0,35.0,100.0,0.0,0.0,35.96102375976373,1,orig
0.0,0.0,0.0,0.0,0.0,0.0,0.0,0.0,0.0,0.0,0,orig
70.0,0.0,35.0,0.0,0.0,0.0,70.0,0.0,0.0,33.62572484380287,1,orig
70.0,0.0,0.0,0.0,0.0,35.0,0.0,35.0,0.0,20.720480119464494,1,gen
0.0,0.0,35.0,0.0,70.0,35.0,70.0,35.0,35.0,32.9704203300715,1,gen
35.0,0.0,35.0,35.0,70.0,0.0,35.0,0.0,0.0,26.49779937342418,1,gen
35.0,0.0,35.0,35.0,0.0,0.0,35.0,0.0,0.0,23.097131896434433,1,orig
0.0,0.0,0.0,0.0,35.0,0.0,0.0,0.0,0.0,1.700333738494873,0,gen
0.0,0.0,35.0,0.0,0.0,35.0,35.0,0.0,0.0,17.635555958677173,1,gen
70.0,0.0,0.0,0.0,70.0,0.0,35.0,0.0,0.0,22.759638858691915,1,gen
35.0,0.0,0.0,0.0,35.0,0.0,0.0,0.0,35.0,9.39450093213092,0,orig
70.0,0.0,35.0,0.0,35.0,70.0,70.0,35.0,0.0,46.42709347681004,1,orig
0.0,0.0,0.0,0.0,70.0,0.0,0.0,35.0,0.0,7.764097378349102,1,gen
0.0,0.0,35.0,0.0,70.0,35.0,0.0,0.0,0.0,14.665499775493412,1,gen
70.0,0.0,35.0,0.0,70.0,70.0,70.0,35.0,0.0,48.12742721530492,1,gen
0.0,0.0,35.0,35.0,70.0,0.0,0.0,0.0,0.0,13.632951852486345,1,gen
70.0,0.0,35.0,0.0,35.0,70.0,70.0,35.0,0.0,46.42709347681004,1,orig
35.0,0.0,35.0,0.0,0.0,35.0,70.0,0.0,0.0,30.50040347961501,1,gen
0.0,0.0,0.0,0.0,35.0,0.0,35.0,35.0,0.0,12.434487300027733,0,gen
0.0,0.0,0.0,0.0,35.0,0.0,35.0,35.0,0.0,12.434487300027733,0,gen
0.0,0.0,0.0,0.0,35.0,0.0,0.0,0.0,0.0,1.700333738494873,0,orig
0.0,0.0,0.0,0.0,0.0,0.0,0.0,0.0,0.0,0.0,0,orig
70.0,0.0,35.0,0.0,0.0,0.0,0.0,0.0,0.0,20.88427752345586,1,gen
0.0,0.0,0.0,0.0,0.0,0.0,0.0,0.0,35.0,1.2000433328717155,0,orig
0.0,0.0,0.0,0.0,0.0,35.0,0.0,0.0,0.0,3.3688024965764733,0,orig
35.0,0.0,0.0,0.0,0.0,0.0,0.0,0.0,0.0,6.494123860764333,0,gen
35.0,0.0,0.0,0.0,35.0,0.0,0.0,0.0,35.0,9.39450093213092,0,gen
0.0,0.0,0.0,0.0,35.0,0.0,0.0,0.0,0.0,1.700333738494873,0,orig
0.0,0.0,0.0,0.0,0.0,0.0,0.0,0.0,0.0,0.0,0,gen
0.0,0.0,0.0,0.0,35.0,0.0,0.0,0.0,0.0,1.700333738494873,0,orig
35.0,0.0,0.0,0.0,35.0,0.0,0.0,0.0,35.0,9.39450093213092,0,gen
35.0,0.0,35.0,0.0,0.0,35.0,0.0,0.0,0.0,17.758956159268,1,orig
35.0,0.0,0.0,0.0,35.0,0.0,0.0,0.0,35.0,9.39450093213092,0,orig
0.0,0.0,0.0,0.0,35.0,0.0,35.0,0.0,0.0,8.071057398668378,0,gen
70.0,0.0,35.0,0.0,0.0,0.0,70.0,0.0,0.0,33.62572484380287,1,orig
0.0,0.0,0.0,0.0,0.0,0.0,0.0,0.0,0.0,0.0,0,orig
0.0,0.0,0.0,0.0,0.0,35.0,0.0,0.0,0.0,3.3688024965764733,0,gen
35.0,0.0,35.0,0.0,0.0,35.0,0.0,0.0,0.0,17.758956159268,1,orig
70.0,0.0,35.0,0.0,0.0,0.0,35.0,0.0,0.0,27.255001183629368,1,gen
0.0,0.0,35.0,0.0,0.0,35.0,70.0,35.0,35.0,29.56975285308175,1,orig
0.0,0.0,0.0,0.0,0.0,35.0,0.0,0.0,0.0,3.3688024965764733,0,orig
0.0,0.0,0.0,0.0,0.0,0.0,0.0,0.0,0.0,0.0,0,gen
35.0,0.0,35.0,35.0,0.0,0.0,35.0,0.0,0.0,23.097131896434433,1,orig
70.0,0.0,0.0,0.0,70.0,35.0,70.0,35.0,0.0,36.86259491680125,1,gen
35.0,0.0,0.0,0.0,35.0,0.0,0.0,0.0,35.0,9.39450093213092,0,gen
70.0,0.0,35.0,0.0,0.0,0.0,35.0,0.0,0.0,27.255001183629368,1,orig
35.0,0.0,0.0,0.0,35.0,0.0,0.0,0.0,35.0,9.39450093213092,0,gen
0.0,0.0,0.0,0.0,0.0,0.0,0.0,0.0,0.0,0.0,0,orig
0.0,0.0,0.0,0.0,0.0,0.0,0.0,0.0,0.0,0.0,0,gen
0.0,0.0,0.0,0.0,0.0,35.0,0.0,0.0,0.0,3.3688024965764733,0,orig
0.0,0.0,0.0,0.0,35.0,0.0,0.0,0.0,0.0,1.700333738494873,0,gen
0.0,0.0,0.0,0.0,0.0,0.0,0.0,0.0,35.0,1.2000433328717155,0,gen
0.0,0.0,0.0,0.0,70.0,0.0,70.0,70.0,0.0,24.868974600055466,1,gen
35.0,0.0,35.0,35.0,0.0,0.0,35.0,0.0,0.0,23.097131896434433,1,orig
70.0,70.0,35.0,100.0,0.0,0.0,0.0,35.0,35.0,35.66328109355438,1,orig
0.0,0.0,0.0,0.0,35.0,0.0,0.0,0.0,0.0,1.700333738494873,0,orig
70.0,0.0,70.0,0.0,70.0,0.0,100.0,35.0,35.0,55.946515637099594,1,gen
0.0,0.0,0.0,0.0,0.0,0.0,0.0,0.0,0.0,0.0,0,orig
35.0,0.0,35.0,0.0,70.0,35.0,100.0,0.0,0.0,39.36169123675347,1,gen
0.0,0.0,35.0,0.0,70.0,35.0,0.0,0.0,0.0,14.665499775493412,1,gen
35.0,0.0,35.0,35.0,0.0,0.0,35.0,0.0,0.0,23.097131896434433,1,orig
35.0,0.0,35.0,0.0,0.0,35.0,100.0,0.0,0.0,35.96102375976373,1,orig
0.0,0.0,35.0,0.0,0.0,35.0,0.0,0.0,0.0,11.264832298503668,1,gen
35.0,0.0,35.0,0.0,0.0,35.0,100.0,0.0,0.0,35.96102375976373,1,gen
35.0,0.0,35.0,0.0,0.0,35.0,0.0,0.0,0.0,17.758956159268,1,orig
70.0,0.0,35.0,0.0,70.0,0.0,70.0,35.0,35.0,42.58986555502369,1,gen
0.0,0.0,0.0,0.0,35.0,0.0,0.0,0.0,0.0,1.700333738494873,0,orig
35.0,0.0,0.0,0.0,0.0,35.0,0.0,0.0,0.0,9.862926357340806,1,gen
35.0,0.0,35.0,0.0,0.0,35.0,70.0,0.0,0.0,30.50040347961501,1,orig
0.0,0.0,35.0,35.0,70.0,0.0,35.0,0.0,0.0,20.00367551265985,1,gen
70.0,0.0,70.0,0.0,35.0,0.0,100.0,35.0,35.0,54.246181898604725,1,orig
35.0,0.0,35.0,0.0,70.0,35.0,35.0,0.0,0.0,27.530347296431252,1,gen
35.0,0.0,0.0,0.0,35.0,0.0,0.0,0.0,35.0,9.39450093213092,0,orig
0.0,0.0,0.0,0.0,0.0,35.0,0.0,0.0,0.0,3.3688024965764733,0,orig
70.0,0.0,35.0,0.0,35.0,70.0,70.0,35.0,0.0,46.42709347681004,1,orig
0.0,0.0,0.0,0.0,35.0,0.0,0.0,0.0,0.0,1.700333738494873,0,gen
0.0,0.0,0.0,35.0,70.0,0.0,35.0,0.0,0.0,12.107645710732655,1,gen
35.0,0.0,0.0,0.0,35.0,0.0,0.0,0.0,35.0,9.39450093213092,0,orig
35.0,0.0,35.0,0.0,0.0,35.0,35.0,0.0,0.0,24.129679819441506,1,orig
0.0,0.0,0.0,0.0,35.0,0.0,0.0,0.0,0.0,1.700333738494873,0,orig
0.0,0.0,0.0,0.0,0.0,0.0,0.0,0.0,0.0,0.0,0,gen
70.0,0.0,70.0,0.0,70.0,0.0,100.0,35.0,35.0,55.946515637099594,1,gen
0.0,0.0,0.0,0.0,35.0,0.0,0.0,0.0,0.0,1.700333738494873,0,orig
35.0,70.0,35.0,100.0,0.0,0.0,0.0,35.0,35.0,29.169157232790045,1,gen
70.0,0.0,35.0,0.0,0.0,35.0,70.0,35.0,0.0,41.3579572417387,1,gen
35.0,0.0,0.0,0.0,0.0,35.0,35.0,70.0,0.0,24.96050982023302,1,gen
70.0,0.0,70.0,0.0,35.0,0.0,100.0,35.0,35.0,54.246181898604725,1,orig
35.0,0.0,35.0,35.0,0.0,0.0,70.0,0.0,0.0,29.46785555660794,1,orig
0.0,0.0,0.0,0.0,0.0,0.0,0.0,0.0,35.0,1.2000433328717155,0,orig
0.0,0.0,0.0,0.0,35.0,0.0,0.0,0.0,0.0,1.700333738494873,0,gen
0.0,0.0,0.0,0.0,35.0,0.0,0.0,0.0,0.0,1.700333738494873,0,orig
0.0,0.0,0.0,0.0,35.0,0.0,35.0,0.0,0.0,8.071057398668378,0,gen
0.0,0.0,0.0,35.0,70.0,0.0,35.0,0.0,0.0,12.107645710732655,1,gen
0.0,0.0,0.0,0.0,35.0,0.0,0.0,0.0,0.0,1.700333738494873,0,gen
0.0,0.0,0.0,0.0,35.0,0.0,0.0,0.0,0.0,1.700333738494873,0,gen
0.0,0.0,35.0,35.0,70.0,0.0,35.0,0.0,0.0,20.00367551265985,1,gen
35.0,0.0,35.0,35.0,0.0,0.0,35.0,0.0,0.0,23.097131896434433,1,orig
0.0,0.0,0.0,0.0,35.0,0.0,35.0,35.0,0.0,12.434487300027733,0,gen
35.0,0.0,0.0,0.0,35.0,0.0,0.0,0.0,35.0,9.39450093213092,0,orig
0.0,0.0,35.0,0.0,70.0,35.0,0.0,0.0,0.0,14.665499775493412,1,gen
0.0,0.0,0.0,0.0,70.0,0.0,35.0,35.0,0.0,14.134821038522606,1,gen
70.0,0.0,35.0,0.0,0.0,0.0,70.0,0.0,0.0,33.62572484380287,1,orig
70.0,70.0,35.0,100.0,70.0,0.0,0.0,35.0,35.0,39.06394857054413,1,gen
0.0,0.0,35.0,0.0,0.0,35.0,70.0,35.0,35.0,29.56975285308175,1,orig
70.0,0.0,70.0,0.0,35.0,0.0,100.0,35.0,35.0,54.246181898604725,1,orig
0.0,0.0,0.0,0.0,0.0,0.0,0.0,0.0,0.0,0.0,0,orig
0.0,0.0,0.0,0.0,0.0,0.0,0.0,0.0,0.0,0.0,0,orig
70.0,70.0,35.0,100.0,0.0,0.0,0.0,35.0,35.0,35.66328109355438,1,orig
70.0,70.0,0.0,100.0,0.0,0.0,0.0,70.0,35.0,32.13068119298654,1,gen
70.0,0.0,70.0,0.0,35.0,0.0,100.0,35.0,35.0,54.246181898604725,1,orig
70.0,70.0,35.0,100.0,0.0,0.0,0.0,35.0,35.0,35.66328109355438,1,orig
70.0,0.0,0.0,0.0,70.0,35.0,70.0,70.0,0.0,41.22602481816061,1,gen
0.0,0.0,0.0,0.0,0.0,0.0,0.0,0.0,0.0,0.0,0,orig
0.0,0.0,0.0,0.0,0.0,0.0,0.0,0.0,35.0,1.2000433328717155,0,orig
35.0,0.0,0.0,0.0,35.0,0.0,0.0,0.0,35.0,9.39450093213092,0,orig
0.0,0.0,0.0,0.0,0.0,0.0,0.0,0.0,0.0,0.0,0,orig
0.0,0.0,0.0,0.0,0.0,0.0,0.0,0.0,35.0,1.2000433328717155,0,orig
35.0,0.0,35.0,0.0,0.0,35.0,0.0,0.0,0.0,17.758956159268,1,orig
70.0,0.0,35.0,0.0,0.0,0.0,35.0,0.0,0.0,27.255001183629368,1,orig
70.0,0.0,70.0,0.0,35.0,0.0,100.0,35.0,35.0,54.246181898604725,1,orig
0.0,0.0,0.0,0.0,35.0,0.0,0.0,0.0,0.0,1.700333738494873,0,gen
70.0,0.0,35.0,0.0,0.0,0.0,70.0,0.0,0.0,33.62572484380287,1,orig
35.0,0.0,0.0,0.0,0.0,0.0,0.0,0.0,0.0,6.494123860764333,0,gen
0.0,0.0,0.0,0.0,0.0,35.0,0.0,0.0,0.0,3.3688024965764733,0,orig
0.0,0.0,0.0,0.0,0.0,35.0,0.0,0.0,0.0,3.3688024965764733,0,orig
0.0,0.0,0.0,0.0,0.0,35.0,0.0,0.0,0.0,3.3688024965764733,0,orig
0.0,0.0,0.0,0.0,35.0,0.0,0.0,0.0,0.0,1.700333738494873,0,orig
35.0,70.0,35.0,100.0,70.0,0.0,0.0,35.0,35.0,32.569824709779795,1,gen
0.0,0.0,0.0,0.0,35.0,0.0,35.0,0.0,0.0,8.071057398668378,0,gen
0.0,0.0,0.0,0.0,0.0,0.0,0.0,0.0,0.0,0.0,0,orig
35.0,0.0,35.0,35.0,0.0,0.0,70.0,0.0,0.0,29.46785555660794,1,orig
0.0,0.0,35.0,0.0,70.0,35.0,70.0,35.0,35.0,32.9704203300715,1,gen
0.0,0.0,0.0,0.0,70.0,0.0,35.0,70.0,0.0,18.498250939881963,1,gen
0.0,0.0,0.0,0.0,35.0,0.0,0.0,0.0,0.0,1.700333738494873,0,orig
0.0,0.0,0.0,0.0,35.0,0.0,35.0,35.0,0.0,12.434487300027733,0,gen
35.0,0.0,35.0,35.0,0.0,0.0,35.0,0.0,0.0,23.097131896434433,1,orig
35.0,35.0,0.0,100.0,70.0,0.0,0.0,35.0,35.0,23.403536273589452,1,gen
0.0,0.0,0.0,0.0,0.0,0.0,0.0,0.0,0.0,0.0,0,gen
0.0,0.0,35.0,0.0,0.0,35.0,70.0,35.0,35.0,29.56975285308175,1,orig
0.0,0.0,0.0,0.0,0.0,0.0,0.0,0.0,0.0,0.0,0,gen
0.0,0.0,0.0,0.0,0.0,35.0,0.0,0.0,0.0,3.3688024965764733,0,gen
35.0,0.0,0.0,0.0,35.0,0.0,0.0,0.0,35.0,9.39450093213092,0,orig
0.0,0.0,0.0,0.0,35.0,0.0,0.0,0.0,0.0,1.700333738494873,0,gen
0.0,0.0,0.0,0.0,0.0,35.0,0.0,0.0,0.0,3.3688024965764733,0,orig
35.0,0.0,0.0,0.0,35.0,0.0,0.0,0.0,35.0,9.39450093213092,0,orig
35.0,0.0,35.0,35.0,0.0,0.0,70.0,0.0,0.0,29.46785555660794,1,orig
0.0,0.0,0.0,0.0,0.0,0.0,0.0,0.0,0.0,0.0,0,orig
70.0,0.0,35.0,0.0,35.0,70.0,70.0,35.0,0.0,46.42709347681004,1,orig
70.0,0.0,35.0,0.0,0.0,0.0,35.0,0.0,0.0,27.255001183629368,1,orig
35.0,0.0,35.0,35.0,0.0,0.0,70.0,0.0,0.0,29.46785555660794,1,orig
0.0,0.0,0.0,0.0,0.0,0.0,0.0,0.0,0.0,0.0,0,orig
0.0,0.0,35.0,0.0,0.0,35.0,70.0,35.0,35.0,29.56975285308175,1,orig
70.0,0.0,35.0,0.0,35.0,70.0,70.0,35.0,0.0,46.42709347681004,1,orig
70.0,0.0,35.0,0.0,0.0,0.0,70.0,0.0,0.0,33.62572484380287,1,orig
0.0,0.0,0.0,0.0,0.0,35.0,0.0,0.0,0.0,3.3688024965764733,0,orig
35.0,0.0,35.0,0.0,70.0,35.0,0.0,0.0,0.0,21.159623636257745,1,gen
35.0,0.0,35.0,35.0,0.0,0.0,70.0,0.0,0.0,29.46785555660794,1,orig
35.0,0.0,0.0,0.0,35.0,0.0,0.0,0.0,35.0,9.39450093213092,0,orig
70.0,0.0,35.0,0.0,0.0,0.0,70.0,0.0,0.0,33.62572484380287,1,orig
35.0,0.0,0.0,0.0,0.0,0.0,0.0,0.0,0.0,6.494123860764333,0,gen
0.0,0.0,35.0,0.0,0.0,35.0,70.0,35.0,35.0,29.56975285308175,1,orig
35.0,0.0,35.0,0.0,70.0,35.0,0.0,0.0,0.0,21.159623636257745,1,gen
70.0,0.0,35.0,0.0,70.0,35.0,70.0,35.0,0.0,44.75862471872844,1,gen
70.0,0.0,35.0,0.0,0.0,0.0,35.0,0.0,0.0,27.255001183629368,1,orig
0.0,0.0,0.0,0.0,35.0,0.0,0.0,0.0,0.0,1.700333738494873,0,gen
35.0,0.0,0.0,0.0,0.0,0.0,0.0,0.0,0.0,6.494123860764333,0,gen
35.0,0.0,0.0,0.0,35.0,0.0,0.0,0.0,35.0,9.39450093213092,0,gen
0.0,0.0,0.0,0.0,0.0,0.0,0.0,0.0,0.0,0.0,0,gen
0.0,0.0,0.0,0.0,35.0,0.0,0.0,0.0,0.0,1.700333738494873,0,orig
0.0,0.0,0.0,0.0,0.0,0.0,0.0,0.0,0.0,0.0,0,orig
0.0,0.0,0.0,0.0,0.0,0.0,0.0,0.0,0.0,0.0,0,gen
35.0,0.0,35.0,35.0,0.0,0.0,35.0,0.0,0.0,23.097131896434433,1,orig
35.0,0.0,35.0,0.0,70.0,35.0,0.0,0.0,0.0,21.159623636257745,1,gen
0.0,0.0,0.0,0.0,0.0,35.0,0.0,0.0,0.0,3.3688024965764733,0,gen
0.0,0.0,0.0,0.0,35.0,0.0,0.0,0.0,0.0,1.700333738494873,0,gen
0.0,0.0,0.0,0.0,35.0,0.0,0.0,0.0,0.0,1.700333738494873,0,gen
70.0,0.0,35.0,0.0,70.0,0.0,70.0,70.0,35.0,46.953295456383046,1,gen
0.0,0.0,0.0,0.0,35.0,0.0,35.0,0.0,0.0,8.071057398668378,0,gen
70.0,0.0,35.0,0.0,35.0,70.0,70.0,35.0,0.0,46.42709347681004,1,orig
0.0,0.0,0.0,0.0,35.0,0.0,0.0,0.0,0.0,1.700333738494873,0,gen
35.0,0.0,0.0,0.0,35.0,0.0,0.0,0.0,35.0,9.39450093213092,0,orig
35.0,0.0,0.0,0.0,0.0,35.0,0.0,0.0,0.0,9.862926357340806,1,gen
0.0,0.0,0.0,0.0,35.0,0.0,0.0,0.0,0.0,1.700333738494873,0,gen
0.0,0.0,0.0,0.0,35.0,0.0,35.0,0.0,0.0,8.071057398668378,0,gen
0.0,0.0,35.0,0.0,0.0,35.0,35.0,0.0,0.0,17.635555958677173,1,gen
0.0,0.0,0.0,0.0,35.0,0.0,0.0,0.0,0.0,1.700333738494873,0,orig
0.0,0.0,35.0,0.0,0.0,35.0,70.0,35.0,35.0,29.56975285308175,1,orig
35.0,0.0,35.0,35.0,0.0,0.0,70.0,0.0,0.0,29.46785555660794,1,gen
70.0,70.0,35.0,100.0,0.0,0.0,0.0,35.0,35.0,35.66328109355438,1,orig
0.0,0.0,0.0,0.0,0.0,0.0,0.0,0.0,0.0,0.0,0,gen
0.0,0.0,0.0,0.0,0.0,0.0,0.0,70.0,0.0,8.726859802718712,1,gen
70.0,0.0,35.0,0.0,35.0,70.0,70.0,35.0,0.0,46.42709347681004,1,orig
0.0,0.0,0.0,0.0,35.0,0.0,0.0,0.0,0.0,1.700333738494873,0,orig
0.0,0.0,0.0,0.0,35.0,0.0,0.0,0.0,0.0,1.700333738494873,0,gen
35.0,0.0,35.0,0.0,0.0,35.0,0.0,0.0,0.0,17.758956159268,1,orig
35.0,0.0,35.0,0.0,70.0,35.0,70.0,0.0,0.0,33.901070956604755,1,gen
0.0,0.0,0.0,0.0,0.0,0.0,0.0,0.0,0.0,0.0,0,gen
0.0,0.0,0.0,0.0,0.0,35.0,0.0,0.0,0.0,3.3688024965764733,0,orig
0.0,0.0,0.0,0.0,0.0,0.0,0.0,0.0,0.0,0.0,0,gen
0.0,0.0,0.0,0.0,0.0,0.0,0.0,0.0,0.0,0.0,0,orig
35.0,0.0,0.0,0.0,0.0,0.0,0.0,0.0,0.0,6.494123860764333,0,gen
35.0,0.0,35.0,0.0,0.0,35.0,100.0,0.0,0.0,35.96102375976373,1,orig
70.0,0.0,70.0,0.0,35.0,0.0,100.0,35.0,35.0,54.246181898604725,1,orig
0.0,0.0,0.0,0.0,70.0,35.0,0.0,0.0,0.0,6.769469973566219,1,gen
35.0,0.0,0.0,0.0,0.0,0.0,0.0,0.0,0.0,6.494123860764333,0,orig
35.0,0.0,0.0,0.0,0.0,0.0,0.0,0.0,0.0,6.494123860764333,0,gen
0.0,0.0,0.0,0.0,0.0,0.0,0.0,0.0,35.0,1.2000433328717155,0,orig
70.0,0.0,35.0,0.0,0.0,0.0,70.0,0.0,0.0,33.62572484380287,1,orig
0.0,0.0,0.0,0.0,0.0,0.0,0.0,0.0,0.0,0.0,0,orig
35.0,70.0,0.0,100.0,0.0,0.0,0.0,35.0,35.0,21.273127430862854,1,gen
0.0,0.0,35.0,0.0,0.0,35.0,70.0,35.0,35.0,29.56975285308175,1,orig
35.0,0.0,0.0,0.0,0.0,0.0,0.0,0.0,0.0,6.494123860764333,0,orig
0.0,0.0,35.0,0.0,70.0,0.0,70.0,35.0,0.0,28.40157450062331,1,gen
35.0,0.0,0.0,0.0,35.0,0.0,0.0,0.0,35.0,9.39450093213092,0,orig
0.0,0.0,0.0,0.0,0.0,0.0,0.0,0.0,0.0,0.0,0,orig
35.0,0.0,0.0,0.0,35.0,35.0,35.0,70.0,0.0,26.660843558727898,1,gen
0.0,0.0,0.0,0.0,35.0,0.0,0.0,0.0,0.0,1.700333738494873,0,gen
0.0,0.0,0.0,0.0,35.0,0.0,35.0,35.0,0.0,12.434487300027733,0,gen
35.0,0.0,35.0,0.0,70.0,35.0,0.0,0.0,0.0,21.159623636257745,1,gen
35.0,0.0,0.0,0.0,35.0,0.0,0.0,0.0,35.0,9.39450093213092,0,gen
35.0,70.0,35.0,100.0,70.0,0.0,0.0,35.0,35.0,32.569824709779795,1,gen
35.0,0.0,0.0,0.0,35.0,0.0,0.0,0.0,35.0,9.39450093213092,0,orig
0.0,0.0,0.0,0.0,0.0,0.0,0.0,0.0,35.0,1.2000433328717155,0,orig
0.0,0.0,0.0,0.0,0.0,0.0,0.0,0.0,0.0,0.0,0,gen
70.0,0.0,70.0,0.0,35.0,0.0,100.0,35.0,35.0,54.246181898604725,1,orig
35.0,0.0,0.0,0.0,0.0,0.0,0.0,0.0,0.0,6.494123860764333,0,gen
0.0,0.0,0.0,0.0,0.0,0.0,0.0,0.0,0.0,0.0,0,orig
0.0,0.0,0.0,0.0,35.0,0.0,0.0,0.0,0.0,1.700333738494873,0,gen
35.0,0.0,0.0,0.0,0.0,0.0,0.0,0.0,0.0,6.494123860764333,0,orig
0.0,0.0,0.0,0.0,0.0,35.0,0.0,0.0,0.0,3.3688024965764733,0,orig
70.0,0.0,35.0,0.0,70.0,0.0,35.0,0.0,0.0,30.655668660619114,1,gen
70.0,0.0,0.0,0.0,0.0,0.0,0.0,0.0,0.0,12.988247721528666,1,gen
35.0,0.0,35.0,0.0,0.0,35.0,35.0,0.0,0.0,24.129679819441506,1,orig
0.0,0.0,0.0,0.0,35.0,0.0,35.0,35.0,0.0,12.434487300027733,0,gen
0.0,0.0,0.0,0.0,35.0,0.0,0.0,0.0,0.0,1.700333738494873,0,orig
0.0,0.0,0.0,0.0,0.0,0.0,0.0,0.0,0.0,0.0,0,orig
35.0,0.0,35.0,0.0,0.0,35.0,70.0,0.0,0.0,30.50040347961501,1,orig
0.0,0.0,0.0,0.0,0.0,35.0,0.0,0.0,0.0,3.3688024965764733,0,gen
0.0,0.0,0.0,0.0,0.0,35.0,0.0,0.0,0.0,3.3688024965764733,0,gen
0.0,0.0,0.0,0.0,0.0,0.0,0.0,0.0,35.0,1.2000433328717155,0,orig
0.0,0.0,0.0,0.0,0.0,0.0,35.0,35.0,0.0,10.73415356153286,1,gen
35.0,0.0,0.0,0.0,0.0,0.0,0.0,0.0,0.0,6.494123860764333,0,gen
0.0,0.0,35.0,0.0,0.0,35.0,70.0,35.0,35.0,29.56975285308175,1,orig
35.0,0.0,35.0,35.0,70.0,0.0,35.0,0.0,0.0,26.49779937342418,1,gen
35.0,0.0,35.0,0.0,0.0,35.0,35.0,0.0,0.0,24.129679819441506,1,orig
0.0,0.0,0.0,0.0,0.0,35.0,0.0,0.0,0.0,3.3688024965764733,0,gen
70.0,0.0,35.0,0.0,35.0,70.0,70.0,35.0,0.0,46.42709347681004,1,orig
70.0,0.0,70.0,0.0,35.0,0.0,100.0,35.0,35.0,54.246181898604725,1,orig
70.0,70.0,35.0,100.0,0.0,0.0,0.0,35.0,35.0,35.66328109355438,1,orig
70.0,0.0,70.0,0.0,35.0,0.0,100.0,35.0,35.0,54.246181898604725,1,orig
0.0,0.0,0.0,0.0,35.0,0.0,0.0,0.0,0.0,1.700333738494873,0,gen
70.0,0.0,0.0,0.0,35.0,70.0,0.0,35.0,0.0,25.78961635453584,1,gen
35.0,0.0,35.0,35.0,70.0,0.0,35.0,0.0,0.0,26.49779937342418,1,gen
35.0,0.0,0.0,0.0,35.0,0.0,0.0,0.0,35.0,9.39450093213092,0,orig
70.0,0.0,70.0,0.0,35.0,0.0,100.0,35.0,35.0,54.246181898604725,1,orig
35.0,0.0,0.0,0.0,0.0,0.0,35.0,35.0,0.0,17.228277422297193,1,gen
0.0,0.0,35.0,0.0,70.0,35.0,0.0,0.0,0.0,14.665499775493412,1,gen
70.0,70.0,35.0,100.0,0.0,0.0,0.0,35.0,35.0,35.66328109355438,1,orig
0.0,0.0,0.0,0.0,0.0,0.0,0.0,0.0,35.0,1.2000433328717155,0,orig
0.0,0.0,0.0,0.0,0.0,0.0,0.0,0.0,0.0,0.0,0,gen
70.0,0.0,70.0,0.0,35.0,0.0,100.0,35.0,35.0,54.246181898604725,1,orig
70.0,0.0,70.0,0.0,35.0,0.0,100.0,35.0,35.0,54.246181898604725,1,orig
35.0,0.0,0.0,0.0,0.0,0.0,0.0,0.0,0.0,6.494123860764333,0,gen
0.0,0.0,0.0,0.0,0.0,0.0,0.0,0.0,35.0,1.2000433328717155,0,orig
35.0,0.0,35.0,0.0,0.0,35.0,100.0,0.0,0.0,35.96102375976373,1,gen
35.0,0.0,35.0,0.0,0.0,35.0,35.0,0.0,0.0,24.129679819441506,1,orig
70.0,70.0,35.0,100.0,0.0,0.0,0.0,35.0,35.0,35.66328109355438,1,orig
0.0,0.0,0.0,0.0,35.0,0.0,0.0,0.0,0.0,1.700333738494873,0,orig
0.0,0.0,0.0,0.0,0.0,0.0,0.0,0.0,35.0,1.2000433328717155,0,orig
35.0,0.0,35.0,0.0,0.0,35.0,70.0,0.0,0.0,30.50040347961501,1,orig
70.0,0.0,35.0,0.0,0.0,0.0,35.0,0.0,0.0,27.255001183629368,1,orig
35.0,0.0,35.0,0.0,0.0,35.0,35.0,0.0,0.0,24.129679819441506,1,orig
0.0,0.0,0.0,0.0,0.0,0.0,0.0,0.0,0.0,0.0,0,gen
35.0,0.0,0.0,0.0,35.0,0.0,0.0,0.0,35.0,9.39450093213092,0,gen
70.0,70.0,35.0,100.0,0.0,0.0,0.0,35.0,35.0,35.66328109355438,1,orig
70.0,0.0,35.0,0.0,70.0,0.0,70.0,0.0,0.0,37.02639232079262,1,gen
0.0,0.0,0.0,0.0,0.0,0.0,0.0,0.0,0.0,0.0,0,gen
35.0,70.0,0.0,100.0,70.0,0.0,0.0,35.0,35.0,24.6737949078526,1,gen
35.0,0.0,35.0,35.0,0.0,0.0,35.0,0.0,0.0,23.097131896434433,1,orig
70.0,0.0,35.0,0.0,70.0,0.0,35.0,0.0,0.0,30.655668660619114,1,gen
0.0,0.0,0.0,0.0,35.0,0.0,0.0,0.0,0.0,1.700333738494873,0,gen
35.0,0.0,0.0,0.0,0.0,0.0,0.0,0.0,0.0,6.494123860764333,0,gen
0.0,0.0,0.0,0.0,35.0,0.0,35.0,0.0,0.0,8.071057398668378,0,gen
0.0,0.0,0.0,0.0,35.0,0.0,0.0,0.0,0.0,1.700333738494873,0,orig
0.0,0.0,0.0,0.0,35.0,0.0,0.0,0.0,0.0,1.700333738494873,0,orig
35.0,0.0,35.0,0.0,0.0,35.0,35.0,0.0,0.0,24.129679819441506,1,orig
35.0,0.0,35.0,0.0,0.0,35.0,100.0,0.0,0.0,35.96102375976373,1,gen
35.0,0.0,35.0,35.0,0.0,0.0,70.0,0.0,0.0,29.46785555660794,1,orig
0.0,0.0,0.0,0.0,70.0,0.0,70.0,70.0,0.0,24.868974600055466,1,gen
0.0,0.0,0.0,0.0,35.0,0.0,0.0,0.0,0.0,1.700333738494873,0,orig
35.0,0.0,35.0,35.0,0.0,0.0,35.0,0.0,0.0,23.097131896434433,1,orig
35.0,0.0,35.0,0.0,0.0,35.0,35.0,0.0,0.0,24.129679819441506,1,orig
70.0,0.0,35.0,0.0,0.0,0.0,70.0,0.0,0.0,33.62572484380287,1,orig
35.0,0.0,35.0,35.0,0.0,0.0,70.0,0.0,0.0,29.46785555660794,1,gen
0.0,0.0,0.0,0.0,0.0,0.0,0.0,0.0,0.0,0.0,0,orig
35.0,0.0,0.0,0.0,70.0,70.0,0.0,70.0,0.0,25.359256133625735,1,gen
0.0,0.0,0.0,0.0,0.0,0.0,0.0,0.0,0.0,0.0,0,orig
70.0,0.0,35.0,0.0,70.0,0.0,70.0,0.0,0.0,37.02639232079262,1,gen
0.0,0.0,0.0,0.0,0.0,0.0,0.0,0.0,0.0,0.0,0,gen
70.0,0.0,0.0,0.0,35.0,0.0,70.0,70.0,35.0,37.35693191596098,1,gen
0.0,0.0,0.0,0.0,0.0,0.0,0.0,0.0,0.0,0.0,0,gen
35.0,0.0,35.0,35.0,0.0,0.0,35.0,0.0,0.0,23.097131896434433,1,orig
35.0,0.0,0.0,0.0,0.0,0.0,0.0,0.0,0.0,6.494123860764333,0,gen
0.0,0.0,0.0,0.0,35.0,0.0,0.0,0.0,0.0,1.700333738494873,0,orig
0.0,0.0,0.0,0.0,0.0,35.0,0.0,0.0,0.0,3.3688024965764733,0,orig
0.0,0.0,0.0,0.0,35.0,0.0,0.0,0.0,0.0,1.700333738494873,0,gen
35.0,0.0,35.0,35.0,0.0,0.0,35.0,0.0,0.0,23.097131896434433,1,gen
0.0,0.0,0.0,0.0,0.0,0.0,0.0,0.0,35.0,1.2000433328717155,0,orig
70.0,0.0,35.0,0.0,0.0,0.0,70.0,0.0,0.0,33.62572484380287,1,orig
70.0,0.0,35.0,0.0,0.0,0.0,35.0,0.0,0.0,27.255001183629368,1,orig
0.0,0.0,0.0,0.0,0.0,0.0,0.0,0.0,0.0,0.0,0,gen
70.0,70.0,35.0,100.0,0.0,0.0,0.0,35.0,35.0,35.66328109355438,1,orig
35.0,0.0,35.0,35.0,70.0,0.0,70.0,0.0,0.0,32.86852303359768,1,gen
0.0,0.0,0.0,0.0,70.0,0.0,35.0,35.0,0.0,14.134821038522606,1,gen
0.0,0.0,0.0,0.0,0.0,35.0,0.0,0.0,0.0,3.3688024965764733,0,gen
0.0,0.0,0.0,0.0,35.0,0.0,0.0,0.0,0.0,1.700333738494873,0,gen
35.0,0.0,35.0,0.0,0.0,35.0,35.0,0.0,0.0,24.129679819441506,1,orig
0.0,0.0,0.0,0.0,35.0,0.0,0.0,0.0,0.0,1.700333738494873,0,orig
70.0,35.0,0.0,100.0,70.0,0.0,0.0,35.0,35.0,29.897660134353785,1,gen
35.0,0.0,35.0,0.0,0.0,35.0,0.0,0.0,0.0,17.758956159268,1,orig
35.0,0.0,35.0,0.0,0.0,35.0,35.0,0.0,0.0,24.129679819441506,1,orig
0.0,0.0,0.0,0.0,35.0,0.0,0.0,0.0,0.0,1.700333738494873,0,gen
0.0,0.0,0.0,0.0,0.0,0.0,0.0,0.0,35.0,1.2000433328717155,0,gen
35.0,0.0,0.0,0.0,35.0,0.0,0.0,0.0,35.0,9.39450093213092,0,gen
0.0,0.0,0.0,0.0,35.0,0.0,35.0,35.0,0.0,12.434487300027733,0,gen
70.0,0.0,35.0,0.0,0.0,0.0,70.0,0.0,0.0,33.62572484380287,1,orig
0.0,0.0,0.0,0.0,35.0,0.0,35.0,35.0,0.0,12.434487300027733,0,gen
70.0,0.0,35.0,0.0,0.0,0.0,35.0,0.0,0.0,27.255001183629368,1,orig
0.0,0.0,0.0,0.0,0.0,35.0,0.0,0.0,0.0,3.3688024965764733,0,gen
0.0,0.0,0.0,0.0,35.0,0.0,0.0,0.0,0.0,1.700333738494873,0,orig
35.0,0.0,0.0,0.0,70.0,70.0,35.0,35.0,0.0,27.366549892439885,1,gen
0.0,0.0,0.0,0.0,0.0,0.0,0.0,0.0,0.0,0.0,0,orig
0.0,0.0,0.0,0.0,0.0,35.0,35.0,35.0,35.0,15.30299939098105,1,gen
0.0,0.0,0.0,0.0,35.0,0.0,35.0,35.0,0.0,12.434487300027733,0,gen
0.0,0.0,0.0,0.0,35.0,0.0,0.0,0.0,0.0,1.700333738494873,0,orig
0.0,0.0,0.0,0.0,0.0,35.0,0.0,0.0,0.0,3.3688024965764733,0,orig
0.0,0.0,0.0,0.0,35.0,0.0,35.0,0.0,0.0,8.071057398668378,0,gen
70.0,0.0,35.0,0.0,35.0,70.0,70.0,35.0,0.0,46.42709347681004,1,orig
70.0,0.0,35.0,0.0,35.0,70.0,70.0,35.0,0.0,46.42709347681004,1,orig
70.0,0.0,35.0,0.0,70.0,0.0,70.0,35.0,35.0,42.58986555502369,1,gen
35.0,0.0,35.0,0.0,70.0,35.0,100.0,0.0,0.0,39.36169123675347,1,gen
0.0,0.0,35.0,0.0,0.0,35.0,70.0,35.0,35.0,29.56975285308175,1,orig
0.0,0.0,0.0,0.0,35.0,0.0,35.0,35.0,0.0,12.434487300027733,0,gen
0.0,0.0,0.0,0.0,35.0,0.0,0.0,0.0,0.0,1.700333738494873,0,gen
0.0,0.0,0.0,0.0,0.0,0.0,0.0,0.0,0.0,0.0,0,gen
0.0,0.0,0.0,0.0,0.0,0.0,0.0,0.0,0.0,0.0,0,gen
0.0,0.0,0.0,0.0,0.0,0.0,0.0,0.0,0.0,0.0,0,orig
0.0,0.0,0.0,0.0,35.0,0.0,0.0,0.0,0.0,1.700333738494873,0,gen
0.0,0.0,0.0,0.0,0.0,0.0,0.0,0.0,0.0,0.0,0,orig
0.0,0.0,0.0,0.0,0.0,0.0,0.0,0.0,0.0,0.0,0,gen
0.0,0.0,0.0,0.0,35.0,0.0,0.0,0.0,0.0,1.700333738494873,0,orig
0.0,0.0,0.0,0.0,35.0,0.0,0.0,0.0,0.0,1.700333738494873,0,gen
0.0,0.0,0.0,0.0,0.0,0.0,0.0,0.0,0.0,0.0,0,gen
70.0,0.0,35.0,0.0,35.0,70.0,70.0,35.0,0.0,46.42709347681004,1,orig
35.0,0.0,35.0,0.0,0.0,35.0,100.0,0.0,0.0,35.96102375976373,1,orig
0.0,0.0,0.0,0.0,35.0,0.0,0.0,0.0,0.0,1.700333738494873,0,gen
0.0,0.0,0.0,0.0,35.0,0.0,35.0,0.0,0.0,8.071057398668378,0,gen
35.0,0.0,35.0,0.0,0.0,35.0,70.0,0.0,0.0,30.50040347961501,1,orig
0.0,0.0,0.0,35.0,70.0,0.0,0.0,0.0,0.0,5.73692205055915,1,gen
35.0,0.0,35.0,35.0,70.0,0.0,70.0,0.0,0.0,32.86852303359768,1,gen
35.0,0.0,0.0,0.0,0.0,0.0,0.0,0.0,0.0,6.494123860764333,0,gen
70.0,0.0,35.0,0.0,0.0,0.0,0.0,0.0,0.0,20.88427752345586,1,gen
0.0,0.0,0.0,0.0,0.0,0.0,0.0,0.0,0.0,0.0,0,orig
35.0,0.0,0.0,0.0,35.0,0.0,0.0,0.0,35.0,9.39450093213092,0,gen
0.0,0.0,0.0,0.0,0.0,0.0,0.0,0.0,35.0,1.2000433328717155,0,orig
0.0,0.0,0.0,0.0,35.0,0.0,35.0,0.0,0.0,8.071057398668378,0,gen
0.0,0.0,0.0,0.0,0.0,0.0,0.0,0.0,0.0,0.0,0,orig
0.0,0.0,0.0,0.0,0.0,0.0,0.0,0.0,0.0,0.0,0,orig
35.0,0.0,0.0,0.0,70.0,0.0,35.0,35.0,0.0,20.62894489928694,1,gen
0.0,0.0,0.0,0.0,0.0,0.0,0.0,0.0,0.0,0.0,0,orig
0.0,0.0,0.0,0.0,0.0,0.0,0.0,0.0,0.0,0.0,0,gen
0.0,0.0,0.0,0.0,35.0,0.0,35.0,0.0,0.0,8.071057398668378,0,gen
0.0,0.0,0.0,0.0,35.0,0.0,0.0,0.0,0.0,1.700333738494873,0,gen
35.0,0.0,0.0,0.0,35.0,0.0,0.0,0.0,35.0,9.39450093213092,0,orig
70.0,0.0,35.0,0.0,0.0,0.0,70.0,0.0,0.0,33.62572484380287,1,orig
0.0,0.0,0.0,0.0,70.0,0.0,35.0,70.0,0.0,18.498250939881963,1,gen
35.0,0.0,0.0,0.0,0.0,0.0,0.0,0.0,0.0,6.494123860764333,0,orig
0.0,0.0,0.0,0.0,0.0,35.0,0.0,70.0,35.0,13.2957056321669,1,gen
70.0,0.0,70.0,0.0,70.0,0.0,100.0,35.0,35.0,55.946515637099594,1,gen
0.0,0.0,0.0,0.0,0.0,0.0,0.0,0.0,0.0,0.0,0,orig
0.0,0.0,0.0,0.0,0.0,0.0,0.0,0.0,35.0,1.2000433328717155,0,gen
0.0,0.0,0.0,0.0,35.0,0.0,0.0,0.0,0.0,1.700333738494873,0,gen
0.0,0.0,0.0,0.0,0.0,0.0,0.0,0.0,35.0,1.2000433328717155,0,orig
0.0,0.0,0.0,0.0,0.0,0.0,35.0,70.0,0.0,15.097583462892217,1,gen
0.0,0.0,0.0,0.0,0.0,0.0,0.0,0.0,0.0,0.0,0,gen
0.0,0.0,0.0,0.0,0.0,0.0,0.0,0.0,0.0,0.0,0,gen
70.0,0.0,0.0,0.0,70.0,0.0,35.0,35.0,0.0,27.12306876005127,1,gen
0.0,0.0,0.0,0.0,35.0,0.0,0.0,0.0,0.0,1.700333738494873,0,gen
70.0,35.0,0.0,100.0,70.0,0.0,0.0,70.0,35.0,34.26109003571314,1,gen
0.0,0.0,0.0,0.0,0.0,35.0,0.0,0.0,0.0,3.3688024965764733,0,orig
70.0,70.0,35.0,100.0,0.0,0.0,0.0,35.0,35.0,35.66328109355438,1,orig
35.0,0.0,0.0,0.0,70.0,0.0,70.0,35.0,0.0,26.999668559460446,1,gen
35.0,0.0,35.0,0.0,0.0,35.0,100.0,0.0,0.0,35.96102375976373,1,orig
0.0,0.0,0.0,0.0,0.0,0.0,0.0,0.0,0.0,0.0,0,gen
70.0,0.0,35.0,0.0,0.0,0.0,35.0,0.0,0.0,27.255001183629368,1,orig
35.0,0.0,0.0,0.0,35.0,0.0,0.0,0.0,35.0,9.39450093213092,0,gen
35.0,0.0,35.0,0.0,0.0,35.0,35.0,0.0,0.0,24.129679819441506,1,orig
70.0,0.0,70.0,0.0,35.0,0.0,100.0,35.0,35.0,54.246181898604725,1,orig
70.0,70.0,35.0,100.0,0.0,0.0,0.0,35.0,35.0,35.66328109355438,1,orig
0.0,0.0,0.0,0.0,0.0,0.0,0.0,0.0,35.0,1.2000433328717155,0,gen
35.0,0.0,35.0,0.0,70.0,35.0,0.0,0.0,0.0,21.159623636257745,1,gen
0.0,0.0,0.0,0.0,0.0,0.0,0.0,0.0,0.0,0.0,0,orig
70.0,70.0,35.0,100.0,0.0,0.0,0.0,35.0,35.0,35.66328109355438,1,orig
35.0,0.0,0.0,0.0,35.0,0.0,0.0,0.0,35.0,9.39450093213092,0,orig
0.0,0.0,0.0,0.0,35.0,0.0,0.0,0.0,0.0,1.700333738494873,0,gen
0.0,0.0,0.0,0.0,35.0,0.0,0.0,0.0,0.0,1.700333738494873,0,orig
35.0,0.0,0.0,0.0,35.0,0.0,0.0,0.0,35.0,9.39450093213092,0,gen
0.0,0.0,0.0,0.0,0.0,0.0,0.0,0.0,35.0,1.2000433328717155,0,orig
35.0,0.0,0.0,0.0,0.0,0.0,0.0,0.0,0.0,6.494123860764333,0,orig
35.0,0.0,0.0,0.0,0.0,0.0,0.0,0.0,0.0,6.494123860764333,0,orig
0.0,0.0,0.0,0.0,0.0,0.0,0.0,0.0,0.0,0.0,0,orig
70.0,0.0,0.0,0.0,70.0,35.0,70.0,35.0,0.0,36.86259491680125,1,gen
35.0,0.0,0.0,0.0,35.0,0.0,0.0,0.0,35.0,9.39450093213092,0,gen
70.0,0.0,35.0,0.0,0.0,0.0,70.0,0.0,0.0,33.62572484380287,1,orig
35.0,0.0,0.0,0.0,0.0,0.0,0.0,0.0,0.0,6.494123860764333,0,orig
35.0,0.0,0.0,0.0,0.0,0.0,0.0,0.0,0.0,6.494123860764333,0,orig
70.0,0.0,35.0,0.0,35.0,70.0,70.0,35.0,0.0,46.42709347681004,1,orig
70.0,0.0,35.0,0.0,0.0,35.0,70.0,35.0,0.0,41.3579572417387,1,gen
0.0,0.0,0.0,0.0,0.0,0.0,0.0,0.0,0.0,0.0,0,gen
70.0,70.0,35.0,100.0,0.0,0.0,0.0,35.0,35.0,35.66328109355438,1,orig
0.0,0.0,0.0,0.0,0.0,0.0,0.0,0.0,35.0,1.2000433328717155,0,gen
0.0,0.0,35.0,0.0,70.0,35.0,0.0,0.0,0.0,14.665499775493412,1,gen
70.0,0.0,35.0,0.0,0.0,0.0,35.0,0.0,0.0,27.255001183629368,1,orig
0.0,0.0,0.0,0.0,0.0,0.0,0.0,0.0,0.0,0.0,0,gen
0.0,0.0,0.0,0.0,35.0,0.0,0.0,0.0,0.0,1.700333738494873,0,orig
35.0,0.0,0.0,0.0,0.0,0.0,0.0,0.0,0.0,6.494123860764333,0,gen
70.0,0.0,35.0,0.0,35.0,70.0,70.0,35.0,0.0,46.42709347681004,1,orig
70.0,0.0,35.0,0.0,35.0,70.0,70.0,35.0,0.0,46.42709347681004,1,orig
0.0,0.0,0.0,0.0,0.0,0.0,0.0,0.0,0.0,0.0,0,orig
35.0,0.0,0.0,0.0,35.0,0.0,0.0,0.0,35.0,9.39450093213092,0,gen
0.0,0.0,0.0,0.0,0.0,0.0,0.0,0.0,0.0,0.0,0,orig
0.0,0.0,0.0,0.0,0.0,0.0,0.0,0.0,35.0,1.2000433328717155,0,orig
35.0,0.0,35.0,0.0,0.0,35.0,100.0,0.0,0.0,35.96102375976373,1,orig
35.0,0.0,0.0,0.0,35.0,0.0,0.0,0.0,35.0,9.39450093213092,0,orig
35.0,0.0,0.0,0.0,0.0,0.0,0.0,0.0,0.0,6.494123860764333,0,gen
70.0,0.0,70.0,0.0,35.0,0.0,100.0,35.0,35.0,54.246181898604725,1,orig
35.0,35.0,0.0,100.0,0.0,0.0,0.0,35.0,35.0,20.002868796599707,1,gen
35.0,0.0,0.0,0.0,0.0,0.0,0.0,0.0,0.0,6.494123860764333,0,gen
70.0,0.0,35.0,0.0,70.0,0.0,35.0,0.0,0.0,30.655668660619114,1,gen
0.0,0.0,35.0,0.0,0.0,35.0,70.0,35.0,35.0,29.56975285308175,1,orig
0.0,0.0,0.0,0.0,0.0,0.0,0.0,0.0,0.0,0.0,0,gen
0.0,0.0,35.0,0.0,0.0,35.0,70.0,35.0,35.0,29.56975285308175,1,orig
0.0,0.0,0.0,0.0,0.0,0.0,0.0,0.0,0.0,0.0,0,orig
0.0,0.0,35.0,35.0,70.0,0.0,35.0,0.0,0.0,20.00367551265985,1,gen
70.0,70.0,35.0,100.0,0.0,0.0,0.0,35.0,35.0,35.66328109355438,1,orig
0.0,0.0,0.0,0.0,35.0,0.0,35.0,35.0,0.0,12.434487300027733,0,gen
35.0,0.0,35.0,0.0,0.0,35.0,0.0,0.0,0.0,17.758956159268,1,orig
70.0,70.0,35.0,100.0,0.0,0.0,0.0,35.0,35.0,35.66328109355438,1,orig
70.0,0.0,0.0,0.0,70.0,0.0,35.0,0.0,0.0,22.759638858691915,1,gen
0.0,0.0,0.0,0.0,0.0,35.0,0.0,0.0,0.0,3.3688024965764733,0,orig
35.0,0.0,0.0,0.0,0.0,0.0,0.0,0.0,0.0,6.494123860764333,0,orig
0.0,0.0,0.0,0.0,35.0,0.0,35.0,0.0,0.0,8.071057398668378,0,gen
35.0,0.0,35.0,0.0,0.0,35.0,0.0,0.0,0.0,17.758956159268,1,orig
70.0,0.0,0.0,0.0,0.0,0.0,35.0,0.0,0.0,19.35897138170217,1,gen
0.0,0.0,0.0,0.0,35.0,0.0,0.0,0.0,0.0,1.700333738494873,0,gen
35.0,0.0,35.0,35.0,0.0,0.0,35.0,0.0,0.0,23.097131896434433,1,orig
35.0,0.0,0.0,0.0,0.0,0.0,0.0,0.0,0.0,6.494123860764333,0,gen
0.0,0.0,0.0,0.0,35.0,0.0,0.0,0.0,0.0,1.700333738494873,0,gen
0.0,0.0,0.0,0.0,0.0,0.0,0.0,0.0,35.0,1.2000433328717155,0,gen
0.0,0.0,0.0,0.0,0.0,35.0,0.0,0.0,0.0,3.3688024965764733,0,gen
35.0,0.0,35.0,0.0,70.0,35.0,0.0,0.0,0.0,21.159623636257745,1,gen
0.0,0.0,0.0,0.0,35.0,0.0,0.0,0.0,0.0,1.700333738494873,0,orig
0.0,0.0,35.0,0.0,70.0,35.0,70.0,35.0,35.0,32.9704203300715,1,gen
0.0,0.0,0.0,0.0,35.0,0.0,0.0,0.0,0.0,1.700333738494873,0,orig
70.0,0.0,35.0,0.0,0.0,0.0,35.0,0.0,0.0,27.255001183629368,1,orig
0.0,0.0,0.0,0.0,0.0,35.0,0.0,0.0,0.0,3.3688024965764733,0,orig
35.0,0.0,0.0,0.0,35.0,0.0,0.0,0.0,35.0,9.39450093213092,0,orig
0.0,0.0,0.0,0.0,35.0,0.0,0.0,0.0,0.0,1.700333738494873,0,gen
35.0,0.0,35.0,0.0,0.0,35.0,0.0,0.0,0.0,17.758956159268,1,orig
35.0,0.0,35.0,35.0,0.0,0.0,35.0,0.0,0.0,23.097131896434433,1,orig
70.0,0.0,35.0,0.0,0.0,0.0,35.0,0.0,0.0,27.255001183629368,1,orig
35.0,0.0,35.0,0.0,70.0,35.0,0.0,0.0,0.0,21.159623636257745,1,gen
0.0,0.0,0.0,0.0,35.0,0.0,35.0,35.0,0.0,12.434487300027733,0,gen
35.0,0.0,35.0,0.0,0.0,35.0,0.0,0.0,0.0,17.758956159268,1,orig
0.0,0.0,0.0,0.0,0.0,0.0,0.0,0.0,35.0,1.2000433328717155,0,orig
0.0,0.0,0.0,0.0,35.0,0.0,0.0,0.0,0.0,1.700333738494873,0,orig
0.0,0.0,0.0,0.0,0.0,0.0,0.0,0.0,35.0,1.2000433328717155,0,gen
0.0,0.0,0.0,0.0,35.0,0.0,0.0,0.0,0.0,1.700333738494873,0,gen
0.0,0.0,0.0,0.0,0.0,0.0,0.0,0.0,0.0,0.0,0,gen
35.0,0.0,35.0,0.0,70.0,35.0,0.0,0.0,0.0,21.159623636257745,1,gen
35.0,0.0,0.0,0.0,70.0,35.0,70.0,35.0,0.0,30.368471056036917,1,gen
0.0,0.0,0.0,0.0,35.0,0.0,0.0,0.0,0.0,1.700333738494873,0,orig
35.0,0.0,35.0,35.0,0.0,0.0,35.0,0.0,0.0,23.097131896434433,1,orig
35.0,0.0,35.0,0.0,0.0,35.0,35.0,0.0,0.0,24.129679819441506,1,orig
0.0,0.0,0.0,0.0,0.0,35.0,0.0,0.0,0.0,3.3688024965764733,0,orig
70.0,0.0,35.0,0.0,0.0,0.0,70.0,35.0,35.0,39.18919807803394,1,gen
35.0,0.0,0.0,0.0,35.0,0.0,0.0,0.0,35.0,9.39450093213092,0,gen
35.0,0.0,0.0,0.0,35.0,0.0,0.0,0.0,35.0,9.39450093213092,0,orig
0.0,0.0,0.0,0.0,35.0,0.0,35.0,0.0,0.0,8.071057398668378,0,gen
35.0,0.0,0.0,0.0,0.0,0.0,0.0,0.0,0.0,6.494123860764333,0,gen
70.0,0.0,35.0,0.0,35.0,70.0,70.0,35.0,0.0,46.42709347681004,1,orig
70.0,0.0,35.0,0.0,35.0,0.0,35.0,70.0,35.0,38.882238057714666,1,gen
35.0,70.0,0.0,100.0,70.0,0.0,0.0,35.0,35.0,24.6737949078526,1,gen
70.0,0.0,70.0,0.0,35.0,0.0,100.0,35.0,35.0,54.246181898604725,1,orig
0.0,0.0,0.0,0.0,0.0,0.0,0.0,0.0,0.0,0.0,0,orig
35.0,0.0,0.0,0.0,0.0,0.0,0.0,0.0,0.0,6.494123860764333,0,gen
0.0,0.0,35.0,0.0,0.0,0.0,70.0,35.0,0.0,25.000907023633562,1,gen
35.0,0.0,35.0,0.0,0.0,35.0,100.0,0.0,0.0,35.96102375976373,1,orig
35.0,0.0,0.0,0.0,0.0,0.0,0.0,0.0,0.0,6.494123860764333,0,orig
70.0,0.0,35.0,0.0,0.0,0.0,35.0,0.0,0.0,27.255001183629368,1,orig
35.0,0.0,35.0,35.0,0.0,0.0,35.0,0.0,0.0,23.097131896434433,1,orig
35.0,0.0,0.0,0.0,35.0,35.0,35.0,70.0,0.0,26.660843558727898,1,gen
35.0,35.0,0.0,100.0,70.0,0.0,0.0,35.0,35.0,23.403536273589452,1,gen
0.0,0.0,0.0,0.0,0.0,0.0,0.0,0.0,0.0,0.0,0,orig
0.0,0.0,0.0,0.0,0.0,0.0,0.0,0.0,35.0,1.2000433328717155,0,orig
0.0,0.0,0.0,0.0,0.0,0.0,0.0,0.0,0.0,0.0,0,gen
0.0,0.0,35.0,0.0,0.0,35.0,0.0,0.0,0.0,11.264832298503668,1,gen
0.0,0.0,35.0,0.0,0.0,35.0,70.0,35.0,35.0,29.56975285308175,1,orig
0.0,0.0,0.0,0.0,35.0,0.0,0.0,0.0,0.0,1.700333738494873,0,gen
0.0,0.0,0.0,0.0,0.0,0.0,0.0,0.0,0.0,0.0,0,orig
35.0,70.0,35.0,100.0,70.0,0.0,0.0,35.0,35.0,32.569824709779795,1,gen
70.0,0.0,35.0,0.0,0.0,0.0,35.0,0.0,0.0,27.255001183629368,1,orig
0.0,0.0,0.0,0.0,0.0,0.0,0.0,0.0,0.0,0.0,0,gen
70.0,0.0,35.0,0.0,35.0,70.0,70.0,35.0,0.0,46.42709347681004,1,orig
0.0,0.0,0.0,0.0,35.0,0.0,0.0,0.0,0.0,1.700333738494873,0,gen
35.0,35.0,0.0,100.0,70.0,0.0,0.0,70.0,35.0,27.766966174948806,1,gen
70.0,0.0,35.0,0.0,70.0,0.0,0.0,0.0,0.0,24.284945000445607,1,gen
0.0,0.0,0.0,0.0,0.0,35.0,0.0,0.0,0.0,3.3688024965764733,0,orig
0.0,0.0,0.0,0.0,0.0,35.0,0.0,0.0,0.0,3.3688024965764733,0,orig
0.0,0.0,0.0,0.0,35.0,0.0,0.0,0.0,0.0,1.700333738494873,0,orig
0.0,0.0,0.0,0.0,0.0,0.0,0.0,0.0,35.0,1.2000433328717155,0,gen
35.0,0.0,0.0,0.0,35.0,0.0,0.0,0.0,35.0,9.39450093213092,0,orig
0.0,0.0,0.0,0.0,0.0,0.0,0.0,0.0,0.0,0.0,0,orig
0.0,0.0,0.0,0.0,0.0,0.0,0.0,0.0,35.0,1.2000433328717155,0,orig
70.0,0.0,35.0,0.0,0.0,0.0,35.0,0.0,0.0,27.255001183629368,1,orig
70.0,0.0,35.0,0.0,0.0,0.0,35.0,0.0,0.0,27.255001183629368,1,orig
70.0,0.0,35.0,0.0,35.0,70.0,70.0,35.0,0.0,46.42709347681004,1,orig
0.0,0.0,35.0,0.0,70.0,35.0,0.0,0.0,0.0,14.665499775493412,1,gen
0.0,0.0,0.0,0.0,0.0,0.0,0.0,0.0,0.0,0.0,0,gen
35.0,0.0,0.0,0.0,0.0,0.0,0.0,0.0,0.0,6.494123860764333,0,gen
35.0,0.0,0.0,0.0,0.0,0.0,0.0,0.0,0.0,6.494123860764333,0,gen
0.0,0.0,0.0,0.0,35.0,0.0,0.0,0.0,0.0,1.700333738494873,0,gen
0.0,0.0,0.0,0.0,35.0,0.0,35.0,0.0,0.0,8.071057398668378,0,gen
70.0,0.0,35.0,0.0,70.0,0.0,35.0,35.0,35.0,36.21914189485018,1,gen
0.0,0.0,0.0,0.0,35.0,0.0,0.0,0.0,0.0,1.700333738494873,0,orig
70.0,0.0,35.0,0.0,35.0,70.0,70.0,35.0,0.0,46.42709347681004,1,orig
0.0,0.0,0.0,0.0,35.0,0.0,0.0,0.0,0.0,1.700333738494873,0,gen
35.0,0.0,0.0,0.0,35.0,0.0,0.0,0.0,35.0,9.39450093213092,0,orig
0.0,0.0,35.0,0.0,70.0,35.0,35.0,0.0,0.0,21.03622343566692,1,gen
0.0,0.0,0.0,0.0,35.0,0.0,0.0,0.0,0.0,1.700333738494873,0,orig
35.0,0.0,0.0,35.0,0.0,0.0,35.0,0.0,0.0,15.201102094507242,1,gen
70.0,0.0,35.0,0.0,70.0,0.0,0.0,0.0,0.0,24.284945000445607,1,gen
35.0,0.0,35.0,35.0,70.0,0.0,35.0,0.0,0.0,26.49779937342418,1,gen
0.0,0.0,0.0,0.0,70.0,0.0,35.0,35.0,0.0,14.134821038522606,1,gen
35.0,0.0,0.0,0.0,35.0,0.0,0.0,0.0,35.0,9.39450093213092,0,orig
70.0,0.0,70.0,0.0,35.0,0.0,100.0,35.0,35.0,54.246181898604725,1,orig
0.0,0.0,0.0,0.0,35.0,0.0,0.0,0.0,0.0,1.700333738494873,0,orig
70.0,0.0,35.0,0.0,70.0,0.0,35.0,0.0,0.0,30.655668660619114,1,gen
0.0,0.0,0.0,0.0,0.0,0.0,0.0,0.0,0.0,0.0,0,gen
35.0,0.0,0.0,0.0,35.0,0.0,0.0,0.0,35.0,9.39450093213092,0,gen
0.0,0.0,0.0,0.0,0.0,0.0,0.0,0.0,0.0,0.0,0,gen
70.0,0.0,35.0,0.0,35.0,70.0,70.0,35.0,0.0,46.42709347681004,1,orig
0.0,0.0,0.0,0.0,0.0,0.0,0.0,0.0,35.0,1.2000433328717155,0,orig
0.0,0.0,0.0,0.0,0.0,0.0,0.0,0.0,0.0,0.0,0,orig
70.0,0.0,35.0,0.0,35.0,70.0,70.0,35.0,0.0,46.42709347681004,1,orig
0.0,0.0,0.0,0.0,0.0,35.0,0.0,0.0,0.0,3.3688024965764733,0,gen
0.0,0.0,0.0,0.0,0.0,0.0,0.0,0.0,0.0,0.0,0,orig
0.0,0.0,0.0,0.0,70.0,35.0,70.0,35.0,35.0,25.0743905281443,1,gen
35.0,0.0,0.0,0.0,0.0,0.0,0.0,0.0,0.0,6.494123860764333,0,gen
0.0,0.0,0.0,0.0,0.0,35.0,0.0,0.0,0.0,3.3688024965764733,0,gen
70.0,0.0,70.0,0.0,35.0,0.0,100.0,35.0,35.0,54.246181898604725,1,orig
0.0,0.0,35.0,0.0,0.0,35.0,70.0,35.0,35.0,29.56975285308175,1,orig
70.0,0.0,35.0,0.0,0.0,0.0,70.0,0.0,0.0,33.62572484380287,1,orig
35.0,0.0,0.0,0.0,0.0,0.0,0.0,0.0,0.0,6.494123860764333,0,gen
70.0,70.0,35.0,100.0,0.0,0.0,0.0,35.0,35.0,35.66328109355438,1,orig
70.0,0.0,35.0,0.0,0.0,0.0,35.0,0.0,0.0,27.255001183629368,1,orig
35.0,0.0,0.0,0.0,35.0,0.0,0.0,0.0,35.0,9.39450093213092,0,orig
70.0,0.0,35.0,0.0,70.0,35.0,70.0,35.0,0.0,44.75862471872844,1,gen
0.0,0.0,0.0,0.0,0.0,0.0,0.0,0.0,0.0,0.0,0,orig
70.0,0.0,70.0,0.0,35.0,0.0,100.0,35.0,35.0,54.246181898604725,1,orig
0.0,0.0,0.0,0.0,35.0,0.0,0.0,0.0,0.0,1.700333738494873,0,gen
70.0,0.0,35.0,0.0,70.0,0.0,70.0,35.0,35.0,42.58986555502369,1,gen
0.0,0.0,0.0,0.0,35.0,0.0,0.0,0.0,0.0,1.700333738494873,0,orig
35.0,0.0,35.0,35.0,70.0,0.0,0.0,0.0,0.0,20.127075713250676,1,gen
35.0,0.0,35.0,0.0,0.0,35.0,0.0,0.0,0.0,17.758956159268,1,orig
0.0,0.0,0.0,0.0,35.0,0.0,35.0,35.0,0.0,12.434487300027733,0,gen
35.0,0.0,35.0,0.0,70.0,35.0,100.0,0.0,0.0,39.36169123675347,1,gen
0.0,0.0,0.0,0.0,0.0,0.0,0.0,0.0,0.0,0.0,0,gen
35.0,0.0,35.0,35.0,0.0,0.0,35.0,0.0,0.0,23.097131896434433,1,orig
70.0,0.0,0.0,0.0,70.0,70.0,70.0,70.0,0.0,44.59482731473708,1,gen
0.0,0.0,0.0,0.0,35.0,0.0,0.0,0.0,0.0,1.700333738494873,0,orig
0.0,0.0,0.0,0.0,35.0,0.0,0.0,0.0,0.0,1.700333738494873,0,gen
0.0,0.0,0.0,0.0,35.0,0.0,0.0,0.0,0.0,1.700333738494873,0,orig
70.0,0.0,70.0,0.0,35.0,0.0,100.0,35.0,35.0,54.246181898604725,1,orig
35.0,0.0,35.0,0.0,70.0,35.0,100.0,0.0,0.0,39.36169123675347,1,gen
35.0,0.0,0.0,0.0,35.0,0.0,0.0,0.0,35.0,9.39450093213092,0,gen
0.0,0.0,0.0,0.0,35.0,0.0,0.0,0.0,0.0,1.700333738494873,0,orig
0.0,0.0,35.0,0.0,0.0,35.0,35.0,0.0,0.0,17.635555958677173,1,gen
0.0,0.0,35.0,0.0,0.0,35.0,70.0,35.0,35.0,29.56975285308175,1,orig
70.0,0.0,70.0,0.0,35.0,0.0,100.0,35.0,35.0,54.246181898604725,1,orig
35.0,0.0,35.0,0.0,0.0,35.0,0.0,0.0,0.0,17.758956159268,1,orig
70.0,0.0,35.0,0.0,35.0,70.0,70.0,35.0,0.0,46.42709347681004,1,orig
0.0,0.0,0.0,0.0,35.0,0.0,35.0,35.0,0.0,12.434487300027733,0,gen
70.0,0.0,70.0,0.0,35.0,0.0,100.0,35.0,35.0,54.246181898604725,1,orig
70.0,0.0,35.0,0.0,70.0,0.0,35.0,0.0,0.0,30.655668660619114,1,gen
35.0,0.0,0.0,0.0,0.0,0.0,0.0,0.0,0.0,6.494123860764333,0,orig
0.0,0.0,0.0,0.0,0.0,0.0,0.0,0.0,35.0,1.2000433328717155,0,orig
35.0,0.0,0.0,0.0,35.0,0.0,0.0,0.0,35.0,9.39450093213092,0,orig
70.0,0.0,35.0,0.0,35.0,70.0,70.0,35.0,0.0,46.42709347681004,1,orig
70.0,0.0,35.0,0.0,35.0,70.0,70.0,35.0,0.0,46.42709347681004,1,orig
0.0,0.0,0.0,0.0,35.0,0.0,0.0,0.0,0.0,1.700333738494873,0,gen
0.0,0.0,0.0,0.0,35.0,0.0,0.0,0.0,0.0,1.700333738494873,0,gen
0.0,0.0,35.0,0.0,0.0,35.0,0.0,0.0,0.0,11.264832298503668,1,gen
0.0,0.0,0.0,0.0,35.0,0.0,0.0,0.0,0.0,1.700333738494873,0,orig
35.0,0.0,35.0,0.0,0.0,35.0,35.0,0.0,0.0,24.129679819441506,1,orig
0.0,0.0,0.0,0.0,0.0,0.0,0.0,0.0,35.0,1.2000433328717155,0,orig
35.0,0.0,0.0,0.0,0.0,0.0,0.0,35.0,0.0,10.85755376212369,1,gen
35.0,0.0,0.0,0.0,35.0,0.0,0.0,0.0,35.0,9.39450093213092,0,gen
35.0,0.0,0.0,0.0,0.0,0.0,0.0,0.0,0.0,6.494123860764333,0,orig
70.0,0.0,35.0,0.0,0.0,0.0,35.0,0.0,0.0,27.255001183629368,1,orig
0.0,0.0,0.0,0.0,35.0,0.0,35.0,35.0,0.0,12.434487300027733,0,gen
70.0,0.0,35.0,0.0,0.0,0.0,70.0,0.0,0.0,33.62572484380287,1,orig
0.0,0.0,0.0,0.0,0.0,35.0,0.0,0.0,0.0,3.3688024965764733,0,gen
70.0,0.0,35.0,0.0,0.0,0.0,35.0,0.0,0.0,27.255001183629368,1,orig
70.0,0.0,35.0,0.0,0.0,0.0,70.0,0.0,0.0,33.62572484380287,1,gen
35.0,0.0,0.0,0.0,0.0,0.0,0.0,0.0,0.0,6.494123860764333,0,orig
35.0,0.0,0.0,0.0,0.0,0.0,0.0,0.0,0.0,6.494123860764333,0,orig
35.0,0.0,0.0,0.0,70.0,70.0,35.0,35.0,0.0,27.366549892439885,1,gen
0.0,0.0,0.0,0.0,0.0,0.0,0.0,0.0,0.0,0.0,0,orig
0.0,0.0,35.0,35.0,70.0,0.0,35.0,0.0,0.0,20.00367551265985,1,gen
0.0,0.0,35.0,0.0,0.0,35.0,70.0,35.0,35.0,29.56975285308175,1,orig
0.0,0.0,0.0,0.0,0.0,0.0,0.0,0.0,0.0,0.0,0,orig
0.0,0.0,0.0,0.0,70.0,0.0,70.0,35.0,0.0,20.505544698696113,1,gen
0.0,0.0,0.0,0.0,70.0,0.0,70.0,35.0,0.0,20.505544698696113,1,gen
0.0,0.0,0.0,0.0,0.0,0.0,0.0,0.0,0.0,0.0,0,gen
0.0,0.0,35.0,0.0,70.0,35.0,35.0,0.0,0.0,21.03622343566692,1,gen
70.0,70.0,35.0,100.0,70.0,0.0,0.0,35.0,35.0,39.06394857054413,1,gen
0.0,0.0,0.0,0.0,0.0,0.0,0.0,0.0,0.0,0.0,0,orig
35.0,0.0,35.0,0.0,70.0,35.0,100.0,0.0,0.0,39.36169123675347,1,gen
0.0,0.0,0.0,0.0,0.0,0.0,0.0,0.0,0.0,0.0,0,orig
0.0,0.0,0.0,0.0,35.0,0.0,0.0,0.0,0.0,1.700333738494873,0,gen
70.0,70.0,35.0,100.0,0.0,0.0,0.0,35.0,35.0,35.66328109355438,1,orig
0.0,0.0,0.0,0.0,35.0,0.0,0.0,0.0,0.0,1.700333738494873,0,orig
0.0,0.0,0.0,0.0,0.0,35.0,0.0,0.0,0.0,3.3688024965764733,0,orig
70.0,70.0,35.0,100.0,0.0,0.0,0.0,35.0,35.0,35.66328109355438,1,orig
0.0,0.0,0.0,0.0,0.0,0.0,0.0,0.0,35.0,1.2000433328717155,0,orig
0.0,0.0,35.0,0.0,0.0,35.0,70.0,35.0,35.0,29.56975285308175,1,orig
0.0,0.0,0.0,0.0,35.0,0.0,35.0,35.0,0.0,12.434487300027733,0,gen
0.0,0.0,0.0,0.0,70.0,35.0,0.0,0.0,0.0,6.769469973566219,1,gen
35.0,0.0,0.0,0.0,0.0,0.0,0.0,0.0,0.0,6.494123860764333,0,orig
70.0,0.0,0.0,0.0,70.0,70.0,0.0,35.0,0.0,27.489950093030714,1,gen
0.0,0.0,35.0,0.0,70.0,35.0,0.0,0.0,0.0,14.665499775493412,1,gen
70.0,0.0,35.0,0.0,0.0,0.0,70.0,0.0,0.0,33.62572484380287,1,orig
35.0,0.0,0.0,0.0,0.0,0.0,0.0,0.0,0.0,6.494123860764333,0,gen
35.0,0.0,0.0,0.0,0.0,0.0,0.0,0.0,0.0,6.494123860764333,0,orig
35.0,0.0,35.0,35.0,0.0,0.0,35.0,0.0,0.0,23.097131896434433,1,orig
35.0,0.0,0.0,0.0,0.0,35.0,35.0,70.0,0.0,24.96050982023302,1,gen
0.0,0.0,0.0,0.0,35.0,0.0,35.0,0.0,0.0,8.071057398668378,0,gen
70.0,0.0,35.0,0.0,35.0,70.0,70.0,35.0,0.0,46.42709347681004,1,orig
0.0,0.0,0.0,0.0,0.0,0.0,0.0,0.0,35.0,1.2000433328717155,0,gen
0.0,0.0,0.0,0.0,0.0,0.0,0.0,0.0,35.0,1.2000433328717155,0,orig
0.0,0.0,0.0,0.0,0.0,35.0,0.0,0.0,0.0,3.3688024965764733,0,orig
70.0,0.0,35.0,0.0,0.0,0.0,70.0,0.0,0.0,33.62572484380287,1,orig
0.0,0.0,0.0,0.0,0.0,0.0,0.0,0.0,0.0,0.0,0,gen
0.0,0.0,0.0,0.0,35.0,0.0,0.0,0.0,0.0,1.700333738494873,0,gen
0.0,0.0,0.0,0.0,0.0,0.0,0.0,0.0,0.0,0.0,0,orig
0.0,0.0,0.0,0.0,35.0,0.0,35.0,35.0,0.0,12.434487300027733,0,gen
35.0,0.0,35.0,0.0,0.0,35.0,35.0,0.0,0.0,24.129679819441506,1,orig
0.0,0.0,0.0,0.0,0.0,35.0,0.0,0.0,0.0,3.3688024965764733,0,orig
0.0,0.0,0.0,0.0,35.0,0.0,0.0,0.0,0.0,1.700333738494873,0,orig
0.0,0.0,0.0,0.0,0.0,0.0,0.0,0.0,35.0,1.2000433328717155,0,gen
35.0,70.0,0.0,100.0,70.0,0.0,0.0,35.0,35.0,24.6737949078526,1,gen
35.0,0.0,35.0,0.0,0.0,35.0,0.0,0.0,0.0,17.758956159268,1,orig
0.0,0.0,0.0,0.0,35.0,0.0,0.0,0.0,0.0,1.700333738494873,0,orig
0.0,0.0,0.0,0.0,35.0,0.0,0.0,0.0,0.0,1.700333738494873,0,gen
0.0,0.0,0.0,0.0,35.0,0.0,0.0,0.0,0.0,1.700333738494873,0,gen
70.0,0.0,35.0,0.0,70.0,0.0,70.0,0.0,0.0,37.02639232079262,1,gen
0.0,0.0,0.0,0.0,0.0,0.0,0.0,0.0,35.0,1.2000433328717155,0,gen
35.0,0.0,35.0,0.0,70.0,35.0,70.0,0.0,0.0,33.901070956604755,1,gen
0.0,0.0,0.0,0.0,0.0,0.0,0.0,0.0,35.0,1.2000433328717155,0,orig
0.0,0.0,0.0,0.0,35.0,0.0,0.0,0.0,0.0,1.700333738494873,0,orig
0.0,0.0,0.0,0.0,35.0,0.0,0.0,0.0,0.0,1.700333738494873,0,gen
35.0,0.0,35.0,0.0,70.0,35.0,35.0,0.0,0.0,27.530347296431252,1,gen
35.0,0.0,0.0,0.0,35.0,0.0,0.0,0.0,35.0,9.39450093213092,0,orig
0.0,0.0,35.0,35.0,70.0,0.0,35.0,0.0,0.0,20.00367551265985,1,gen
35.0,0.0,0.0,0.0,35.0,0.0,0.0,0.0,35.0,9.39450093213092,0,gen
70.0,0.0,35.0,0.0,0.0,0.0,35.0,0.0,0.0,27.255001183629368,1,gen
70.0,0.0,35.0,0.0,35.0,70.0,70.0,35.0,0.0,46.42709347681004,1,orig
0.0,0.0,0.0,0.0,0.0,0.0,0.0,0.0,0.0,0.0,0,orig
0.0,0.0,0.0,0.0,0.0,0.0,0.0,70.0,0.0,8.726859802718712,1,gen
0.0,0.0,0.0,0.0,35.0,0.0,35.0,35.0,0.0,12.434487300027733,0,gen
35.0,0.0,35.0,0.0,0.0,35.0,35.0,0.0,0.0,24.129679819441506,1,orig
0.0,0.0,35.0,0.0,70.0,35.0,0.0,0.0,0.0,14.665499775493412,1,gen
0.0,0.0,0.0,0.0,35.0,0.0,35.0,35.0,0.0,12.434487300027733,0,gen
70.0,0.0,70.0,0.0,70.0,0.0,100.0,35.0,35.0,55.946515637099594,1,gen
0.0,0.0,35.0,0.0,0.0,35.0,70.0,35.0,35.0,29.56975285308175,1,orig
0.0,0.0,35.0,0.0,0.0,35.0,70.0,35.0,35.0,29.56975285308175,1,orig
0.0,0.0,0.0,0.0,0.0,0.0,0.0,0.0,35.0,1.2000433328717155,0,orig
0.0,0.0,0.0,0.0,35.0,0.0,0.0,0.0,0.0,1.700333738494873,0,orig
0.0,0.0,0.0,0.0,35.0,0.0,0.0,0.0,0.0,1.700333738494873,0,orig
0.0,0.0,0.0,0.0,35.0,0.0,0.0,0.0,0.0,1.700333738494873,0,gen
0.0,0.0,35.0,0.0,0.0,35.0,70.0,35.0,35.0,29.56975285308175,1,orig
0.0,0.0,0.0,0.0,35.0,0.0,0.0,0.0,0.0,1.700333738494873,0,orig
70.0,0.0,35.0,0.0,35.0,70.0,70.0,35.0,0.0,46.42709347681004,1,orig
0.0,0.0,35.0,0.0,0.0,35.0,70.0,35.0,35.0,29.56975285308175,1,orig
0.0,0.0,0.0,0.0,0.0,0.0,0.0,0.0,35.0,1.2000433328717155,0,gen
0.0,0.0,0.0,0.0,0.0,0.0,0.0,0.0,0.0,0.0,0,gen
0.0,0.0,0.0,0.0,35.0,0.0,0.0,0.0,0.0,1.700333738494873,0,orig
0.0,0.0,0.0,0.0,0.0,0.0,0.0,0.0,35.0,1.2000433328717155,0,gen
70.0,0.0,70.0,0.0,35.0,0.0,100.0,35.0,35.0,54.246181898604725,1,orig
35.0,0.0,0.0,0.0,0.0,0.0,0.0,0.0,0.0,6.494123860764333,0,orig
0.0,0.0,0.0,0.0,35.0,0.0,0.0,0.0,0.0,1.700333738494873,0,gen
35.0,0.0,35.0,0.0,0.0,35.0,70.0,0.0,0.0,30.50040347961501,1,orig
35.0,0.0,0.0,0.0,35.0,0.0,0.0,0.0,35.0,9.39450093213092,0,orig
0.0,0.0,0.0,0.0,0.0,0.0,0.0,0.0,35.0,1.2000433328717155,0,gen
35.0,0.0,35.0,0.0,70.0,35.0,0.0,0.0,0.0,21.159623636257745,1,gen
70.0,0.0,35.0,0.0,35.0,70.0,70.0,35.0,0.0,46.42709347681004,1,orig
35.0,0.0,35.0,0.0,70.0,35.0,100.0,0.0,0.0,39.36169123675347,1,gen
70.0,0.0,35.0,0.0,0.0,0.0,70.0,0.0,0.0,33.62572484380287,1,orig
70.0,0.0,0.0,0.0,0.0,0.0,0.0,70.0,0.0,21.71510752424738,1,gen
0.0,0.0,0.0,0.0,35.0,0.0,0.0,0.0,0.0,1.700333738494873,0,orig
35.0,0.0,0.0,0.0,0.0,0.0,0.0,0.0,0.0,6.494123860764333,0,orig
35.0,0.0,35.0,0.0,0.0,35.0,100.0,0.0,0.0,35.96102375976373,1,orig
70.0,70.0,0.0,100.0,70.0,0.0,0.0,35.0,35.0,31.167918768616932,1,gen
35.0,0.0,0.0,0.0,35.0,0.0,0.0,0.0,35.0,9.39450093213092,0,gen
70.0,0.0,35.0,0.0,35.0,70.0,70.0,35.0,0.0,46.42709347681004,1,orig
0.0,0.0,0.0,0.0,35.0,0.0,0.0,0.0,0.0,1.700333738494873,0,orig
0.0,0.0,0.0,0.0,35.0,0.0,0.0,0.0,0.0,1.700333738494873,0,orig
0.0,0.0,0.0,0.0,35.0,0.0,0.0,0.0,0.0,1.700333738494873,0,orig
0.0,0.0,0.0,0.0,35.0,0.0,0.0,0.0,0.0,1.700333738494873,0,orig
35.0,0.0,0.0,0.0,35.0,0.0,0.0,0.0,35.0,9.39450093213092,0,gen
0.0,0.0,0.0,0.0,35.0,0.0,0.0,0.0,0.0,1.700333738494873,0,gen
35.0,0.0,0.0,0.0,35.0,0.0,0.0,0.0,35.0,9.39450093213092,0,orig
70.0,0.0,35.0,0.0,35.0,70.0,70.0,35.0,0.0,46.42709347681004,1,orig
35.0,70.0,0.0,100.0,0.0,0.0,0.0,35.0,35.0,21.273127430862854,1,gen
70.0,0.0,35.0,0.0,0.0,35.0,70.0,35.0,0.0,41.3579572417387,1,gen
35.0,0.0,35.0,0.0,0.0,35.0,0.0,0.0,0.0,17.758956159268,1,orig
35.0,0.0,0.0,35.0,0.0,0.0,0.0,0.0,0.0,8.830378434333737,1,gen
0.0,0.0,0.0,0.0,0.0,0.0,0.0,0.0,0.0,0.0,0,orig
35.0,0.0,0.0,0.0,0.0,0.0,0.0,0.0,0.0,6.494123860764333,0,gen
35.0,0.0,0.0,0.0,0.0,0.0,0.0,0.0,0.0,6.494123860764333,0,gen
35.0,0.0,0.0,0.0,70.0,0.0,70.0,70.0,0.0,31.3630984608198,1,gen
35.0,0.0,0.0,0.0,35.0,0.0,0.0,0.0,35.0,9.39450093213092,0,gen
35.0,0.0,0.0,0.0,35.0,0.0,0.0,0.0,35.0,9.39450093213092,0,orig
0.0,0.0,0.0,0.0,35.0,0.0,0.0,0.0,0.0,1.700333738494873,0,gen
35.0,0.0,0.0,0.0,35.0,0.0,0.0,0.0,35.0,9.39450093213092,0,orig
70.0,0.0,0.0,0.0,70.0,0.0,0.0,0.0,0.0,16.38891519851841,1,gen
35.0,0.0,35.0,35.0,0.0,0.0,70.0,0.0,0.0,29.46785555660794,1,orig
70.0,0.0,0.0,0.0,70.0,0.0,35.0,0.0,0.0,22.759638858691915,1,gen
0.0,0.0,0.0,0.0,0.0,0.0,0.0,0.0,0.0,0.0,0,orig
0.0,0.0,0.0,0.0,35.0,0.0,0.0,0.0,0.0,1.700333738494873,0,gen
0.0,0.0,0.0,0.0,0.0,35.0,70.0,70.0,35.0,26.03715295251391,1,gen
35.0,70.0,35.0,100.0,0.0,0.0,0.0,35.0,35.0,29.169157232790045,1,gen
0.0,0.0,0.0,0.0,35.0,0.0,0.0,0.0,0.0,1.700333738494873,0,orig
35.0,0.0,0.0,0.0,70.0,35.0,35.0,70.0,0.0,28.361177297222767,1,gen
0.0,0.0,0.0,0.0,35.0,0.0,35.0,35.0,0.0,12.434487300027733,0,gen
0.0,0.0,0.0,0.0,0.0,0.0,0.0,0.0,0.0,0.0,0,orig
70.0,0.0,35.0,0.0,0.0,0.0,100.0,35.0,35.0,44.64981835818266,1,gen
70.0,0.0,35.0,0.0,0.0,0.0,35.0,0.0,0.0,27.255001183629368,1,orig
0.0,0.0,0.0,0.0,35.0,0.0,0.0,0.0,0.0,1.700333738494873,0,gen
70.0,0.0,35.0,0.0,0.0,0.0,0.0,0.0,0.0,20.88427752345586,1,gen
70.0,0.0,70.0,0.0,70.0,0.0,100.0,35.0,35.0,55.946515637099594,1,gen
35.0,0.0,35.0,0.0,0.0,35.0,0.0,0.0,0.0,17.758956159268,1,orig
0.0,0.0,0.0,0.0,0.0,0.0,0.0,0.0,0.0,0.0,0,orig
0.0,0.0,0.0,0.0,0.0,0.0,0.0,0.0,0.0,0.0,0,orig
70.0,35.0,0.0,100.0,0.0,0.0,0.0,35.0,35.0,26.49699265736404,1,gen
35.0,35.0,0.0,100.0,70.0,0.0,0.0,35.0,35.0,23.403536273589452,1,gen
35.0,0.0,0.0,0.0,35.0,0.0,0.0,0.0,35.0,9.39450093213092,0,gen
0.0,0.0,0.0,0.0,35.0,0.0,35.0,0.0,0.0,8.071057398668378,0,gen
70.0,0.0,70.0,0.0,70.0,0.0,100.0,35.0,35.0,55.946515637099594,1,gen
0.0,0.0,35.0,0.0,0.0,35.0,70.0,35.0,35.0,29.56975285308175,1,orig
70.0,0.0,70.0,0.0,70.0,0.0,100.0,35.0,35.0,55.946515637099594,1,gen
35.0,0.0,35.0,35.0,0.0,0.0,70.0,0.0,0.0,29.46785555660794,1,orig
0.0,0.0,0.0,0.0,35.0,0.0,0.0,0.0,0.0,1.700333738494873,0,orig
70.0,0.0,70.0,0.0,35.0,0.0,100.0,35.0,35.0,54.246181898604725,1,orig
70.0,0.0,35.0,0.0,70.0,0.0,70.0,35.0,35.0,42.58986555502369,1,gen
0.0,0.0,0.0,0.0,0.0,0.0,0.0,0.0,0.0,0.0,0,orig
0.0,0.0,0.0,0.0,0.0,0.0,0.0,0.0,0.0,0.0,0,orig
0.0,0.0,0.0,0.0,35.0,0.0,35.0,35.0,0.0,12.434487300027733,0,gen
70.0,70.0,35.0,100.0,0.0,0.0,0.0,35.0,35.0,35.66328109355438,1,orig
70.0,70.0,35.0,100.0,0.0,0.0,0.0,35.0,35.0,35.66328109355438,1,orig
70.0,0.0,35.0,0.0,70.0,0.0,0.0,0.0,0.0,24.284945000445607,1,gen
0.0,0.0,0.0,0.0,35.0,0.0,0.0,0.0,0.0,1.700333738494873,0,orig
35.0,0.0,35.0,0.0,0.0,35.0,0.0,0.0,0.0,17.758956159268,1,orig
70.0,0.0,35.0,0.0,0.0,0.0,35.0,0.0,0.0,27.255001183629368,1,orig
35.0,0.0,35.0,0.0,70.0,35.0,100.0,0.0,0.0,39.36169123675347,1,gen
35.0,0.0,0.0,0.0,35.0,0.0,0.0,0.0,35.0,9.39450093213092,0,gen
0.0,0.0,0.0,0.0,0.0,0.0,0.0,0.0,0.0,0.0,0,gen
0.0,0.0,0.0,0.0,0.0,35.0,0.0,0.0,0.0,3.3688024965764733,0,orig
0.0,0.0,0.0,0.0,35.0,0.0,0.0,0.0,0.0,1.700333738494873,0,orig
70.0,0.0,35.0,0.0,35.0,70.0,70.0,35.0,0.0,46.42709347681004,1,orig
70.0,0.0,35.0,0.0,35.0,70.0,70.0,35.0,0.0,46.42709347681004,1,orig
0.0,0.0,0.0,0.0,70.0,35.0,35.0,35.0,35.0,18.703666867970796,1,gen
70.0,0.0,35.0,0.0,35.0,70.0,70.0,35.0,0.0,46.42709347681004,1,orig
70.0,0.0,35.0,0.0,70.0,0.0,35.0,35.0,35.0,36.21914189485018,1,gen
35.0,0.0,35.0,0.0,70.0,35.0,100.0,0.0,0.0,39.36169123675347,1,gen
0.0,0.0,0.0,0.0,35.0,0.0,0.0,0.0,0.0,1.700333738494873,0,orig
35.0,0.0,0.0,0.0,35.0,0.0,0.0,0.0,35.0,9.39450093213092,0,gen
0.0,0.0,0.0,0.0,70.0,35.0,0.0,0.0,0.0,6.769469973566219,1,gen
35.0,0.0,0.0,0.0,0.0,0.0,0.0,0.0,0.0,6.494123860764333,0,orig
35.0,0.0,35.0,0.0,0.0,35.0,0.0,0.0,0.0,17.758956159268,1,orig
70.0,70.0,0.0,100.0,70.0,0.0,0.0,35.0,35.0,31.167918768616932,1,gen
0.0,0.0,0.0,0.0,0.0,0.0,0.0,0.0,35.0,1.2000433328717155,0,gen
70.0,70.0,35.0,100.0,0.0,0.0,0.0,35.0,35.0,35.66328109355438,1,orig
0.0,0.0,0.0,0.0,0.0,0.0,0.0,0.0,0.0,0.0,0,gen
0.0,0.0,0.0,0.0,0.0,0.0,0.0,0.0,0.0,0.0,0,gen
35.0,0.0,0.0,0.0,35.0,0.0,0.0,0.0,35.0,9.39450093213092,0,gen
0.0,0.0,0.0,0.0,0.0,0.0,0.0,0.0,0.0,0.0,0,gen
35.0,0.0,0.0,0.0,35.0,0.0,0.0,0.0,35.0,9.39450093213092,0,orig
35.0,35.0,0.0,100.0,70.0,0.0,0.0,35.0,35.0,23.403536273589452,1,gen
0.0,0.0,0.0,0.0,0.0,35.0,0.0,0.0,0.0,3.3688024965764733,1,gen
70.0,0.0,35.0,0.0,35.0,70.0,70.0,35.0,0.0,46.42709347681004,1,orig
35.0,70.0,0.0,100.0,70.0,0.0,0.0,70.0,35.0,29.037224809211956,1,gen
35.0,0.0,0.0,0.0,35.0,0.0,0.0,0.0,35.0,9.39450093213092,0,orig
0.0,0.0,0.0,0.0,35.0,0.0,0.0,0.0,0.0,1.700333738494873,0,gen
70.0,70.0,35.0,100.0,0.0,0.0,0.0,35.0,35.0,35.66328109355438,1,orig
35.0,0.0,35.0,0.0,0.0,35.0,0.0,0.0,0.0,17.758956159268,1,gen
0.0,0.0,0.0,0.0,35.0,0.0,0.0,0.0,0.0,1.700333738494873,0,gen
0.0,0.0,0.0,0.0,0.0,0.0,0.0,0.0,0.0,0.0,0,gen
0.0,0.0,0.0,0.0,0.0,0.0,0.0,0.0,0.0,0.0,0,orig
35.0,0.0,35.0,0.0,70.0,35.0,100.0,0.0,0.0,39.36169123675347,1,gen
0.0,0.0,0.0,0.0,0.0,0.0,0.0,0.0,35.0,1.2000433328717155,0,orig
0.0,0.0,0.0,0.0,35.0,0.0,0.0,0.0,0.0,1.700333738494873,0,gen
70.0,0.0,35.0,0.0,35.0,70.0,70.0,35.0,0.0,46.42709347681004,1,orig
0.0,0.0,35.0,0.0,0.0,35.0,70.0,35.0,35.0,29.56975285308175,1,orig
0.0,0.0,0.0,0.0,0.0,0.0,0.0,0.0,35.0,1.2000433328717155,0,orig
35.0,0.0,35.0,0.0,0.0,35.0,35.0,0.0,0.0,24.129679819441506,1,orig
35.0,70.0,35.0,100.0,70.0,0.0,0.0,35.0,35.0,32.569824709779795,1,gen
35.0,0.0,35.0,0.0,0.0,35.0,100.0,0.0,0.0,35.96102375976373,1,orig
70.0,0.0,35.0,0.0,70.0,0.0,70.0,35.0,35.0,42.58986555502369,1,gen
0.0,0.0,0.0,0.0,70.0,35.0,0.0,0.0,0.0,6.769469973566219,1,gen
35.0,0.0,35.0,0.0,0.0,35.0,0.0,0.0,0.0,17.758956159268,1,orig
0.0,0.0,0.0,0.0,0.0,0.0,0.0,0.0,0.0,0.0,0,gen
35.0,0.0,0.0,0.0,0.0,0.0,0.0,0.0,0.0,6.494123860764333,0,orig
35.0,35.0,0.0,100.0,0.0,0.0,0.0,35.0,35.0,20.002868796599707,1,gen
70.0,70.0,0.0,100.0,70.0,0.0,0.0,70.0,35.0,35.53134866997629,1,gen
35.0,0.0,0.0,0.0,0.0,0.0,0.0,0.0,0.0,6.494123860764333,0,orig
35.0,0.0,35.0,0.0,0.0,35.0,0.0,0.0,0.0,17.758956159268,1,orig
70.0,0.0,35.0,0.0,0.0,0.0,35.0,0.0,0.0,27.255001183629368,1,orig
0.0,0.0,0.0,0.0,35.0,0.0,0.0,0.0,0.0,1.700333738494873,0,gen
0.0,0.0,0.0,0.0,0.0,0.0,0.0,0.0,35.0,1.2000433328717155,0,orig
0.0,0.0,0.0,0.0,0.0,35.0,0.0,0.0,0.0,3.3688024965764733,0,orig
0.0,0.0,0.0,0.0,0.0,0.0,0.0,0.0,35.0,1.2000433328717155,0,gen
0.0,0.0,0.0,0.0,35.0,0.0,0.0,0.0,0.0,1.700333738494873,0,orig
35.0,0.0,0.0,0.0,35.0,0.0,0.0,0.0,35.0,9.39450093213092,0,orig
35.0,0.0,35.0,0.0,70.0,35.0,0.0,0.0,0.0,21.159623636257745,1,gen
35.0,0.0,35.0,0.0,0.0,35.0,100.0,0.0,0.0,35.96102375976373,1,orig
35.0,0.0,0.0,0.0,35.0,0.0,0.0,0.0,35.0,9.39450093213092,0,orig
35.0,0.0,0.0,0.0,0.0,35.0,0.0,0.0,0.0,9.862926357340806,1,gen
70.0,0.0,0.0,0.0,70.0,0.0,35.0,35.0,35.0,28.323112092922987,1,gen
35.0,0.0,35.0,35.0,0.0,0.0,70.0,0.0,0.0,29.46785555660794,1,gen
0.0,0.0,0.0,0.0,70.0,0.0,0.0,35.0,0.0,7.764097378349102,1,gen
35.0,0.0,0.0,0.0,0.0,0.0,0.0,0.0,0.0,6.494123860764333,0,orig
35.0,0.0,35.0,35.0,0.0,0.0,35.0,0.0,0.0,23.097131896434433,1,orig
70.0,70.0,35.0,100.0,70.0,0.0,0.0,35.0,35.0,39.06394857054413,1,gen
0.0,0.0,0.0,0.0,35.0,0.0,0.0,0.0,0.0,1.700333738494873,0,orig
0.0,0.0,0.0,0.0,0.0,0.0,0.0,0.0,35.0,1.2000433328717155,0,orig
70.0,0.0,35.0,0.0,0.0,0.0,35.0,0.0,0.0,27.255001183629368,1,gen
70.0,70.0,35.0,100.0,0.0,0.0,0.0,35.0,35.0,35.66328109355438,1,orig
35.0,0.0,35.0,0.0,0.0,35.0,70.0,0.0,0.0,30.50040347961501,1,orig
35.0,0.0,35.0,35.0,0.0,0.0,35.0,0.0,0.0,23.097131896434433,1,orig
0.0,0.0,0.0,0.0,0.0,35.0,0.0,0.0,0.0,3.3688024965764733,0,orig
35.0,70.0,35.0,100.0,70.0,0.0,0.0,35.0,35.0,32.569824709779795,1,gen
35.0,0.0,0.0,0.0,0.0,0.0,0.0,0.0,0.0,6.494123860764333,0,orig
35.0,0.0,0.0,0.0,35.0,0.0,0.0,0.0,35.0,9.39450093213092,0,orig
0.0,0.0,0.0,0.0,0.0,0.0,0.0,0.0,0.0,0.0,0,gen
0.0,0.0,0.0,0.0,35.0,0.0,0.0,0.0,0.0,1.700333738494873,0,gen
0.0,0.0,0.0,0.0,0.0,0.0,0.0,0.0,0.0,0.0,0,gen
70.0,35.0,0.0,100.0,0.0,0.0,0.0,35.0,35.0,26.49699265736404,1,gen
35.0,0.0,35.0,0.0,0.0,35.0,70.0,0.0,0.0,30.50040347961501,1,orig
35.0,0.0,0.0,0.0,0.0,0.0,0.0,0.0,0.0,6.494123860764333,0,gen
35.0,0.0,35.0,35.0,0.0,0.0,70.0,0.0,0.0,29.46785555660794,1,orig
0.0,0.0,0.0,0.0,0.0,0.0,0.0,0.0,0.0,0.0,0,orig
35.0,0.0,0.0,0.0,0.0,0.0,0.0,0.0,0.0,6.494123860764333,0,gen
35.0,0.0,35.0,0.0,0.0,35.0,35.0,0.0,0.0,24.129679819441506,1,orig
0.0,0.0,0.0,0.0,35.0,0.0,0.0,0.0,0.0,1.700333738494873,0,orig
70.0,70.0,0.0,100.0,70.0,0.0,0.0,35.0,35.0,31.167918768616932,1,gen
35.0,0.0,0.0,0.0,35.0,0.0,0.0,0.0,35.0,9.39450093213092,0,gen
70.0,0.0,35.0,0.0,35.0,70.0,70.0,35.0,0.0,46.42709347681004,1,orig
0.0,0.0,0.0,0.0,35.0,0.0,0.0,0.0,0.0,1.700333738494873,0,gen
70.0,0.0,35.0,0.0,0.0,0.0,70.0,0.0,0.0,33.62572484380287,1,orig
0.0,0.0,0.0,0.0,0.0,0.0,0.0,0.0,35.0,1.2000433328717155,0,orig
0.0,0.0,0.0,0.0,35.0,0.0,0.0,0.0,0.0,1.700333738494873,0,orig
0.0,0.0,0.0,0.0,0.0,0.0,0.0,0.0,0.0,0.0,0,gen
0.0,0.0,0.0,0.0,0.0,0.0,0.0,0.0,0.0,0.0,0,gen
35.0,0.0,35.0,0.0,0.0,35.0,0.0,0.0,0.0,17.758956159268,1,orig
0.0,0.0,0.0,0.0,0.0,0.0,0.0,0.0,35.0,1.2000433328717155,0,gen
35.0,0.0,0.0,0.0,35.0,0.0,0.0,0.0,35.0,9.39450093213092,0,orig
35.0,0.0,0.0,0.0,35.0,0.0,0.0,0.0,35.0,9.39450093213092,0,orig
0.0,0.0,0.0,0.0,35.0,0.0,35.0,35.0,0.0,12.434487300027733,0,gen
35.0,0.0,35.0,0.0,70.0,35.0,100.0,0.0,0.0,39.36169123675347,1,gen
70.0,0.0,70.0,0.0,35.0,0.0,100.0,35.0,35.0,54.246181898604725,1,orig
0.0,0.0,35.0,0.0,0.0,35.0,70.0,35.0,35.0,29.56975285308175,1,orig
70.0,0.0,35.0,0.0,70.0,0.0,70.0,0.0,0.0,37.02639232079262,1,gen
0.0,0.0,0.0,0.0,35.0,0.0,0.0,0.0,0.0,1.700333738494873,0,orig
70.0,0.0,35.0,0.0,0.0,0.0,35.0,0.0,0.0,27.255001183629368,1,orig
35.0,0.0,35.0,0.0,0.0,35.0,70.0,0.0,0.0,30.50040347961501,1,orig
70.0,0.0,70.0,0.0,35.0,0.0,100.0,35.0,35.0,54.246181898604725,1,orig
0.0,0.0,35.0,0.0,0.0,35.0,70.0,35.0,35.0,29.56975285308175,1,orig
0.0,0.0,0.0,0.0,35.0,0.0,0.0,0.0,0.0,1.700333738494873,0,gen
70.0,0.0,35.0,0.0,0.0,0.0,70.0,0.0,0.0,33.62572484380287,1,orig
0.0,0.0,0.0,0.0,0.0,35.0,0.0,0.0,0.0,3.3688024965764733,0,gen
0.0,0.0,0.0,0.0,0.0,0.0,0.0,0.0,0.0,0.0,0,orig
0.0,0.0,0.0,0.0,0.0,0.0,0.0,0.0,0.0,0.0,0,orig
70.0,70.0,0.0,100.0,70.0,0.0,0.0,35.0,35.0,31.167918768616932,1,gen
0.0,0.0,0.0,0.0,0.0,0.0,0.0,0.0,35.0,1.2000433328717155,0,gen
0.0,0.0,0.0,0.0,0.0,35.0,0.0,0.0,0.0,3.3688024965764733,0,orig
0.0,0.0,0.0,0.0,0.0,0.0,0.0,0.0,0.0,0.0,0,gen
0.0,0.0,0.0,0.0,35.0,0.0,0.0,0.0,0.0,1.700333738494873,0,orig
35.0,0.0,35.0,0.0,0.0,35.0,70.0,0.0,0.0,30.50040347961501,1,orig
0.0,0.0,0.0,0.0,0.0,0.0,0.0,0.0,0.0,0.0,0,orig
0.0,0.0,0.0,0.0,0.0,35.0,0.0,0.0,0.0,3.3688024965764733,0,orig
35.0,0.0,0.0,0.0,35.0,0.0,0.0,0.0,35.0,9.39450093213092,0,gen
0.0,0.0,35.0,0.0,0.0,35.0,70.0,35.0,35.0,29.56975285308175,1,orig
35.0,0.0,0.0,0.0,0.0,0.0,0.0,0.0,0.0,6.494123860764333,0,gen
0.0,0.0,35.0,0.0,0.0,35.0,70.0,35.0,35.0,29.56975285308175,1,orig
0.0,0.0,0.0,0.0,35.0,0.0,0.0,0.0,0.0,1.700333738494873,0,gen
35.0,0.0,0.0,0.0,35.0,0.0,0.0,0.0,35.0,9.39450093213092,0,gen
0.0,0.0,0.0,0.0,35.0,0.0,35.0,0.0,0.0,8.071057398668378,0,gen
0.0,0.0,0.0,0.0,35.0,0.0,0.0,0.0,0.0,1.700333738494873,0,orig
70.0,0.0,35.0,0.0,70.0,0.0,35.0,0.0,0.0,30.655668660619114,1,gen
35.0,70.0,0.0,100.0,0.0,0.0,0.0,35.0,35.0,21.273127430862854,1,gen
35.0,0.0,35.0,0.0,0.0,35.0,35.0,0.0,0.0,24.129679819441506,1,orig
0.0,0.0,35.0,0.0,0.0,35.0,0.0,0.0,0.0,11.264832298503668,1,gen
35.0,0.0,35.0,0.0,0.0,35.0,0.0,0.0,0.0,17.758956159268,1,gen
35.0,0.0,35.0,35.0,70.0,0.0,35.0,0.0,0.0,26.49779937342418,1,gen
0.0,0.0,0.0,0.0,35.0,0.0,0.0,0.0,0.0,1.700333738494873,0,gen
35.0,0.0,35.0,35.0,0.0,0.0,35.0,0.0,0.0,23.097131896434433,1,orig
35.0,0.0,35.0,0.0,0.0,35.0,100.0,0.0,0.0,35.96102375976373,1,orig
0.0,0.0,0.0,0.0,35.0,0.0,0.0,0.0,0.0,1.700333738494873,0,orig
0.0,0.0,0.0,0.0,35.0,0.0,35.0,35.0,0.0,12.434487300027733,0,gen
35.0,0.0,35.0,35.0,0.0,0.0,70.0,0.0,0.0,29.46785555660794,1,orig
0.0,0.0,0.0,0.0,0.0,0.0,0.0,0.0,0.0,0.0,0,orig
35.0,0.0,35.0,0.0,0.0,35.0,100.0,0.0,0.0,35.96102375976373,1,orig
35.0,0.0,35.0,0.0,0.0,35.0,35.0,0.0,0.0,24.129679819441506,1,orig
0.0,0.0,0.0,0.0,70.0,0.0,70.0,70.0,0.0,24.868974600055466,1,gen
70.0,0.0,70.0,0.0,35.0,0.0,100.0,35.0,35.0,54.246181898604725,1,orig
0.0,0.0,35.0,0.0,70.0,35.0,0.0,0.0,0.0,14.665499775493412,1,gen
70.0,0.0,70.0,0.0,35.0,0.0,100.0,35.0,35.0,54.246181898604725,1,orig
35.0,0.0,35.0,35.0,0.0,0.0,70.0,0.0,0.0,29.46785555660794,1,orig
0.0,0.0,0.0,0.0,35.0,0.0,0.0,0.0,0.0,1.700333738494873,0,gen
0.0,0.0,0.0,0.0,0.0,0.0,0.0,0.0,0.0,0.0,0,gen
0.0,0.0,0.0,0.0,35.0,0.0,0.0,0.0,0.0,1.700333738494873,0,orig
0.0,0.0,0.0,0.0,0.0,0.0,0.0,0.0,35.0,1.2000433328717155,0,gen
35.0,0.0,0.0,0.0,0.0,0.0,0.0,0.0,0.0,6.494123860764333,0,gen
70.0,0.0,35.0,0.0,70.0,0.0,100.0,70.0,35.0,52.41391573653176,1,gen
35.0,0.0,35.0,0.0,0.0,35.0,100.0,0.0,0.0,35.96102375976373,1,orig
0.0,0.0,0.0,0.0,35.0,0.0,0.0,0.0,0.0,1.700333738494873,0,orig
35.0,0.0,35.0,0.0,70.0,35.0,0.0,0.0,0.0,21.159623636257745,1,gen
35.0,0.0,0.0,0.0,35.0,0.0,0.0,0.0,35.0,9.39450093213092,0,gen
0.0,0.0,0.0,0.0,0.0,0.0,0.0,0.0,0.0,0.0,0,gen
0.0,0.0,0.0,0.0,35.0,0.0,0.0,0.0,0.0,1.700333738494873,0,gen
0.0,0.0,35.0,0.0,70.0,35.0,0.0,0.0,0.0,14.665499775493412,1,gen
0.0,0.0,0.0,0.0,0.0,0.0,0.0,0.0,0.0,0.0,0,gen
70.0,70.0,35.0,100.0,0.0,0.0,0.0,35.0,35.0,35.66328109355438,1,orig
0.0,0.0,0.0,0.0,0.0,0.0,0.0,0.0,35.0,1.2000433328717155,0,orig
70.0,0.0,0.0,0.0,70.0,0.0,35.0,0.0,0.0,22.759638858691915,1,gen
70.0,70.0,35.0,100.0,0.0,0.0,0.0,35.0,35.0,35.66328109355438,1,orig
0.0,0.0,0.0,0.0,0.0,0.0,0.0,0.0,0.0,0.0,0,orig
0.0,0.0,0.0,0.0,0.0,35.0,0.0,0.0,0.0,3.3688024965764733,0,orig
35.0,0.0,35.0,35.0,0.0,0.0,0.0,0.0,0.0,16.72640823626093,1,gen
35.0,0.0,0.0,0.0,35.0,0.0,0.0,0.0,35.0,9.39450093213092,0,orig
0.0,0.0,0.0,0.0,0.0,0.0,0.0,0.0,0.0,0.0,0,gen
70.0,0.0,35.0,0.0,35.0,70.0,70.0,35.0,0.0,46.42709347681004,1,orig
70.0,0.0,35.0,0.0,70.0,0.0,35.0,35.0,35.0,36.21914189485018,1,gen
70.0,0.0,70.0,0.0,70.0,0.0,100.0,35.0,35.0,55.946515637099594,1,gen
0.0,0.0,0.0,0.0,0.0,0.0,0.0,0.0,35.0,1.2000433328717155,0,orig
35.0,0.0,0.0,0.0,0.0,0.0,0.0,0.0,0.0,6.494123860764333,0,gen
0.0,0.0,0.0,0.0,35.0,0.0,35.0,0.0,0.0,8.071057398668378,0,gen
0.0,0.0,0.0,0.0,0.0,0.0,0.0,0.0,0.0,0.0,0,gen
0.0,0.0,0.0,0.0,35.0,0.0,0.0,0.0,0.0,1.700333738494873,0,gen
0.0,0.0,0.0,0.0,35.0,0.0,0.0,0.0,0.0,1.700333738494873,0,gen
35.0,0.0,35.0,0.0,0.0,35.0,100.0,0.0,0.0,35.96102375976373,1,orig
70.0,70.0,35.0,100.0,0.0,0.0,0.0,35.0,35.0,35.66328109355438,1,orig
70.0,35.0,0.0,100.0,0.0,0.0,0.0,35.0,35.0,26.49699265736404,1,gen
0.0,0.0,0.0,0.0,0.0,0.0,0.0,0.0,0.0,0.0,0,orig
35.0,0.0,35.0,35.0,0.0,0.0,35.0,0.0,0.0,23.097131896434433,1,orig
70.0,70.0,35.0,100.0,0.0,0.0,0.0,35.0,35.0,35.66328109355438,1,orig
0.0,0.0,35.0,35.0,0.0,0.0,0.0,0.0,0.0,10.232284375496599,1,gen
70.0,0.0,35.0,0.0,70.0,0.0,35.0,35.0,35.0,36.21914189485018,1,gen
35.0,0.0,35.0,35.0,0.0,0.0,70.0,0.0,0.0,29.46785555660794,1,orig
35.0,0.0,35.0,35.0,70.0,0.0,35.0,0.0,0.0,26.49779937342418,1,gen
70.0,0.0,0.0,0.0,70.0,0.0,35.0,0.0,0.0,22.759638858691915,1,gen
0.0,0.0,0.0,0.0,0.0,0.0,0.0,0.0,0.0,0.0,0,gen
35.0,0.0,0.0,0.0,35.0,0.0,0.0,0.0,35.0,9.39450093213092,0,gen
0.0,0.0,0.0,0.0,0.0,35.0,0.0,0.0,0.0,3.3688024965764733,0,gen
35.0,0.0,0.0,0.0,0.0,0.0,0.0,0.0,0.0,6.494123860764333,0,orig
35.0,0.0,35.0,0.0,70.0,35.0,70.0,0.0,0.0,33.901070956604755,1,gen
35.0,0.0,35.0,0.0,0.0,35.0,0.0,0.0,0.0,17.758956159268,1,orig
35.0,0.0,35.0,0.0,0.0,35.0,100.0,0.0,0.0,35.96102375976373,1,orig
0.0,0.0,0.0,0.0,0.0,0.0,0.0,0.0,0.0,0.0,0,gen
70.0,0.0,70.0,0.0,35.0,0.0,100.0,35.0,35.0,54.246181898604725,1,orig
0.0,0.0,0.0,0.0,35.0,0.0,0.0,0.0,0.0,1.700333738494873,0,orig
0.0,0.0,0.0,0.0,0.0,0.0,0.0,0.0,35.0,1.2000433328717155,0,orig
35.0,0.0,35.0,35.0,0.0,0.0,70.0,0.0,0.0,29.46785555660794,1,orig
70.0,0.0,35.0,0.0,70.0,0.0,35.0,0.0,0.0,30.655668660619114,1,gen
0.0,0.0,0.0,0.0,35.0,0.0,0.0,0.0,0.0,1.700333738494873,0,gen
0.0,0.0,0.0,0.0,0.0,35.0,0.0,0.0,0.0,3.3688024965764733,0,gen
0.0,0.0,35.0,0.0,0.0,35.0,70.0,35.0,35.0,29.56975285308175,1,orig
35.0,0.0,35.0,35.0,0.0,0.0,35.0,0.0,0.0,23.097131896434433,1,orig
0.0,0.0,0.0,0.0,0.0,35.0,0.0,0.0,0.0,3.3688024965764733,0,orig
35.0,0.0,35.0,0.0,0.0,35.0,70.0,0.0,0.0,30.50040347961501,1,orig
70.0,0.0,35.0,0.0,35.0,70.0,70.0,35.0,0.0,46.42709347681004,1,orig
0.0,0.0,0.0,0.0,35.0,0.0,0.0,0.0,0.0,1.700333738494873,0,gen
70.0,0.0,70.0,0.0,35.0,0.0,100.0,35.0,35.0,54.246181898604725,1,orig
0.0,0.0,0.0,0.0,0.0,0.0,0.0,0.0,0.0,0.0,0,orig
0.0,0.0,35.0,0.0,0.0,35.0,70.0,35.0,35.0,29.56975285308175,1,orig
0.0,0.0,35.0,0.0,0.0,35.0,70.0,35.0,35.0,29.56975285308175,1,orig
35.0,70.0,0.0,100.0,70.0,0.0,0.0,70.0,35.0,29.037224809211956,1,gen
0.0,0.0,0.0,0.0,35.0,0.0,35.0,0.0,0.0,8.071057398668378,0,gen
0.0,0.0,0.0,0.0,0.0,0.0,0.0,0.0,35.0,1.2000433328717155,0,orig
35.0,0.0,0.0,35.0,0.0,0.0,0.0,0.0,0.0,8.830378434333737,1,gen
0.0,0.0,0.0,0.0,0.0,35.0,0.0,0.0,0.0,3.3688024965764733,0,orig
0.0,0.0,0.0,0.0,0.0,0.0,0.0,0.0,35.0,1.2000433328717155,0,orig
35.0,70.0,35.0,100.0,0.0,0.0,0.0,35.0,35.0,29.169157232790045,1,gen
0.0,0.0,0.0,0.0,0.0,0.0,0.0,0.0,35.0,1.2000433328717155,0,orig
35.0,70.0,0.0,100.0,70.0,0.0,0.0,70.0,35.0,29.037224809211956,1,gen
70.0,0.0,35.0,0.0,0.0,0.0,70.0,0.0,0.0,33.62572484380287,1,orig
0.0,0.0,0.0,0.0,0.0,35.0,0.0,0.0,0.0,3.3688024965764733,0,gen
35.0,0.0,0.0,0.0,70.0,35.0,35.0,35.0,0.0,23.997747395863414,1,gen
70.0,0.0,35.0,0.0,0.0,0.0,70.0,0.0,0.0,33.62572484380287,1,orig
0.0,0.0,0.0,0.0,0.0,0.0,0.0,0.0,35.0,1.2000433328717155,0,orig
70.0,0.0,0.0,0.0,70.0,0.0,70.0,35.0,35.0,34.693835753096494,1,gen
35.0,70.0,0.0,100.0,70.0,0.0,0.0,35.0,35.0,24.6737949078526,1,gen
0.0,0.0,0.0,0.0,35.0,0.0,35.0,35.0,0.0,12.434487300027733,0,gen
70.0,70.0,0.0,100.0,70.0,0.0,0.0,70.0,35.0,35.53134866997629,1,gen
0.0,0.0,0.0,0.0,35.0,0.0,0.0,0.0,0.0,1.700333738494873,0,orig
0.0,0.0,0.0,0.0,35.0,0.0,35.0,0.0,0.0,8.071057398668378,0,gen
35.0,0.0,0.0,0.0,35.0,0.0,0.0,0.0,35.0,9.39450093213092,0,orig
0.0,0.0,0.0,0.0,0.0,0.0,0.0,0.0,35.0,1.2000433328717155,0,orig
35.0,0.0,35.0,35.0,0.0,0.0,35.0,0.0,0.0,23.097131896434433,1,orig
0.0,0.0,0.0,0.0,0.0,35.0,0.0,0.0,0.0,3.3688024965764733,0,gen
0.0,0.0,0.0,0.0,0.0,0.0,0.0,0.0,0.0,0.0,0,orig
0.0,0.0,0.0,0.0,35.0,0.0,35.0,0.0,0.0,8.071057398668378,0,gen
35.0,0.0,35.0,35.0,0.0,0.0,35.0,0.0,0.0,23.097131896434433,1,gen
0.0,0.0,0.0,0.0,0.0,35.0,0.0,0.0,0.0,3.3688024965764733,0,gen
0.0,0.0,0.0,0.0,35.0,0.0,0.0,0.0,0.0,1.700333738494873,0,gen
0.0,0.0,0.0,0.0,0.0,0.0,0.0,0.0,0.0,0.0,0,gen
70.0,0.0,70.0,0.0,70.0,0.0,100.0,35.0,35.0,55.946515637099594,1,gen
0.0,0.0,0.0,0.0,0.0,35.0,0.0,0.0,0.0,3.3688024965764733,0,orig
0.0,0.0,0.0,0.0,35.0,0.0,0.0,0.0,0.0,1.700333738494873,0,gen
70.0,0.0,35.0,0.0,35.0,70.0,70.0,35.0,0.0,46.42709347681004,1,orig
0.0,0.0,0.0,0.0,35.0,0.0,0.0,0.0,0.0,1.700333738494873,0,gen
70.0,70.0,35.0,100.0,0.0,0.0,0.0,35.0,35.0,35.66328109355438,1,orig
0.0,0.0,0.0,0.0,35.0,0.0,0.0,0.0,0.0,1.700333738494873,0,gen
0.0,0.0,0.0,0.0,0.0,0.0,0.0,0.0,0.0,0.0,0,orig
0.0,0.0,0.0,0.0,0.0,0.0,0.0,0.0,0.0,0.0,0,orig
70.0,0.0,35.0,0.0,70.0,0.0,70.0,0.0,0.0,37.02639232079262,1,gen
0.0,0.0,0.0,0.0,0.0,0.0,0.0,0.0,0.0,0.0,0,gen
0.0,0.0,0.0,0.0,35.0,0.0,0.0,0.0,0.0,1.700333738494873,0,gen
35.0,0.0,35.0,35.0,0.0,0.0,35.0,0.0,0.0,23.097131896434433,1,orig
0.0,0.0,0.0,0.0,0.0,0.0,0.0,0.0,0.0,0.0,0,orig
0.0,0.0,35.0,0.0,70.0,35.0,35.0,0.0,0.0,21.03622343566692,1,gen
0.0,0.0,0.0,0.0,35.0,0.0,35.0,0.0,0.0,8.071057398668378,0,gen
35.0,0.0,35.0,0.0,0.0,35.0,100.0,0.0,0.0,35.96102375976373,1,orig
70.0,0.0,35.0,0.0,70.0,0.0,35.0,0.0,0.0,30.655668660619114,1,gen
70.0,0.0,35.0,0.0,0.0,0.0,70.0,0.0,0.0,33.62572484380287,1,orig
0.0,0.0,0.0,0.0,0.0,35.0,0.0,0.0,0.0,3.3688024965764733,0,gen
35.0,0.0,0.0,0.0,35.0,0.0,0.0,0.0,35.0,9.39450093213092,0,orig
35.0,0.0,35.0,0.0,0.0,35.0,35.0,0.0,0.0,24.129679819441506,1,orig
70.0,0.0,35.0,0.0,0.0,0.0,35.0,0.0,0.0,27.255001183629368,1,orig
35.0,0.0,35.0,35.0,70.0,0.0,35.0,0.0,0.0,26.49779937342418,1,gen
35.0,0.0,0.0,35.0,70.0,0.0,35.0,0.0,0.0,18.601769571496988,1,gen
0.0,0.0,0.0,0.0,35.0,0.0,35.0,0.0,0.0,8.071057398668378,0,gen
70.0,0.0,35.0,0.0,35.0,0.0,35.0,35.0,35.0,34.518808156355306,1,gen
0.0,0.0,0.0,0.0,35.0,0.0,0.0,0.0,0.0,1.700333738494873,0,orig
0.0,0.0,35.0,0.0,70.0,35.0,0.0,0.0,0.0,14.665499775493412,1,gen
35.0,0.0,0.0,0.0,35.0,0.0,0.0,0.0,35.0,9.39450093213092,0,orig
35.0,0.0,35.0,0.0,70.0,35.0,0.0,0.0,0.0,21.159623636257745,1,gen
35.0,70.0,0.0,100.0,70.0,0.0,0.0,35.0,35.0,24.6737949078526,1,gen
35.0,0.0,35.0,35.0,0.0,0.0,35.0,0.0,0.0,23.097131896434433,1,orig
70.0,0.0,0.0,0.0,0.0,35.0,70.0,35.0,0.0,33.461927439811504,1,gen
35.0,0.0,35.0,0.0,70.0,35.0,70.0,0.0,0.0,33.901070956604755,1,gen
0.0,0.0,0.0,0.0,0.0,35.0,0.0,0.0,0.0,3.3688024965764733,0,orig
35.0,0.0,35.0,0.0,0.0,35.0,35.0,0.0,0.0,24.129679819441506,1,orig
35.0,0.0,0.0,0.0,0.0,0.0,0.0,0.0,0.0,6.494123860764333,0,orig
0.0,0.0,0.0,0.0,35.0,0.0,0.0,0.0,0.0,1.700333738494873,0,gen
35.0,0.0,35.0,35.0,0.0,0.0,70.0,0.0,0.0,29.46785555660794,1,orig
0.0,0.0,0.0,0.0,0.0,0.0,0.0,0.0,0.0,0.0,0,orig
35.0,35.0,0.0,100.0,70.0,0.0,0.0,35.0,35.0,23.403536273589452,1,gen
0.0,0.0,35.0,0.0,70.0,35.0,70.0,35.0,35.0,32.9704203300715,1,gen
0.0,0.0,0.0,0.0,0.0,35.0,70.0,70.0,35.0,26.03715295251391,1,gen
35.0,0.0,35.0,0.0,0.0,35.0,100.0,0.0,0.0,35.96102375976373,1,orig
35.0,0.0,0.0,0.0,0.0,0.0,0.0,0.0,0.0,6.494123860764333,0,orig
0.0,0.0,0.0,0.0,0.0,0.0,0.0,0.0,0.0,0.0,0,gen
35.0,0.0,0.0,0.0,35.0,0.0,0.0,0.0,35.0,9.39450093213092,0,gen
70.0,0.0,70.0,0.0,35.0,0.0,100.0,35.0,35.0,54.246181898604725,1,orig
35.0,0.0,0.0,0.0,35.0,0.0,0.0,0.0,35.0,9.39450093213092,0,gen
0.0,0.0,0.0,0.0,35.0,0.0,0.0,0.0,0.0,1.700333738494873,0,gen
0.0,0.0,0.0,0.0,0.0,35.0,0.0,0.0,0.0,3.3688024965764733,0,orig
35.0,0.0,0.0,0.0,0.0,0.0,0.0,0.0,0.0,6.494123860764333,0,gen
35.0,0.0,35.0,0.0,0.0,35.0,0.0,0.0,0.0,17.758956159268,1,orig
0.0,0.0,0.0,0.0,35.0,0.0,35.0,0.0,0.0,8.071057398668378,0,gen
35.0,0.0,0.0,0.0,0.0,0.0,0.0,0.0,0.0,6.494123860764333,0,orig
70.0,70.0,35.0,100.0,0.0,0.0,0.0,35.0,35.0,35.66328109355438,1,orig
35.0,0.0,0.0,0.0,0.0,0.0,0.0,0.0,0.0,6.494123860764333,0,orig
0.0,0.0,35.0,0.0,70.0,35.0,70.0,35.0,35.0,32.9704203300715,1,gen
0.0,0.0,35.0,0.0,0.0,35.0,0.0,0.0,0.0,11.264832298503668,1,gen
0.0,0.0,0.0,0.0,0.0,0.0,0.0,0.0,0.0,0.0,0,gen
0.0,0.0,0.0,0.0,35.0,0.0,0.0,0.0,0.0,1.700333738494873,0,gen
35.0,0.0,0.0,0.0,35.0,0.0,0.0,0.0,35.0,9.39450093213092,0,gen
35.0,0.0,35.0,0.0,70.0,35.0,100.0,0.0,0.0,39.36169123675347,1,gen
0.0,0.0,0.0,0.0,35.0,0.0,0.0,0.0,0.0,1.700333738494873,0,gen
35.0,0.0,0.0,0.0,0.0,0.0,0.0,0.0,0.0,6.494123860764333,0,orig
70.0,0.0,35.0,0.0,35.0,70.0,70.0,35.0,0.0,46.42709347681004,1,orig
0.0,0.0,35.0,0.0,0.0,35.0,70.0,35.0,35.0,29.56975285308175,1,orig
0.0,0.0,0.0,0.0,35.0,0.0,0.0,0.0,0.0,1.700333738494873,0,orig
0.0,0.0,0.0,0.0,35.0,0.0,0.0,0.0,0.0,1.700333738494873,0,orig
0.0,0.0,0.0,0.0,35.0,0.0,0.0,0.0,0.0,1.700333738494873,0,gen
35.0,0.0,0.0,0.0,35.0,0.0,0.0,0.0,35.0,9.39450093213092,0,orig
0.0,0.0,0.0,0.0,35.0,0.0,0.0,0.0,0.0,1.700333738494873,0,gen
70.0,0.0,70.0,0.0,35.0,0.0,100.0,35.0,35.0,54.246181898604725,1,orig
70.0,70.0,35.0,100.0,0.0,0.0,0.0,35.0,35.0,35.66328109355438,1,orig
0.0,0.0,0.0,0.0,0.0,0.0,0.0,0.0,0.0,0.0,0,orig
0.0,0.0,35.0,0.0,70.0,35.0,0.0,0.0,0.0,14.665499775493412,1,gen
0.0,0.0,0.0,0.0,0.0,0.0,0.0,0.0,0.0,0.0,0,gen
0.0,0.0,0.0,0.0,35.0,0.0,0.0,0.0,0.0,1.700333738494873,0,orig
70.0,0.0,35.0,0.0,0.0,0.0,35.0,0.0,0.0,27.255001183629368,1,orig
70.0,0.0,35.0,0.0,70.0,0.0,70.0,35.0,35.0,42.58986555502369,1,gen
70.0,35.0,0.0,100.0,0.0,0.0,0.0,70.0,35.0,30.860422558723393,1,gen
70.0,0.0,70.0,0.0,35.0,0.0,100.0,35.0,35.0,54.246181898604725,1,orig
0.0,0.0,0.0,0.0,0.0,0.0,0.0,0.0,0.0,0.0,0,gen
70.0,0.0,35.0,0.0,70.0,0.0,35.0,0.0,0.0,30.655668660619114,1,gen
0.0,0.0,0.0,0.0,0.0,0.0,0.0,0.0,0.0,0.0,0,gen
35.0,0.0,0.0,0.0,0.0,0.0,0.0,0.0,0.0,6.494123860764333,0,orig
35.0,0.0,35.0,35.0,0.0,0.0,70.0,0.0,0.0,29.46785555660794,1,orig
70.0,0.0,70.0,0.0,70.0,0.0,100.0,35.0,35.0,55.946515637099594,1,gen
0.0,0.0,0.0,0.0,0.0,0.0,0.0,0.0,35.0,1.2000433328717155,0,orig
0.0,0.0,0.0,0.0,0.0,0.0,0.0,0.0,0.0,0.0,0,gen
70.0,0.0,35.0,0.0,0.0,0.0,70.0,0.0,0.0,33.62572484380287,1,orig
0.0,0.0,35.0,0.0,0.0,35.0,70.0,35.0,35.0,29.56975285308175,1,orig
70.0,70.0,35.0,100.0,0.0,0.0,0.0,35.0,35.0,35.66328109355438,1,orig
35.0,0.0,0.0,0.0,0.0,0.0,0.0,0.0,0.0,6.494123860764333,0,gen
0.0,0.0,0.0,0.0,35.0,0.0,0.0,0.0,0.0,1.700333738494873,0,gen
0.0,0.0,0.0,0.0,0.0,0.0,0.0,0.0,35.0,1.2000433328717155,0,orig
70.0,0.0,35.0,0.0,70.0,0.0,35.0,0.0,0.0,30.655668660619114,1,gen
0.0,0.0,0.0,0.0,0.0,35.0,0.0,0.0,0.0,3.3688024965764733,0,orig
70.0,70.0,0.0,100.0,70.0,0.0,0.0,70.0,35.0,35.53134866997629,1,gen
0.0,0.0,0.0,0.0,35.0,0.0,0.0,0.0,0.0,1.700333738494873,0,orig
35.0,70.0,0.0,100.0,0.0,0.0,0.0,70.0,35.0,25.63655733222221,1,gen
0.0,0.0,0.0,0.0,35.0,0.0,0.0,0.0,0.0,1.700333738494873,0,orig
35.0,0.0,35.0,0.0,0.0,35.0,0.0,0.0,0.0,17.758956159268,1,orig
0.0,0.0,0.0,0.0,0.0,0.0,0.0,0.0,0.0,0.0,0,gen
70.0,0.0,35.0,0.0,0.0,0.0,70.0,0.0,0.0,33.62572484380287,1,orig
35.0,0.0,0.0,0.0,35.0,70.0,70.0,35.0,0.0,32.03693981411852,1,gen
0.0,0.0,0.0,0.0,35.0,0.0,0.0,0.0,0.0,1.700333738494873,0,gen
0.0,0.0,0.0,0.0,35.0,0.0,0.0,0.0,0.0,1.700333738494873,0,gen
70.0,0.0,35.0,0.0,70.0,0.0,35.0,35.0,35.0,36.21914189485018,1,gen
0.0,0.0,0.0,0.0,0.0,0.0,0.0,0.0,0.0,0.0,0,orig
70.0,70.0,0.0,100.0,70.0,0.0,0.0,35.0,35.0,31.167918768616932,1,gen
0.0,0.0,35.0,0.0,70.0,35.0,35.0,0.0,0.0,21.03622343566692,1,gen
0.0,0.0,0.0,0.0,35.0,0.0,0.0,0.0,0.0,1.700333738494873,0,gen
0.0,0.0,0.0,0.0,35.0,0.0,0.0,0.0,0.0,1.700333738494873,0,gen
35.0,0.0,0.0,0.0,0.0,0.0,0.0,0.0,0.0,6.494123860764333,0,orig
0.0,0.0,0.0,0.0,0.0,0.0,0.0,0.0,35.0,1.2000433328717155,0,gen
70.0,0.0,35.0,0.0,35.0,70.0,70.0,35.0,0.0,46.42709347681004,1,orig
0.0,0.0,0.0,0.0,0.0,35.0,0.0,0.0,0.0,3.3688024965764733,0,orig
35.0,0.0,0.0,0.0,0.0,0.0,0.0,0.0,0.0,6.494123860764333,0,orig
0.0,0.0,0.0,0.0,0.0,0.0,0.0,0.0,0.0,0.0,0,orig
35.0,0.0,0.0,0.0,70.0,70.0,35.0,35.0,0.0,27.366549892439885,1,gen
35.0,0.0,35.0,0.0,0.0,35.0,0.0,0.0,0.0,17.758956159268,1,orig
0.0,0.0,0.0,0.0,35.0,0.0,0.0,0.0,0.0,1.700333738494873,0,orig
0.0,0.0,0.0,0.0,35.0,0.0,0.0,0.0,0.0,1.700333738494873,0,gen
0.0,0.0,0.0,0.0,0.0,0.0,0.0,0.0,0.0,0.0,0,orig
70.0,0.0,35.0,0.0,70.0,0.0,70.0,70.0,35.0,46.953295456383046,1,gen
70.0,0.0,0.0,0.0,35.0,0.0,70.0,35.0,35.0,32.993502014601624,1,gen
0.0,0.0,0.0,0.0,35.0,0.0,0.0,0.0,0.0,1.700333738494873,0,orig
0.0,0.0,0.0,0.0,0.0,0.0,0.0,0.0,0.0,0.0,0,orig
35.0,0.0,35.0,0.0,0.0,35.0,0.0,0.0,0.0,17.758956159268,1,orig
0.0,0.0,0.0,0.0,35.0,0.0,35.0,0.0,0.0,8.071057398668378,0,gen
70.0,0.0,70.0,0.0,35.0,0.0,100.0,35.0,35.0,54.246181898604725,1,orig
0.0,0.0,0.0,0.0,0.0,35.0,0.0,0.0,0.0,3.3688024965764733,0,orig
70.0,0.0,70.0,0.0,35.0,0.0,100.0,35.0,35.0,54.246181898604725,1,orig
35.0,0.0,0.0,0.0,70.0,35.0,35.0,70.0,0.0,28.361177297222767,1,gen
0.0,0.0,0.0,0.0,0.0,0.0,0.0,0.0,0.0,0.0,0,gen
70.0,0.0,70.0,0.0,70.0,0.0,100.0,35.0,35.0,55.946515637099594,1,gen
35.0,0.0,35.0,0.0,0.0,35.0,35.0,0.0,0.0,24.129679819441506,1,orig
0.0,0.0,0.0,0.0,35.0,0.0,0.0,0.0,0.0,1.700333738494873,0,gen
0.0,0.0,35.0,0.0,0.0,35.0,0.0,0.0,0.0,11.264832298503668,1,gen
0.0,0.0,0.0,0.0,0.0,0.0,0.0,0.0,0.0,0.0,0,orig
0.0,0.0,0.0,0.0,0.0,0.0,0.0,0.0,0.0,0.0,0,orig
70.0,0.0,70.0,0.0,35.0,0.0,100.0,35.0,35.0,54.246181898604725,1,orig
35.0,0.0,35.0,0.0,0.0,35.0,0.0,0.0,0.0,17.758956159268,1,orig
35.0,0.0,35.0,0.0,70.0,35.0,0.0,0.0,0.0,21.159623636257745,1,gen
0.0,0.0,0.0,0.0,0.0,0.0,0.0,0.0,0.0,0.0,0,orig
70.0,0.0,35.0,0.0,0.0,0.0,70.0,35.0,35.0,39.18919807803394,1,gen
0.0,0.0,0.0,0.0,35.0,0.0,0.0,0.0,0.0,1.700333738494873,0,orig
35.0,0.0,35.0,0.0,0.0,35.0,0.0,0.0,0.0,17.758956159268,1,orig
0.0,0.0,35.0,35.0,70.0,0.0,0.0,0.0,0.0,13.632951852486345,1,gen
0.0,0.0,0.0,0.0,70.0,35.0,0.0,0.0,0.0,6.769469973566219,1,gen
0.0,0.0,0.0,0.0,0.0,0.0,0.0,0.0,0.0,0.0,0,gen
70.0,0.0,70.0,0.0,35.0,0.0,100.0,35.0,35.0,54.246181898604725,1,orig
35.0,0.0,0.0,0.0,0.0,0.0,0.0,0.0,0.0,6.494123860764333,0,orig
0.0,0.0,0.0,0.0,0.0,35.0,0.0,0.0,0.0,3.3688024965764733,1,gen
0.0,0.0,0.0,0.0,35.0,0.0,0.0,0.0,0.0,1.700333738494873,0,gen
0.0,0.0,0.0,0.0,35.0,0.0,0.0,0.0,0.0,1.700333738494873,0,orig
0.0,0.0,0.0,0.0,0.0,0.0,0.0,0.0,35.0,1.2000433328717155,0,gen
35.0,0.0,0.0,0.0,0.0,0.0,0.0,0.0,0.0,6.494123860764333,0,gen
0.0,0.0,0.0,0.0,0.0,0.0,70.0,35.0,0.0,17.104877221706367,1,gen
0.0,0.0,0.0,0.0,0.0,0.0,0.0,0.0,0.0,0.0,0,orig
35.0,0.0,35.0,0.0,0.0,35.0,0.0,0.0,0.0,17.758956159268,1,orig
35.0,0.0,35.0,0.0,0.0,35.0,35.0,0.0,0.0,24.129679819441506,1,orig
70.0,0.0,35.0,0.0,35.0,70.0,70.0,35.0,0.0,46.42709347681004,1,orig
0.0,0.0,0.0,0.0,0.0,35.0,0.0,0.0,0.0,3.3688024965764733,0,orig
35.0,0.0,35.0,35.0,70.0,0.0,70.0,0.0,0.0,32.86852303359768,1,gen
35.0,0.0,0.0,0.0,0.0,0.0,0.0,0.0,0.0,6.494123860764333,0,gen
0.0,0.0,0.0,0.0,0.0,0.0,0.0,0.0,0.0,0.0,0,gen
70.0,0.0,35.0,0.0,70.0,0.0,0.0,0.0,0.0,24.284945000445607,1,gen
0.0,0.0,0.0,0.0,35.0,0.0,0.0,0.0,0.0,1.700333738494873,0,gen
0.0,0.0,0.0,0.0,35.0,0.0,0.0,0.0,0.0,1.700333738494873,0,gen
35.0,0.0,0.0,0.0,35.0,0.0,0.0,0.0,35.0,9.39450093213092,0,orig
0.0,0.0,0.0,0.0,0.0,0.0,0.0,0.0,0.0,0.0,0,orig
0.0,0.0,0.0,0.0,0.0,0.0,0.0,0.0,0.0,0.0,0,gen
0.0,0.0,0.0,0.0,70.0,0.0,35.0,70.0,0.0,18.498250939881963,1,gen
0.0,0.0,0.0,0.0,35.0,0.0,0.0,0.0,0.0,1.700333738494873,0,orig
0.0,0.0,0.0,0.0,35.0,0.0,0.0,0.0,0.0,1.700333738494873,0,gen
35.0,0.0,35.0,0.0,0.0,35.0,70.0,0.0,0.0,30.50040347961501,1,gen
0.0,0.0,0.0,0.0,35.0,0.0,35.0,0.0,0.0,8.071057398668378,0,gen
35.0,0.0,0.0,0.0,0.0,0.0,0.0,0.0,0.0,6.494123860764333,0,orig
0.0,0.0,0.0,0.0,35.0,0.0,0.0,0.0,0.0,1.700333738494873,0,gen
0.0,0.0,35.0,0.0,0.0,35.0,0.0,0.0,0.0,11.264832298503668,1,gen
35.0,0.0,0.0,0.0,0.0,0.0,0.0,0.0,0.0,6.494123860764333,0,orig
0.0,0.0,35.0,35.0,70.0,0.0,35.0,0.0,0.0,20.00367551265985,1,gen
0.0,0.0,35.0,0.0,70.0,35.0,0.0,0.0,0.0,14.665499775493412,1,gen
35.0,0.0,35.0,35.0,70.0,0.0,35.0,0.0,0.0,26.49779937342418,1,gen
0.0,0.0,35.0,0.0,70.0,35.0,35.0,0.0,0.0,21.03622343566692,1,gen
0.0,0.0,0.0,0.0,0.0,0.0,0.0,0.0,0.0,0.0,0,gen
35.0,0.0,0.0,0.0,35.0,0.0,0.0,0.0,35.0,9.39450093213092,0,gen
35.0,0.0,0.0,0.0,70.0,0.0,70.0,70.0,0.0,31.3630984608198,1,gen
35.0,70.0,0.0,100.0,70.0,0.0,0.0,70.0,35.0,29.037224809211956,1,gen
0.0,0.0,0.0,0.0,35.0,0.0,0.0,0.0,0.0,1.700333738494873,0,orig
0.0,0.0,0.0,0.0,0.0,0.0,0.0,0.0,0.0,0.0,0,orig
0.0,0.0,0.0,0.0,35.0,0.0,0.0,0.0,0.0,1.700333738494873,0,gen
0.0,0.0,0.0,0.0,70.0,35.0,0.0,0.0,0.0,6.769469973566219,1,gen
35.0,0.0,35.0,35.0,0.0,0.0,70.0,0.0,0.0,29.46785555660794,1,orig
0.0,0.0,35.0,0.0,0.0,35.0,70.0,35.0,35.0,29.56975285308175,1,orig
0.0,0.0,0.0,0.0,0.0,0.0,0.0,0.0,35.0,1.2000433328717155,0,orig
70.0,0.0,70.0,0.0,35.0,0.0,100.0,35.0,35.0,54.246181898604725,1,orig
70.0,70.0,35.0,100.0,0.0,0.0,0.0,35.0,35.0,35.66328109355438,1,orig
0.0,0.0,35.0,0.0,0.0,35.0,70.0,35.0,35.0,29.56975285308175,1,orig
0.0,0.0,35.0,0.0,0.0,35.0,70.0,35.0,35.0,29.56975285308175,1,orig
70.0,0.0,35.0,0.0,0.0,0.0,35.0,0.0,0.0,27.255001183629368,1,orig
70.0,0.0,35.0,0.0,70.0,70.0,70.0,35.0,0.0,48.12742721530492,1,gen
0.0,0.0,0.0,0.0,0.0,35.0,0.0,0.0,0.0,3.3688024965764733,0,orig
35.0,0.0,0.0,0.0,0.0,0.0,0.0,0.0,0.0,6.494123860764333,0,orig
70.0,0.0,70.0,0.0,35.0,0.0,100.0,35.0,35.0,54.246181898604725,1,orig
70.0,0.0,70.0,0.0,35.0,0.0,100.0,35.0,35.0,54.246181898604725,1,orig
0.0,0.0,0.0,0.0,35.0,0.0,35.0,0.0,0.0,8.071057398668378,0,gen
35.0,0.0,35.0,35.0,0.0,0.0,70.0,0.0,0.0,29.46785555660794,1,orig
0.0,0.0,0.0,0.0,0.0,0.0,0.0,0.0,35.0,1.2000433328717155,0,gen
35.0,0.0,0.0,0.0,35.0,0.0,0.0,0.0,35.0,9.39450093213092,0,gen
0.0,0.0,0.0,0.0,0.0,0.0,0.0,0.0,0.0,0.0,0,orig
35.0,0.0,35.0,0.0,0.0,35.0,70.0,0.0,0.0,30.50040347961501,1,orig
70.0,0.0,70.0,0.0,35.0,0.0,100.0,35.0,35.0,54.246181898604725,1,orig
70.0,70.0,0.0,100.0,0.0,0.0,0.0,70.0,35.0,32.13068119298654,1,gen
0.0,0.0,0.0,0.0,35.0,0.0,0.0,0.0,0.0,1.700333738494873,0,orig
35.0,0.0,35.0,0.0,0.0,35.0,100.0,0.0,0.0,35.96102375976373,1,orig
35.0,0.0,35.0,0.0,0.0,35.0,35.0,0.0,0.0,24.129679819441506,1,orig
0.0,0.0,0.0,0.0,35.0,0.0,0.0,0.0,0.0,1.700333738494873,0,gen
35.0,0.0,35.0,0.0,0.0,35.0,0.0,0.0,0.0,17.758956159268,1,orig
0.0,0.0,0.0,0.0,0.0,0.0,0.0,0.0,0.0,0.0,0,gen
70.0,70.0,35.0,100.0,0.0,0.0,0.0,35.0,35.0,35.66328109355438,1,orig
0.0,0.0,0.0,0.0,0.0,0.0,0.0,0.0,35.0,1.2000433328717155,0,gen
0.0,0.0,0.0,0.0,0.0,0.0,0.0,0.0,0.0,0.0,0,gen
35.0,0.0,0.0,0.0,0.0,0.0,0.0,0.0,0.0,6.494123860764333,0,gen
0.0,0.0,0.0,0.0,0.0,0.0,0.0,0.0,0.0,0.0,0,gen
0.0,0.0,0.0,0.0,0.0,35.0,0.0,0.0,0.0,3.3688024965764733,0,gen
0.0,0.0,0.0,0.0,35.0,0.0,0.0,0.0,0.0,1.700333738494873,0,gen
0.0,0.0,0.0,0.0,35.0,0.0,0.0,0.0,0.0,1.700333738494873,0,gen
35.0,0.0,35.0,35.0,70.0,0.0,35.0,0.0,0.0,26.49779937342418,1,gen
70.0,0.0,35.0,0.0,35.0,70.0,70.0,35.0,0.0,46.42709347681004,1,orig
0.0,0.0,35.0,0.0,0.0,35.0,70.0,35.0,35.0,29.56975285308175,1,orig
70.0,70.0,35.0,100.0,0.0,0.0,0.0,35.0,35.0,35.66328109355438,1,orig
0.0,0.0,0.0,0.0,0.0,0.0,0.0,0.0,0.0,0.0,0,orig
70.0,70.0,35.0,100.0,0.0,0.0,0.0,35.0,35.0,35.66328109355438,1,orig
35.0,0.0,35.0,0.0,0.0,35.0,100.0,0.0,0.0,35.96102375976373,1,orig
0.0,0.0,35.0,35.0,70.0,0.0,35.0,0.0,0.0,20.00367551265985,1,gen
35.0,0.0,0.0,0.0,35.0,0.0,0.0,0.0,35.0,9.39450093213092,0,orig
0.0,0.0,0.0,0.0,35.0,0.0,0.0,0.0,0.0,1.700333738494873,0,orig
35.0,0.0,0.0,0.0,35.0,0.0,0.0,0.0,35.0,9.39450093213092,0,orig
0.0,0.0,0.0,0.0,0.0,0.0,0.0,0.0,35.0,1.2000433328717155,0,gen
35.0,0.0,35.0,0.0,0.0,35.0,70.0,0.0,0.0,30.50040347961501,1,orig
35.0,70.0,35.0,100.0,70.0,0.0,0.0,35.0,35.0,32.569824709779795,1,gen
70.0,70.0,35.0,100.0,0.0,0.0,0.0,35.0,35.0,35.66328109355438,1,orig
0.0,0.0,0.0,0.0,35.0,0.0,0.0,0.0,0.0,1.700333738494873,0,orig
0.0,0.0,0.0,0.0,0.0,0.0,0.0,0.0,0.0,0.0,0,gen
35.0,0.0,0.0,0.0,35.0,0.0,0.0,0.0,35.0,9.39450093213092,0,orig
70.0,0.0,35.0,0.0,70.0,0.0,70.0,35.0,35.0,42.58986555502369,1,gen
70.0,0.0,0.0,0.0,70.0,0.0,0.0,0.0,0.0,16.38891519851841,1,gen
0.0,0.0,0.0,0.0,35.0,0.0,0.0,0.0,0.0,1.700333738494873,0,gen
70.0,0.0,0.0,0.0,70.0,0.0,35.0,0.0,0.0,22.759638858691915,1,gen
0.0,0.0,0.0,0.0,35.0,0.0,0.0,0.0,0.0,1.700333738494873,0,gen
70.0,70.0,35.0,100.0,0.0,0.0,0.0,35.0,35.0,35.66328109355438,1,orig
0.0,0.0,0.0,0.0,0.0,0.0,0.0,0.0,35.0,1.2000433328717155,0,gen
35.0,0.0,35.0,0.0,0.0,35.0,35.0,0.0,0.0,24.129679819441506,1,orig
0.0,0.0,0.0,0.0,35.0,0.0,0.0,0.0,0.0,1.700333738494873,0,orig
0.0,0.0,35.0,0.0,0.0,35.0,0.0,0.0,0.0,11.264832298503668,1,gen
0.0,0.0,0.0,0.0,0.0,35.0,0.0,0.0,0.0,3.3688024965764733,0,orig
0.0,0.0,35.0,0.0,70.0,35.0,70.0,35.0,35.0,32.9704203300715,1,gen
0.0,0.0,35.0,0.0,0.0,35.0,0.0,0.0,0.0,11.264832298503668,1,gen
35.0,0.0,0.0,0.0,35.0,0.0,0.0,0.0,35.0,9.39450093213092,0,orig
0.0,0.0,35.0,0.0,0.0,35.0,70.0,35.0,35.0,29.56975285308175,1,orig
70.0,0.0,70.0,0.0,35.0,0.0,100.0,35.0,35.0,54.246181898604725,1,orig
35.0,70.0,35.0,100.0,0.0,0.0,0.0,35.0,35.0,29.169157232790045,1,gen
0.0,0.0,0.0,0.0,0.0,35.0,0.0,0.0,0.0,3.3688024965764733,0,orig
0.0,0.0,0.0,0.0,35.0,0.0,0.0,0.0,0.0,1.700333738494873,0,orig
0.0,0.0,0.0,0.0,35.0,0.0,0.0,0.0,0.0,1.700333738494873,0,gen
0.0,0.0,0.0,0.0,0.0,35.0,0.0,0.0,0.0,3.3688024965764733,0,gen
70.0,70.0,35.0,100.0,0.0,0.0,0.0,35.0,35.0,35.66328109355438,1,orig
35.0,0.0,35.0,0.0,70.0,35.0,0.0,0.0,0.0,21.159623636257745,1,gen
0.0,0.0,0.0,0.0,0.0,35.0,0.0,0.0,0.0,3.3688024965764733,0,orig
0.0,0.0,35.0,0.0,0.0,35.0,70.0,35.0,35.0,29.56975285308175,1,orig
35.0,0.0,0.0,0.0,0.0,0.0,0.0,0.0,0.0,6.494123860764333,0,orig
0.0,0.0,0.0,0.0,0.0,0.0,0.0,0.0,35.0,1.2000433328717155,0,orig
0.0,0.0,35.0,0.0,0.0,35.0,70.0,35.0,35.0,29.56975285308175,1,orig
0.0,0.0,35.0,0.0,70.0,0.0,70.0,35.0,0.0,28.40157450062331,1,gen
35.0,0.0,0.0,0.0,35.0,0.0,0.0,0.0,35.0,9.39450093213092,0,gen
70.0,0.0,70.0,0.0,35.0,0.0,100.0,35.0,35.0,54.246181898604725,1,orig
0.0,0.0,0.0,0.0,0.0,35.0,70.0,35.0,35.0,21.673723051154553,1,gen
70.0,0.0,70.0,0.0,35.0,0.0,100.0,35.0,35.0,54.246181898604725,1,orig
35.0,0.0,0.0,0.0,0.0,0.0,0.0,0.0,0.0,6.494123860764333,0,orig
0.0,0.0,0.0,0.0,70.0,35.0,0.0,0.0,0.0,6.769469973566219,1,gen
0.0,0.0,35.0,0.0,0.0,35.0,70.0,35.0,35.0,29.56975285308175,1,orig
35.0,0.0,35.0,0.0,70.0,35.0,35.0,0.0,0.0,27.530347296431252,1,gen
35.0,0.0,35.0,0.0,0.0,35.0,100.0,0.0,0.0,35.96102375976373,1,orig
0.0,0.0,0.0,0.0,0.0,0.0,0.0,0.0,0.0,0.0,0,gen
35.0,0.0,35.0,0.0,0.0,35.0,35.0,0.0,0.0,24.129679819441506,1,orig
35.0,0.0,35.0,0.0,0.0,35.0,0.0,0.0,0.0,17.758956159268,1,orig
35.0,0.0,35.0,0.0,0.0,35.0,70.0,0.0,0.0,30.50040347961501,1,orig
0.0,0.0,0.0,0.0,0.0,0.0,0.0,0.0,35.0,1.2000433328717155,0,gen
0.0,0.0,0.0,0.0,0.0,0.0,0.0,0.0,0.0,0.0,0,orig
70.0,0.0,35.0,0.0,0.0,35.0,70.0,35.0,0.0,41.3579572417387,1,gen
0.0,0.0,0.0,0.0,0.0,0.0,0.0,0.0,0.0,0.0,0,gen
70.0,0.0,35.0,0.0,0.0,0.0,35.0,0.0,0.0,27.255001183629368,1,orig
35.0,0.0,0.0,0.0,35.0,0.0,0.0,0.0,35.0,9.39450093213092,0,orig
0.0,0.0,0.0,0.0,0.0,0.0,0.0,0.0,35.0,1.2000433328717155,0,gen
35.0,35.0,0.0,100.0,70.0,0.0,0.0,35.0,35.0,23.403536273589452,1,gen
0.0,0.0,0.0,0.0,0.0,0.0,0.0,0.0,0.0,0.0,0,gen
70.0,0.0,35.0,0.0,70.0,0.0,35.0,0.0,0.0,30.655668660619114,1,gen
0.0,0.0,0.0,0.0,35.0,0.0,0.0,0.0,0.0,1.700333738494873,0,gen
70.0,0.0,35.0,0.0,0.0,0.0,0.0,0.0,0.0,20.88427752345586,1,gen
35.0,0.0,0.0,0.0,35.0,0.0,0.0,0.0,35.0,9.39450093213092,0,gen
35.0,0.0,0.0,0.0,35.0,0.0,0.0,0.0,35.0,9.39450093213092,0,orig
35.0,0.0,35.0,0.0,0.0,35.0,0.0,0.0,0.0,17.758956159268,1,orig
0.0,0.0,0.0,0.0,70.0,35.0,35.0,35.0,35.0,18.703666867970796,1,gen
0.0,0.0,0.0,0.0,0.0,35.0,0.0,0.0,0.0,3.3688024965764733,0,orig
35.0,0.0,35.0,0.0,70.0,35.0,0.0,0.0,0.0,21.159623636257745,1,gen
0.0,0.0,0.0,0.0,0.0,0.0,0.0,0.0,0.0,0.0,0,gen
0.0,0.0,0.0,0.0,35.0,0.0,35.0,35.0,0.0,12.434487300027733,0,gen
70.0,0.0,0.0,0.0,70.0,0.0,35.0,0.0,0.0,22.759638858691915,1,gen
0.0,0.0,0.0,0.0,35.0,0.0,0.0,0.0,0.0,1.700333738494873,0,orig
35.0,70.0,35.0,100.0,70.0,0.0,0.0,35.0,35.0,32.569824709779795,1,gen
35.0,0.0,35.0,0.0,0.0,35.0,70.0,0.0,0.0,30.50040347961501,1,orig
35.0,0.0,35.0,0.0,0.0,35.0,0.0,0.0,0.0,17.758956159268,1,orig
70.0,0.0,0.0,0.0,70.0,0.0,35.0,0.0,0.0,22.759638858691915,1,gen
0.0,0.0,35.0,0.0,70.0,35.0,0.0,0.0,0.0,14.665499775493412,1,gen
0.0,0.0,0.0,0.0,35.0,0.0,0.0,0.0,0.0,1.700333738494873,0,gen
0.0,0.0,0.0,0.0,35.0,0.0,0.0,0.0,0.0,1.700333738494873,0,gen
70.0,0.0,0.0,0.0,0.0,0.0,35.0,70.0,0.0,28.085831184420883,1,gen
0.0,0.0,35.0,0.0,70.0,35.0,0.0,0.0,0.0,14.665499775493412,1,gen
0.0,0.0,0.0,0.0,70.0,0.0,35.0,35.0,0.0,14.134821038522606,1,gen
0.0,0.0,0.0,0.0,35.0,0.0,0.0,0.0,0.0,1.700333738494873,0,gen
0.0,0.0,0.0,0.0,0.0,0.0,0.0,0.0,35.0,1.2000433328717155,0,orig
0.0,0.0,0.0,0.0,0.0,0.0,0.0,0.0,0.0,0.0,0,orig
0.0,0.0,0.0,0.0,70.0,0.0,35.0,35.0,0.0,14.134821038522606,1,gen
70.0,0.0,35.0,0.0,35.0,70.0,70.0,35.0,0.0,46.42709347681004,1,orig
70.0,0.0,0.0,0.0,0.0,0.0,35.0,0.0,0.0,19.35897138170217,1,gen
0.0,0.0,0.0,0.0,35.0,0.0,0.0,0.0,0.0,1.700333738494873,0,orig
35.0,0.0,35.0,0.0,0.0,35.0,70.0,0.0,0.0,30.50040347961501,1,orig
35.0,0.0,35.0,0.0,0.0,35.0,0.0,0.0,0.0,17.758956159268,1,gen
0.0,0.0,35.0,0.0,70.0,35.0,0.0,0.0,0.0,14.665499775493412,1,gen
70.0,0.0,35.0,0.0,35.0,70.0,70.0,35.0,0.0,46.42709347681004,1,orig
70.0,0.0,70.0,0.0,35.0,0.0,100.0,35.0,35.0,54.246181898604725,1,orig
70.0,0.0,35.0,0.0,70.0,0.0,35.0,0.0,0.0,30.655668660619114,1,gen
35.0,0.0,35.0,0.0,70.0,35.0,35.0,0.0,0.0,27.530347296431252,1,gen
0.0,0.0,0.0,0.0,35.0,0.0,0.0,0.0,0.0,1.700333738494873,0,gen
70.0,35.0,0.0,100.0,70.0,0.0,0.0,35.0,35.0,29.897660134353785,1,gen
70.0,0.0,35.0,0.0,70.0,0.0,0.0,0.0,0.0,24.284945000445607,1,gen
70.0,70.0,35.0,100.0,70.0,0.0,0.0,35.0,35.0,39.06394857054413,1,gen
0.0,0.0,0.0,0.0,0.0,0.0,70.0,70.0,0.0,21.46830712306572,1,gen
0.0,0.0,35.0,35.0,0.0,0.0,35.0,0.0,0.0,16.603008035670104,1,gen
0.0,0.0,0.0,0.0,35.0,0.0,0.0,0.0,0.0,1.700333738494873,0,gen
35.0,0.0,0.0,0.0,0.0,0.0,0.0,0.0,0.0,6.494123860764333,0,gen
0.0,0.0,0.0,0.0,0.0,35.0,0.0,0.0,0.0,3.3688024965764733,0,gen
35.0,0.0,35.0,0.0,70.0,35.0,0.0,0.0,0.0,21.159623636257745,1,gen
70.0,0.0,70.0,0.0,35.0,0.0,100.0,35.0,35.0,54.246181898604725,1,orig
35.0,0.0,35.0,0.0,0.0,35.0,70.0,0.0,0.0,30.50040347961501,1,orig
35.0,0.0,35.0,0.0,0.0,35.0,100.0,0.0,0.0,35.96102375976373,1,orig
70.0,0.0,35.0,0.0,70.0,70.0,70.0,35.0,0.0,48.12742721530492,1,gen
0.0,0.0,0.0,0.0,35.0,0.0,0.0,0.0,0.0,1.700333738494873,0,gen
0.0,0.0,0.0,0.0,0.0,35.0,0.0,0.0,0.0,3.3688024965764733,0,gen
0.0,0.0,0.0,0.0,0.0,35.0,0.0,0.0,0.0,3.3688024965764733,0,gen
70.0,0.0,70.0,0.0,35.0,0.0,100.0,35.0,35.0,54.246181898604725,1,orig
35.0,0.0,0.0,0.0,70.0,35.0,35.0,70.0,0.0,28.361177297222767,1,gen
35.0,0.0,0.0,0.0,35.0,70.0,35.0,70.0,0.0,30.02964605530437,1,gen
70.0,70.0,0.0,100.0,0.0,0.0,0.0,35.0,35.0,27.767251291627186,1,gen
70.0,0.0,35.0,0.0,0.0,0.0,0.0,0.0,0.0,20.88427752345586,1,gen
0.0,0.0,0.0,0.0,35.0,0.0,0.0,0.0,0.0,1.700333738494873,0,gen
35.0,0.0,0.0,0.0,0.0,0.0,0.0,0.0,0.0,6.494123860764333,0,orig
0.0,0.0,0.0,0.0,0.0,0.0,0.0,0.0,35.0,1.2000433328717155,0,orig
35.0,0.0,0.0,0.0,35.0,0.0,0.0,0.0,35.0,9.39450093213092,0,gen
35.0,0.0,0.0,0.0,0.0,0.0,0.0,0.0,0.0,6.494123860764333,0,gen
70.0,0.0,70.0,0.0,0.0,0.0,100.0,35.0,35.0,52.545848160109855,1,gen
70.0,0.0,70.0,0.0,0.0,0.0,100.0,35.0,35.0,52.545848160109855,1,gen
0.0,0.0,0.0,0.0,0.0,0.0,0.0,0.0,35.0,1.2000433328717155,0,gen
70.0,0.0,35.0,0.0,35.0,70.0,70.0,35.0,0.0,46.42709347681004,1,orig
35.0,0.0,0.0,0.0,35.0,0.0,0.0,0.0,35.0,9.39450093213092,0,orig
70.0,0.0,35.0,0.0,70.0,0.0,35.0,0.0,0.0,30.655668660619114,1,gen
70.0,0.0,35.0,0.0,70.0,0.0,35.0,35.0,35.0,36.21914189485018,1,gen
70.0,0.0,35.0,0.0,70.0,35.0,70.0,35.0,0.0,44.75862471872844,1,gen
35.0,0.0,35.0,0.0,0.0,35.0,100.0,0.0,0.0,35.96102375976373,1,orig
0.0,0.0,0.0,0.0,35.0,0.0,0.0,0.0,0.0,1.700333738494873,0,orig
0.0,0.0,0.0,0.0,35.0,0.0,35.0,35.0,0.0,12.434487300027733,0,gen
70.0,0.0,70.0,0.0,35.0,0.0,100.0,35.0,35.0,54.246181898604725,1,orig
0.0,0.0,0.0,0.0,0.0,35.0,0.0,0.0,0.0,3.3688024965764733,0,orig
35.0,0.0,0.0,0.0,35.0,0.0,0.0,0.0,35.0,9.39450093213092,0,gen
70.0,0.0,35.0,0.0,0.0,35.0,70.0,35.0,0.0,41.3579572417387,1,gen
0.0,0.0,0.0,0.0,0.0,35.0,0.0,0.0,0.0,3.3688024965764733,0,gen
70.0,0.0,70.0,0.0,70.0,0.0,100.0,35.0,35.0,55.946515637099594,1,gen
70.0,0.0,0.0,0.0,70.0,0.0,35.0,35.0,35.0,28.323112092922987,1,gen
35.0,0.0,35.0,0.0,70.0,35.0,0.0,0.0,0.0,21.159623636257745,1,gen
70.0,0.0,35.0,0.0,35.0,70.0,70.0,35.0,0.0,46.42709347681004,1,orig
0.0,0.0,0.0,0.0,0.0,0.0,0.0,0.0,0.0,0.0,0,gen
0.0,0.0,0.0,0.0,70.0,0.0,35.0,35.0,0.0,14.134821038522606,1,gen
35.0,0.0,35.0,0.0,0.0,35.0,70.0,0.0,0.0,30.50040347961501,1,gen
35.0,0.0,0.0,0.0,35.0,0.0,0.0,0.0,35.0,9.39450093213092,0,orig
70.0,0.0,70.0,0.0,35.0,0.0,100.0,35.0,35.0,54.246181898604725,1,orig
0.0,0.0,0.0,0.0,0.0,35.0,0.0,0.0,0.0,3.3688024965764733,0,orig
0.0,0.0,35.0,0.0,70.0,35.0,0.0,0.0,0.0,14.665499775493412,1,gen
0.0,0.0,0.0,0.0,0.0,0.0,0.0,0.0,35.0,1.2000433328717155,0,orig
0.0,0.0,0.0,0.0,35.0,0.0,35.0,0.0,0.0,8.071057398668378,0,gen
0.0,0.0,0.0,0.0,35.0,0.0,35.0,35.0,0.0,12.434487300027733,0,gen
0.0,0.0,35.0,0.0,70.0,35.0,0.0,0.0,0.0,14.665499775493412,1,gen
0.0,0.0,0.0,0.0,0.0,0.0,0.0,0.0,35.0,1.2000433328717155,0,gen
35.0,0.0,0.0,0.0,0.0,0.0,0.0,0.0,0.0,6.494123860764333,0,gen
0.0,0.0,35.0,0.0,0.0,35.0,70.0,35.0,35.0,29.56975285308175,1,orig
35.0,0.0,0.0,0.0,70.0,35.0,70.0,70.0,0.0,34.73190095739628,1,gen
0.0,0.0,0.0,0.0,35.0,0.0,0.0,0.0,0.0,1.700333738494873,0,gen
0.0,0.0,0.0,0.0,0.0,35.0,0.0,0.0,0.0,3.3688024965764733,0,orig
35.0,0.0,0.0,0.0,35.0,0.0,0.0,0.0,35.0,9.39450093213092,0,orig
70.0,0.0,35.0,0.0,70.0,35.0,70.0,35.0,0.0,44.75862471872844,1,gen
0.0,0.0,0.0,0.0,0.0,0.0,0.0,0.0,0.0,0.0,0,orig
35.0,0.0,35.0,0.0,0.0,35.0,35.0,0.0,0.0,24.129679819441506,1,orig
0.0,0.0,35.0,35.0,70.0,0.0,0.0,0.0,0.0,13.632951852486345,1,gen
35.0,0.0,0.0,0.0,0.0,0.0,0.0,0.0,0.0,6.494123860764333,0,gen
70.0,0.0,35.0,0.0,70.0,0.0,35.0,0.0,0.0,30.655668660619114,1,gen
35.0,0.0,35.0,0.0,0.0,35.0,35.0,0.0,0.0,24.129679819441506,1,orig
70.0,70.0,35.0,100.0,0.0,0.0,0.0,35.0,35.0,35.66328109355438,1,orig
0.0,0.0,35.0,0.0,70.0,35.0,70.0,35.0,35.0,32.9704203300715,1,gen
0.0,0.0,0.0,0.0,0.0,35.0,0.0,0.0,0.0,3.3688024965764733,0,orig
35.0,0.0,35.0,0.0,0.0,35.0,100.0,0.0,0.0,35.96102375976373,1,orig
35.0,0.0,0.0,0.0,35.0,70.0,70.0,35.0,0.0,32.03693981411852,1,gen
35.0,0.0,35.0,0.0,0.0,35.0,70.0,0.0,0.0,30.50040347961501,1,gen
0.0,0.0,0.0,0.0,70.0,35.0,35.0,35.0,35.0,18.703666867970796,1,gen
35.0,0.0,35.0,0.0,0.0,35.0,70.0,0.0,0.0,30.50040347961501,1,orig
35.0,35.0,0.0,100.0,70.0,0.0,0.0,35.0,35.0,23.403536273589452,1,gen
0.0,0.0,0.0,0.0,0.0,0.0,0.0,0.0,0.0,0.0,0,orig
0.0,0.0,0.0,0.0,35.0,0.0,0.0,0.0,0.0,1.700333738494873,0,orig
70.0,0.0,35.0,0.0,70.0,0.0,35.0,35.0,35.0,36.21914189485018,1,gen
0.0,0.0,0.0,0.0,35.0,0.0,0.0,0.0,0.0,1.700333738494873,0,orig
70.0,0.0,35.0,0.0,0.0,0.0,35.0,0.0,0.0,27.255001183629368,1,orig
35.0,0.0,35.0,0.0,0.0,35.0,0.0,0.0,0.0,17.758956159268,1,gen
0.0,0.0,0.0,0.0,0.0,0.0,0.0,0.0,0.0,0.0,0,gen
35.0,0.0,0.0,0.0,0.0,0.0,0.0,0.0,0.0,6.494123860764333,0,orig
70.0,0.0,35.0,0.0,0.0,0.0,70.0,0.0,0.0,33.62572484380287,1,orig
35.0,0.0,35.0,0.0,0.0,35.0,0.0,0.0,0.0,17.758956159268,1,gen
0.0,0.0,35.0,0.0,70.0,35.0,0.0,0.0,0.0,14.665499775493412,1,gen
0.0,0.0,0.0,0.0,35.0,0.0,35.0,35.0,0.0,12.434487300027733,0,gen
70.0,0.0,35.0,0.0,0.0,0.0,35.0,0.0,0.0,27.255001183629368,1,gen
0.0,0.0,0.0,0.0,0.0,35.0,0.0,0.0,0.0,3.3688024965764733,0,gen
35.0,0.0,35.0,0.0,70.0,35.0,0.0,0.0,0.0,21.159623636257745,1,gen
0.0,0.0,35.0,0.0,0.0,35.0,70.0,35.0,35.0,29.56975285308175,1,orig
0.0,0.0,0.0,0.0,0.0,35.0,0.0,0.0,0.0,3.3688024965764733,0,orig
70.0,70.0,35.0,100.0,0.0,0.0,0.0,35.0,35.0,35.66328109355438,1,orig
35.0,0.0,35.0,0.0,0.0,35.0,100.0,0.0,0.0,35.96102375976373,1,orig
0.0,0.0,0.0,0.0,35.0,0.0,0.0,0.0,0.0,1.700333738494873,0,gen
0.0,0.0,0.0,0.0,0.0,0.0,0.0,0.0,0.0,0.0,0,gen
70.0,0.0,35.0,0.0,0.0,0.0,35.0,0.0,0.0,27.255001183629368,1,orig
0.0,0.0,0.0,0.0,0.0,0.0,0.0,0.0,0.0,0.0,0,orig
0.0,0.0,0.0,0.0,0.0,0.0,0.0,0.0,35.0,1.2000433328717155,0,orig
0.0,0.0,0.0,0.0,35.0,0.0,35.0,35.0,0.0,12.434487300027733,0,gen
0.0,0.0,0.0,0.0,0.0,35.0,0.0,0.0,0.0,3.3688024965764733,0,orig
0.0,0.0,0.0,0.0,35.0,0.0,0.0,0.0,0.0,1.700333738494873,0,orig
70.0,0.0,70.0,0.0,35.0,0.0,100.0,35.0,35.0,54.246181898604725,1,orig
35.0,0.0,35.0,0.0,0.0,35.0,100.0,0.0,0.0,35.96102375976373,1,orig
0.0,0.0,35.0,0.0,0.0,35.0,70.0,35.0,35.0,29.56975285308175,1,orig
0.0,0.0,0.0,0.0,35.0,0.0,0.0,0.0,0.0,1.700333738494873,0,gen
35.0,0.0,0.0,0.0,35.0,0.0,0.0,0.0,35.0,9.39450093213092,0,orig
0.0,0.0,0.0,0.0,35.0,0.0,0.0,0.0,0.0,1.700333738494873,0,orig
70.0,70.0,35.0,100.0,0.0,0.0,0.0,35.0,35.0,35.66328109355438,1,orig
70.0,0.0,35.0,0.0,35.0,70.0,70.0,35.0,0.0,46.42709347681004,1,orig
35.0,0.0,0.0,0.0,0.0,0.0,0.0,0.0,0.0,6.494123860764333,0,gen
0.0,0.0,35.0,0.0,70.0,35.0,35.0,0.0,0.0,21.03622343566692,1,gen
35.0,0.0,35.0,0.0,0.0,35.0,100.0,0.0,0.0,35.96102375976373,1,orig
70.0,0.0,70.0,0.0,35.0,0.0,100.0,35.0,35.0,54.246181898604725,1,orig
0.0,0.0,0.0,0.0,0.0,0.0,0.0,0.0,0.0,0.0,0,orig
70.0,0.0,35.0,0.0,35.0,0.0,70.0,35.0,35.0,40.889531816528816,1,gen
70.0,0.0,70.0,0.0,35.0,0.0,100.0,35.0,35.0,54.246181898604725,1,orig
0.0,0.0,0.0,0.0,0.0,0.0,0.0,0.0,0.0,0.0,0,orig
0.0,0.0,0.0,0.0,35.0,0.0,0.0,0.0,0.0,1.700333738494873,0,orig
0.0,0.0,0.0,0.0,0.0,0.0,0.0,0.0,0.0,0.0,0,gen
0.0,0.0,0.0,0.0,35.0,0.0,35.0,35.0,0.0,12.434487300027733,0,gen
0.0,0.0,35.0,0.0,70.0,0.0,70.0,35.0,0.0,28.40157450062331,1,gen
0.0,0.0,0.0,0.0,35.0,0.0,0.0,0.0,0.0,1.700333738494873,0,orig
35.0,0.0,0.0,0.0,0.0,0.0,0.0,0.0,0.0,6.494123860764333,0,gen
0.0,0.0,0.0,0.0,0.0,0.0,0.0,0.0,35.0,1.2000433328717155,0,orig
35.0,0.0,0.0,0.0,35.0,0.0,0.0,0.0,35.0,9.39450093213092,0,orig
0.0,0.0,0.0,0.0,35.0,0.0,35.0,35.0,0.0,12.434487300027733,0,gen
0.0,0.0,0.0,0.0,0.0,0.0,0.0,0.0,0.0,0.0,0,orig
35.0,0.0,0.0,0.0,35.0,0.0,0.0,0.0,35.0,9.39450093213092,0,gen
35.0,0.0,0.0,0.0,35.0,0.0,0.0,0.0,35.0,9.39450093213092,0,gen
35.0,0.0,35.0,0.0,70.0,35.0,0.0,0.0,0.0,21.159623636257745,1,gen
0.0,0.0,0.0,0.0,0.0,35.0,0.0,0.0,0.0,3.3688024965764733,0,gen
35.0,0.0,35.0,0.0,70.0,35.0,70.0,0.0,0.0,33.901070956604755,1,gen
0.0,0.0,0.0,0.0,35.0,0.0,0.0,0.0,0.0,1.700333738494873,0,orig
35.0,0.0,0.0,0.0,35.0,0.0,0.0,0.0,35.0,9.39450093213092,0,gen
70.0,0.0,35.0,0.0,35.0,70.0,70.0,35.0,0.0,46.42709347681004,1,orig
0.0,0.0,0.0,0.0,35.0,0.0,35.0,35.0,0.0,12.434487300027733,0,gen
35.0,0.0,0.0,0.0,0.0,0.0,0.0,0.0,0.0,6.494123860764333,0,orig
35.0,0.0,35.0,35.0,0.0,0.0,35.0,0.0,0.0,23.097131896434433,1,orig
70.0,0.0,35.0,0.0,70.0,0.0,0.0,0.0,0.0,24.284945000445607,1,gen
0.0,0.0,0.0,0.0,0.0,0.0,0.0,0.0,0.0,0.0,0,gen
70.0,0.0,35.0,0.0,70.0,70.0,70.0,35.0,0.0,48.12742721530492,1,gen
35.0,0.0,35.0,0.0,0.0,35.0,100.0,0.0,0.0,35.96102375976373,1,orig
35.0,0.0,35.0,0.0,0.0,35.0,70.0,0.0,0.0,30.50040347961501,1,orig
0.0,0.0,0.0,0.0,35.0,0.0,0.0,0.0,0.0,1.700333738494873,0,gen
0.0,0.0,0.0,0.0,0.0,35.0,0.0,0.0,0.0,3.3688024965764733,0,orig
0.0,0.0,0.0,0.0,35.0,0.0,0.0,0.0,0.0,1.700333738494873,0,gen
0.0,0.0,0.0,0.0,0.0,0.0,0.0,0.0,0.0,0.0,0,orig
35.0,0.0,0.0,0.0,35.0,0.0,0.0,0.0,35.0,9.39450093213092,0,orig
70.0,70.0,35.0,100.0,70.0,0.0,0.0,35.0,35.0,39.06394857054413,1,gen
0.0,0.0,0.0,0.0,0.0,0.0,0.0,0.0,0.0,0.0,0,gen
0.0,0.0,0.0,0.0,0.0,0.0,0.0,0.0,0.0,0.0,0,orig
70.0,0.0,70.0,0.0,35.0,0.0,100.0,35.0,35.0,54.246181898604725,1,orig
0.0,0.0,0.0,0.0,35.0,0.0,0.0,0.0,0.0,1.700333738494873,0,gen
0.0,0.0,0.0,0.0,0.0,0.0,0.0,0.0,0.0,0.0,0,orig
70.0,0.0,35.0,0.0,0.0,0.0,35.0,0.0,0.0,27.255001183629368,1,orig
35.0,0.0,35.0,0.0,0.0,35.0,70.0,0.0,0.0,30.50040347961501,1,orig
0.0,0.0,0.0,0.0,0.0,0.0,0.0,0.0,35.0,1.2000433328717155,0,orig
0.0,0.0,0.0,0.0,35.0,0.0,0.0,0.0,0.0,1.700333738494873,0,orig
35.0,0.0,35.0,0.0,0.0,35.0,35.0,0.0,0.0,24.129679819441506,1,orig
0.0,0.0,0.0,0.0,0.0,0.0,0.0,0.0,0.0,0.0,0,orig
0.0,0.0,35.0,0.0,0.0,35.0,70.0,35.0,35.0,29.56975285308175,1,orig
70.0,0.0,70.0,0.0,35.0,0.0,100.0,35.0,35.0,54.246181898604725,1,orig
35.0,0.0,35.0,0.0,0.0,35.0,0.0,0.0,0.0,17.758956159268,1,orig
70.0,0.0,35.0,0.0,70.0,0.0,70.0,0.0,0.0,37.02639232079262,1,gen
35.0,0.0,35.0,35.0,0.0,0.0,70.0,0.0,0.0,29.46785555660794,1,orig
70.0,0.0,70.0,0.0,35.0,0.0,100.0,35.0,35.0,54.246181898604725,1,orig
35.0,0.0,35.0,0.0,70.0,35.0,35.0,0.0,0.0,27.530347296431252,1,gen
0.0,0.0,0.0,0.0,0.0,35.0,0.0,0.0,0.0,3.3688024965764733,0,orig
35.0,0.0,0.0,0.0,0.0,0.0,0.0,0.0,0.0,6.494123860764333,0,orig
0.0,0.0,0.0,0.0,70.0,0.0,70.0,35.0,0.0,20.505544698696113,1,gen
35.0,0.0,0.0,0.0,35.0,0.0,0.0,0.0,35.0,9.39450093213092,0,orig
0.0,0.0,0.0,0.0,0.0,0.0,0.0,0.0,0.0,0.0,0,gen
70.0,0.0,35.0,0.0,35.0,0.0,70.0,70.0,35.0,45.25296171788817,1,gen
0.0,0.0,0.0,0.0,0.0,0.0,0.0,0.0,0.0,0.0,0,orig
0.0,0.0,0.0,0.0,70.0,0.0,35.0,35.0,0.0,14.134821038522606,1,gen
0.0,0.0,0.0,0.0,0.0,0.0,0.0,0.0,0.0,0.0,0,orig
0.0,0.0,35.0,0.0,0.0,35.0,35.0,0.0,0.0,17.635555958677173,1,gen
0.0,0.0,0.0,0.0,70.0,35.0,0.0,0.0,0.0,6.769469973566219,1,gen
0.0,0.0,0.0,0.0,35.0,0.0,0.0,0.0,0.0,1.700333738494873,0,orig
70.0,70.0,35.0,100.0,0.0,0.0,0.0,35.0,35.0,35.66328109355438,1,orig
0.0,0.0,0.0,0.0,0.0,0.0,0.0,0.0,0.0,0.0,0,gen
0.0,0.0,0.0,0.0,35.0,0.0,35.0,0.0,0.0,8.071057398668378,0,gen
0.0,0.0,0.0,0.0,0.0,0.0,0.0,0.0,0.0,0.0,0,gen
0.0,0.0,0.0,0.0,35.0,0.0,35.0,0.0,0.0,8.071057398668378,0,gen
35.0,0.0,35.0,0.0,0.0,35.0,100.0,0.0,0.0,35.96102375976373,1,orig
35.0,0.0,35.0,0.0,70.0,35.0,70.0,0.0,0.0,33.901070956604755,1,gen
35.0,0.0,35.0,35.0,0.0,0.0,70.0,0.0,0.0,29.46785555660794,1,orig
0.0,0.0,35.0,0.0,70.0,35.0,35.0,0.0,0.0,21.03622343566692,1,gen
0.0,0.0,35.0,35.0,70.0,0.0,35.0,0.0,0.0,20.00367551265985,1,gen
0.0,0.0,0.0,0.0,35.0,0.0,0.0,0.0,0.0,1.700333738494873,0,gen
0.0,0.0,0.0,0.0,35.0,0.0,0.0,0.0,0.0,1.700333738494873,0,orig
0.0,0.0,0.0,0.0,0.0,0.0,0.0,0.0,0.0,0.0,0,gen
0.0,0.0,0.0,0.0,70.0,0.0,70.0,70.0,0.0,24.868974600055466,1,gen
0.0,0.0,0.0,0.0,35.0,0.0,0.0,0.0,0.0,1.700333738494873,0,orig
0.0,0.0,0.0,0.0,0.0,35.0,0.0,0.0,0.0,3.3688024965764733,0,orig
0.0,0.0,0.0,0.0,0.0,0.0,0.0,0.0,0.0,0.0,0,gen
0.0,0.0,0.0,0.0,0.0,35.0,0.0,0.0,0.0,3.3688024965764733,0,orig
0.0,0.0,0.0,0.0,35.0,0.0,0.0,0.0,0.0,1.700333738494873,0,gen
35.0,0.0,35.0,0.0,0.0,35.0,0.0,0.0,0.0,17.758956159268,1,orig
0.0,0.0,0.0,0.0,35.0,0.0,0.0,0.0,0.0,1.700333738494873,0,orig
0.0,0.0,0.0,0.0,0.0,35.0,0.0,0.0,0.0,3.3688024965764733,0,gen
0.0,0.0,0.0,0.0,0.0,35.0,0.0,0.0,0.0,3.3688024965764733,0,orig
0.0,0.0,0.0,0.0,0.0,0.0,0.0,0.0,35.0,1.2000433328717155,0,orig
35.0,0.0,0.0,0.0,35.0,0.0,0.0,0.0,35.0,9.39450093213092,0,orig
70.0,0.0,0.0,0.0,70.0,0.0,0.0,0.0,0.0,16.38891519851841,1,gen
35.0,0.0,35.0,0.0,0.0,35.0,70.0,0.0,0.0,30.50040347961501,1,orig
0.0,0.0,0.0,0.0,35.0,0.0,0.0,0.0,0.0,1.700333738494873,0,gen
0.0,0.0,0.0,0.0,0.0,35.0,0.0,0.0,0.0,3.3688024965764733,0,orig
35.0,0.0,35.0,0.0,70.0,35.0,35.0,0.0,0.0,27.530347296431252,1,gen
35.0,0.0,0.0,0.0,0.0,0.0,0.0,0.0,0.0,6.494123860764333,0,gen
35.0,0.0,35.0,0.0,70.0,35.0,0.0,0.0,0.0,21.159623636257745,1,gen
35.0,0.0,35.0,35.0,0.0,0.0,35.0,0.0,0.0,23.097131896434433,1,gen
0.0,0.0,0.0,0.0,0.0,0.0,0.0,0.0,0.0,0.0,0,orig
70.0,0.0,35.0,0.0,35.0,70.0,70.0,35.0,0.0,46.42709347681004,1,orig
35.0,0.0,0.0,0.0,0.0,0.0,0.0,0.0,0.0,6.494123860764333,0,gen
35.0,0.0,0.0,0.0,0.0,0.0,0.0,0.0,0.0,6.494123860764333,0,orig
35.0,0.0,35.0,0.0,0.0,35.0,0.0,0.0,0.0,17.758956159268,1,orig
35.0,0.0,0.0,0.0,0.0,0.0,0.0,0.0,0.0,6.494123860764333,0,gen
0.0,0.0,0.0,0.0,35.0,0.0,0.0,0.0,0.0,1.700333738494873,0,orig
0.0,0.0,0.0,0.0,35.0,0.0,0.0,0.0,0.0,1.700333738494873,0,orig
0.0,0.0,0.0,0.0,35.0,0.0,0.0,0.0,0.0,1.700333738494873,0,orig
70.0,0.0,35.0,0.0,0.0,0.0,70.0,0.0,0.0,33.62572484380287,1,orig
0.0,0.0,0.0,0.0,0.0,0.0,0.0,0.0,0.0,0.0,0,orig
35.0,0.0,35.0,35.0,0.0,0.0,35.0,0.0,0.0,23.097131896434433,1,orig
0.0,0.0,0.0,0.0,35.0,0.0,0.0,0.0,0.0,1.700333738494873,0,orig
0.0,0.0,0.0,0.0,35.0,0.0,0.0,0.0,0.0,1.700333738494873,0,orig
0.0,0.0,0.0,0.0,35.0,0.0,0.0,0.0,0.0,1.700333738494873,0,gen
35.0,0.0,35.0,0.0,0.0,35.0,70.0,0.0,0.0,30.50040347961501,1,orig
0.0,0.0,0.0,0.0,0.0,0.0,0.0,0.0,0.0,0.0,0,gen
35.0,0.0,35.0,0.0,0.0,35.0,0.0,0.0,0.0,17.758956159268,1,orig
0.0,0.0,0.0,0.0,0.0,0.0,0.0,0.0,0.0,0.0,0,orig
0.0,0.0,0.0,0.0,0.0,35.0,35.0,35.0,35.0,15.30299939098105,1,gen
0.0,0.0,35.0,0.0,0.0,35.0,70.0,35.0,35.0,29.56975285308175,1,orig
70.0,0.0,35.0,0.0,35.0,70.0,70.0,35.0,0.0,46.42709347681004,1,orig
0.0,0.0,0.0,0.0,0.0,35.0,0.0,0.0,0.0,3.3688024965764733,0,orig
35.0,0.0,35.0,35.0,0.0,0.0,35.0,0.0,0.0,23.097131896434433,1,orig
35.0,0.0,0.0,0.0,35.0,0.0,0.0,0.0,35.0,9.39450093213092,0,orig
0.0,0.0,35.0,0.0,0.0,0.0,70.0,35.0,0.0,25.000907023633562,1,gen
0.0,0.0,0.0,0.0,35.0,0.0,0.0,0.0,0.0,1.700333738494873,0,gen
35.0,0.0,35.0,0.0,0.0,35.0,0.0,0.0,0.0,17.758956159268,1,orig
35.0,0.0,0.0,0.0,35.0,0.0,0.0,0.0,35.0,9.39450093213092,0,orig
0.0,0.0,0.0,0.0,0.0,0.0,0.0,0.0,35.0,1.2000433328717155,0,orig
0.0,0.0,0.0,0.0,35.0,0.0,0.0,0.0,0.0,1.700333738494873,0,gen
35.0,0.0,0.0,0.0,0.0,0.0,70.0,35.0,0.0,23.5990010824707,1,gen
70.0,0.0,35.0,0.0,0.0,0.0,35.0,0.0,0.0,27.255001183629368,1,orig
35.0,0.0,35.0,0.0,0.0,35.0,100.0,0.0,0.0,35.96102375976373,1,orig
35.0,0.0,0.0,0.0,0.0,0.0,0.0,0.0,0.0,6.494123860764333,0,orig
0.0,0.0,35.0,0.0,0.0,35.0,0.0,0.0,0.0,11.264832298503668,1,gen
35.0,0.0,0.0,0.0,35.0,0.0,0.0,0.0,35.0,9.39450093213092,0,orig
35.0,0.0,0.0,0.0,35.0,0.0,0.0,0.0,35.0,9.39450093213092,0,gen
70.0,0.0,35.0,0.0,0.0,0.0,70.0,0.0,0.0,33.62572484380287,1,orig
0.0,0.0,35.0,0.0,70.0,35.0,70.0,35.0,35.0,32.9704203300715,1,gen
35.0,0.0,35.0,0.0,0.0,35.0,100.0,0.0,0.0,35.96102375976373,1,orig
0.0,0.0,0.0,0.0,0.0,0.0,0.0,0.0,0.0,0.0,0,gen
0.0,0.0,0.0,0.0,0.0,0.0,0.0,0.0,35.0,1.2000433328717155,0,gen
35.0,0.0,0.0,0.0,0.0,0.0,0.0,0.0,0.0,6.494123860764333,0,orig
0.0,0.0,0.0,0.0,0.0,0.0,0.0,0.0,0.0,0.0,0,orig
0.0,0.0,0.0,0.0,0.0,35.0,0.0,0.0,0.0,3.3688024965764733,0,orig
35.0,0.0,0.0,0.0,35.0,0.0,0.0,0.0,35.0,9.39450093213092,0,orig
0.0,0.0,0.0,0.0,0.0,0.0,0.0,0.0,35.0,1.2000433328717155,0,gen
0.0,0.0,0.0,0.0,70.0,0.0,70.0,35.0,0.0,20.505544698696113,1,gen
35.0,0.0,35.0,35.0,0.0,0.0,35.0,0.0,0.0,23.097131896434433,1,orig
70.0,0.0,70.0,0.0,35.0,0.0,100.0,35.0,35.0,54.246181898604725,1,orig
35.0,0.0,35.0,0.0,0.0,35.0,100.0,0.0,0.0,35.96102375976373,1,orig
0.0,0.0,0.0,0.0,0.0,35.0,0.0,0.0,0.0,3.3688024965764733,0,orig
0.0,0.0,0.0,0.0,35.0,0.0,35.0,0.0,0.0,8.071057398668378,0,gen
35.0,0.0,0.0,0.0,35.0,0.0,0.0,0.0,35.0,9.39450093213092,0,gen
0.0,0.0,35.0,0.0,0.0,35.0,70.0,35.0,35.0,29.56975285308175,1,orig
0.0,0.0,0.0,0.0,0.0,35.0,0.0,0.0,0.0,3.3688024965764733,0,gen
0.0,0.0,35.0,35.0,0.0,0.0,35.0,0.0,0.0,16.603008035670104,1,gen
70.0,0.0,35.0,0.0,0.0,0.0,35.0,0.0,0.0,27.255001183629368,1,gen
0.0,0.0,0.0,0.0,35.0,0.0,35.0,0.0,0.0,8.071057398668378,0,gen
0.0,0.0,0.0,0.0,0.0,0.0,0.0,0.0,0.0,0.0,0,orig
70.0,0.0,35.0,0.0,35.0,70.0,70.0,35.0,0.0,46.42709347681004,1,orig
0.0,0.0,0.0,0.0,0.0,0.0,0.0,0.0,0.0,0.0,0,gen
0.0,0.0,0.0,0.0,0.0,0.0,0.0,0.0,35.0,1.2000433328717155,0,gen
70.0,0.0,35.0,0.0,35.0,0.0,100.0,70.0,35.0,50.71358199803689,1,gen
0.0,0.0,0.0,0.0,35.0,0.0,0.0,0.0,0.0,1.700333738494873,0,gen
0.0,0.0,0.0,0.0,0.0,35.0,0.0,0.0,0.0,3.3688024965764733,0,orig
35.0,0.0,0.0,0.0,0.0,0.0,0.0,0.0,0.0,6.494123860764333,0,gen
0.0,0.0,0.0,0.0,0.0,0.0,0.0,0.0,0.0,0.0,0,orig
0.0,0.0,0.0,0.0,0.0,0.0,0.0,0.0,35.0,1.2000433328717155,0,gen
70.0,0.0,35.0,0.0,70.0,0.0,35.0,0.0,0.0,30.655668660619114,1,gen
0.0,0.0,35.0,0.0,0.0,35.0,70.0,35.0,35.0,29.56975285308175,1,orig
0.0,0.0,0.0,0.0,0.0,0.0,0.0,0.0,0.0,0.0,0,gen
35.0,0.0,0.0,0.0,35.0,0.0,0.0,0.0,35.0,9.39450093213092,0,gen
70.0,0.0,35.0,0.0,70.0,0.0,35.0,0.0,0.0,30.655668660619114,1,gen
70.0,0.0,35.0,0.0,70.0,0.0,70.0,35.0,35.0,42.58986555502369,1,gen
0.0,0.0,35.0,0.0,0.0,35.0,70.0,35.0,35.0,29.56975285308175,1,orig
70.0,0.0,35.0,0.0,70.0,0.0,70.0,0.0,0.0,37.02639232079262,1,gen
35.0,35.0,0.0,100.0,70.0,0.0,0.0,35.0,35.0,23.403536273589452,1,gen
0.0,0.0,0.0,0.0,35.0,0.0,0.0,0.0,0.0,1.700333738494873,0,gen
0.0,0.0,35.0,0.0,0.0,35.0,0.0,0.0,0.0,11.264832298503668,1,gen
70.0,0.0,70.0,0.0,35.0,0.0,100.0,35.0,35.0,54.246181898604725,1,orig
70.0,70.0,0.0,100.0,0.0,0.0,0.0,35.0,35.0,27.767251291627186,1,gen
0.0,0.0,0.0,0.0,70.0,35.0,0.0,0.0,0.0,6.769469973566219,1,gen
0.0,0.0,0.0,0.0,0.0,0.0,0.0,0.0,0.0,0.0,0,orig
35.0,70.0,35.0,100.0,70.0,0.0,0.0,35.0,35.0,32.569824709779795,1,gen
0.0,0.0,0.0,0.0,35.0,0.0,0.0,0.0,0.0,1.700333738494873,0,gen
35.0,0.0,35.0,35.0,0.0,0.0,70.0,0.0,0.0,29.46785555660794,1,orig
0.0,0.0,0.0,0.0,0.0,0.0,0.0,0.0,0.0,0.0,0,orig
0.0,0.0,0.0,0.0,0.0,35.0,0.0,0.0,0.0,3.3688024965764733,0,gen
35.0,0.0,35.0,0.0,0.0,35.0,0.0,0.0,0.0,17.758956159268,1,gen
0.0,0.0,0.0,0.0,0.0,35.0,0.0,0.0,0.0,3.3688024965764733,0,orig
0.0,0.0,0.0,0.0,35.0,0.0,0.0,0.0,0.0,1.700333738494873,0,orig
35.0,0.0,0.0,0.0,35.0,0.0,0.0,0.0,35.0,9.39450093213092,0,orig
70.0,0.0,35.0,0.0,35.0,70.0,70.0,35.0,0.0,46.42709347681004,1,orig
70.0,0.0,35.0,0.0,70.0,0.0,35.0,70.0,35.0,40.582571796209535,1,gen
0.0,0.0,0.0,0.0,35.0,0.0,0.0,0.0,0.0,1.700333738494873,0,orig
70.0,0.0,35.0,0.0,0.0,0.0,35.0,0.0,0.0,27.255001183629368,1,orig
70.0,0.0,35.0,0.0,35.0,70.0,70.0,35.0,0.0,46.42709347681004,1,orig
70.0,0.0,35.0,0.0,70.0,0.0,35.0,35.0,35.0,36.21914189485018,1,gen
70.0,0.0,35.0,0.0,0.0,0.0,35.0,70.0,35.0,37.1819043192198,1,gen
0.0,0.0,0.0,0.0,35.0,0.0,0.0,0.0,0.0,1.700333738494873,0,orig
0.0,0.0,0.0,0.0,35.0,0.0,0.0,0.0,0.0,1.700333738494873,0,orig
0.0,0.0,0.0,0.0,0.0,35.0,0.0,0.0,0.0,3.3688024965764733,0,orig
0.0,0.0,0.0,0.0,35.0,0.0,0.0,0.0,0.0,1.700333738494873,0,gen
0.0,0.0,0.0,0.0,0.0,0.0,0.0,0.0,35.0,1.2000433328717155,0,gen
35.0,0.0,35.0,0.0,70.0,35.0,70.0,0.0,0.0,33.901070956604755,1,gen
35.0,0.0,0.0,0.0,0.0,0.0,0.0,0.0,0.0,6.494123860764333,0,gen
0.0,0.0,35.0,0.0,70.0,0.0,70.0,35.0,0.0,28.40157450062331,1,gen
35.0,35.0,0.0,100.0,70.0,0.0,0.0,70.0,35.0,27.766966174948806,1,gen
0.0,0.0,0.0,0.0,0.0,0.0,0.0,0.0,0.0,0.0,0,orig
35.0,0.0,35.0,0.0,0.0,35.0,100.0,0.0,0.0,35.96102375976373,1,gen
0.0,0.0,0.0,0.0,35.0,0.0,0.0,0.0,0.0,1.700333738494873,0,orig
0.0,0.0,0.0,0.0,35.0,0.0,0.0,0.0,0.0,1.700333738494873,0,orig
70.0,0.0,35.0,0.0,70.0,35.0,70.0,35.0,0.0,44.75862471872844,1,gen
35.0,0.0,0.0,0.0,35.0,0.0,0.0,0.0,35.0,9.39450093213092,0,orig
0.0,0.0,0.0,0.0,35.0,0.0,0.0,0.0,0.0,1.700333738494873,0,gen
35.0,0.0,0.0,0.0,0.0,0.0,0.0,0.0,0.0,6.494123860764333,0,gen
0.0,0.0,0.0,0.0,35.0,0.0,0.0,0.0,0.0,1.700333738494873,0,orig
0.0,0.0,0.0,0.0,35.0,0.0,35.0,0.0,0.0,8.071057398668378,0,gen
0.0,0.0,0.0,0.0,0.0,0.0,0.0,0.0,0.0,0.0,0,orig
35.0,0.0,0.0,0.0,70.0,35.0,0.0,35.0,0.0,17.627023735689907,1,gen
0.0,0.0,0.0,0.0,0.0,0.0,0.0,0.0,0.0,0.0,0,orig
70.0,0.0,70.0,0.0,70.0,0.0,100.0,35.0,35.0,55.946515637099594,1,gen
35.0,0.0,0.0,0.0,70.0,0.0,70.0,35.0,0.0,26.999668559460446,1,gen
0.0,0.0,0.0,0.0,35.0,0.0,0.0,0.0,0.0,1.700333738494873,0,gen
35.0,0.0,0.0,0.0,0.0,0.0,0.0,0.0,0.0,6.494123860764333,0,gen
70.0,0.0,35.0,0.0,0.0,0.0,35.0,0.0,0.0,27.255001183629368,1,orig
35.0,0.0,0.0,0.0,70.0,35.0,0.0,0.0,0.0,13.263593834330552,1,gen
35.0,0.0,35.0,0.0,70.0,35.0,35.0,0.0,0.0,27.530347296431252,1,gen
0.0,0.0,0.0,0.0,35.0,0.0,0.0,0.0,0.0,1.700333738494873,0,orig
35.0,0.0,0.0,0.0,35.0,0.0,0.0,0.0,35.0,9.39450093213092,0,gen
0.0,0.0,0.0,0.0,0.0,35.0,0.0,0.0,0.0,3.3688024965764733,0,orig
0.0,0.0,0.0,0.0,0.0,35.0,0.0,0.0,0.0,3.3688024965764733,0,orig
35.0,0.0,35.0,0.0,0.0,35.0,70.0,0.0,0.0,30.50040347961501,1,orig
0.0,0.0,0.0,0.0,0.0,35.0,0.0,0.0,0.0,3.3688024965764733,0,orig
0.0,0.0,0.0,0.0,35.0,0.0,0.0,0.0,0.0,1.700333738494873,0,orig
0.0,0.0,35.0,0.0,0.0,35.0,70.0,35.0,35.0,29.56975285308175,1,orig
35.0,0.0,0.0,0.0,35.0,0.0,0.0,0.0,35.0,9.39450093213092,0,orig
0.0,0.0,0.0,0.0,0.0,0.0,0.0,0.0,0.0,0.0,0,gen
0.0,0.0,35.0,0.0,70.0,0.0,70.0,35.0,0.0,28.40157450062331,1,gen
0.0,0.0,0.0,0.0,35.0,0.0,0.0,0.0,0.0,1.700333738494873,0,gen
0.0,0.0,0.0,0.0,0.0,35.0,0.0,0.0,0.0,3.3688024965764733,0,orig
0.0,0.0,0.0,0.0,0.0,35.0,0.0,0.0,0.0,3.3688024965764733,0,orig
0.0,0.0,0.0,0.0,35.0,0.0,0.0,0.0,0.0,1.700333738494873,0,gen
35.0,0.0,0.0,0.0,35.0,35.0,70.0,70.0,0.0,33.0315672189014,1,gen
35.0,0.0,35.0,0.0,0.0,35.0,70.0,0.0,0.0,30.50040347961501,1,orig
35.0,0.0,35.0,35.0,0.0,0.0,35.0,0.0,0.0,23.097131896434433,1,orig
0.0,0.0,0.0,0.0,0.0,0.0,0.0,0.0,0.0,0.0,0,gen
35.0,0.0,35.0,0.0,0.0,35.0,100.0,0.0,0.0,35.96102375976373,1,orig
0.0,0.0,0.0,0.0,0.0,0.0,0.0,0.0,0.0,0.0,0,gen
70.0,0.0,35.0,0.0,35.0,70.0,70.0,35.0,0.0,46.42709347681004,1,orig
35.0,0.0,35.0,0.0,0.0,35.0,0.0,0.0,0.0,17.758956159268,1,gen
70.0,70.0,35.0,100.0,0.0,0.0,0.0,35.0,35.0,35.66328109355438,1,orig
35.0,0.0,35.0,0.0,0.0,35.0,70.0,0.0,0.0,30.50040347961501,1,orig
0.0,0.0,0.0,0.0,0.0,0.0,0.0,0.0,0.0,0.0,0,gen
70.0,0.0,70.0,0.0,35.0,0.0,100.0,35.0,35.0,54.246181898604725,1,orig
0.0,0.0,0.0,0.0,35.0,0.0,0.0,0.0,0.0,1.700333738494873,0,gen
35.0,0.0,35.0,0.0,0.0,35.0,100.0,0.0,0.0,35.96102375976373,1,gen
0.0,0.0,0.0,0.0,0.0,0.0,0.0,0.0,0.0,0.0,0,orig
0.0,0.0,0.0,0.0,0.0,0.0,0.0,0.0,0.0,0.0,0,gen
70.0,0.0,35.0,0.0,0.0,0.0,35.0,0.0,0.0,27.255001183629368,1,orig
70.0,70.0,35.0,100.0,0.0,0.0,0.0,35.0,35.0,35.66328109355438,1,orig
35.0,0.0,35.0,0.0,70.0,35.0,35.0,0.0,0.0,27.530347296431252,1,gen
0.0,0.0,0.0,0.0,0.0,0.0,0.0,0.0,0.0,0.0,0,gen
70.0,0.0,0.0,0.0,0.0,0.0,0.0,0.0,0.0,12.988247721528666,1,gen
0.0,0.0,0.0,0.0,35.0,0.0,35.0,35.0,0.0,12.434487300027733,0,gen
70.0,0.0,35.0,0.0,70.0,0.0,70.0,0.0,0.0,37.02639232079262,1,gen
35.0,70.0,0.0,100.0,0.0,0.0,0.0,35.0,35.0,21.273127430862854,1,gen
0.0,0.0,35.0,0.0,0.0,35.0,70.0,35.0,35.0,29.56975285308175,1,orig
0.0,0.0,35.0,0.0,70.0,35.0,0.0,0.0,0.0,14.665499775493412,1,gen
0.0,0.0,0.0,0.0,35.0,0.0,0.0,0.0,0.0,1.700333738494873,0,orig
0.0,0.0,0.0,0.0,0.0,0.0,0.0,0.0,35.0,1.2000433328717155,0,orig
0.0,0.0,0.0,0.0,0.0,0.0,0.0,0.0,0.0,0.0,0,orig
35.0,0.0,35.0,0.0,0.0,35.0,0.0,0.0,0.0,17.758956159268,1,orig
0.0,0.0,0.0,0.0,0.0,35.0,0.0,0.0,0.0,3.3688024965764733,0,orig
0.0,0.0,0.0,0.0,35.0,0.0,0.0,0.0,0.0,1.700333738494873,0,gen
70.0,70.0,35.0,100.0,0.0,0.0,0.0,35.0,35.0,35.66328109355438,1,orig
35.0,0.0,0.0,0.0,70.0,35.0,70.0,70.0,0.0,34.73190095739628,1,gen
35.0,0.0,35.0,0.0,0.0,35.0,100.0,0.0,0.0,35.96102375976373,1,gen
0.0,0.0,0.0,0.0,70.0,0.0,35.0,35.0,0.0,14.134821038522606,1,gen
70.0,0.0,35.0,0.0,0.0,0.0,0.0,0.0,0.0,20.88427752345586,1,gen
0.0,0.0,0.0,0.0,0.0,0.0,0.0,0.0,0.0,0.0,0,orig
0.0,0.0,0.0,0.0,0.0,0.0,0.0,0.0,35.0,1.2000433328717155,0,orig
70.0,0.0,35.0,0.0,70.0,35.0,70.0,35.0,0.0,44.75862471872844,1,gen
0.0,0.0,0.0,0.0,35.0,0.0,0.0,0.0,0.0,1.700333738494873,0,gen
35.0,0.0,35.0,0.0,70.0,35.0,35.0,0.0,0.0,27.530347296431252,1,gen
35.0,0.0,0.0,0.0,0.0,0.0,0.0,0.0,0.0,6.494123860764333,0,orig
0.0,0.0,35.0,35.0,70.0,0.0,70.0,0.0,0.0,26.374399172833357,1,gen
0.0,0.0,0.0,0.0,0.0,0.0,0.0,0.0,35.0,1.2000433328717155,0,gen
0.0,0.0,0.0,0.0,35.0,0.0,0.0,0.0,0.0,1.700333738494873,0,orig
0.0,0.0,0.0,0.0,0.0,0.0,0.0,0.0,0.0,0.0,0,gen
0.0,0.0,0.0,0.0,35.0,0.0,0.0,0.0,0.0,1.700333738494873,0,gen
0.0,0.0,0.0,0.0,0.0,0.0,0.0,0.0,35.0,1.2000433328717155,0,orig
35.0,0.0,0.0,35.0,70.0,0.0,0.0,0.0,0.0,12.231045911323482,1,gen
35.0,0.0,35.0,35.0,0.0,0.0,35.0,0.0,0.0,23.097131896434433,1,orig
0.0,0.0,0.0,0.0,0.0,0.0,0.0,0.0,0.0,0.0,0,orig
0.0,0.0,0.0,0.0,35.0,0.0,0.0,0.0,0.0,1.700333738494873,0,gen
0.0,0.0,0.0,0.0,0.0,0.0,0.0,0.0,0.0,0.0,0,gen
0.0,0.0,35.0,35.0,70.0,0.0,35.0,0.0,0.0,20.00367551265985,1,gen
0.0,0.0,0.0,0.0,0.0,0.0,0.0,0.0,0.0,0.0,0,gen
35.0,0.0,35.0,0.0,0.0,35.0,0.0,0.0,0.0,17.758956159268,1,orig
70.0,0.0,35.0,0.0,0.0,0.0,35.0,0.0,0.0,27.255001183629368,1,orig
0.0,0.0,0.0,0.0,70.0,0.0,35.0,35.0,0.0,14.134821038522606,1,gen
35.0,0.0,35.0,35.0,0.0,0.0,70.0,0.0,0.0,29.46785555660794,1,orig
0.0,0.0,0.0,0.0,0.0,0.0,0.0,0.0,0.0,0.0,0,orig
0.0,0.0,35.0,0.0,70.0,35.0,0.0,0.0,0.0,14.665499775493412,1,gen
0.0,0.0,0.0,0.0,0.0,0.0,0.0,0.0,0.0,0.0,0,gen
0.0,0.0,0.0,0.0,0.0,0.0,0.0,0.0,35.0,1.2000433328717155,0,gen
0.0,0.0,0.0,0.0,35.0,0.0,0.0,0.0,0.0,1.700333738494873,0,orig
70.0,0.0,35.0,0.0,70.0,0.0,70.0,0.0,0.0,37.02639232079262,1,gen
35.0,0.0,0.0,0.0,35.0,0.0,0.0,0.0,35.0,9.39450093213092,0,orig
0.0,0.0,0.0,0.0,35.0,0.0,35.0,0.0,0.0,8.071057398668378,0,gen
35.0,0.0,35.0,35.0,0.0,0.0,35.0,0.0,0.0,23.097131896434433,1,gen
70.0,70.0,35.0,100.0,0.0,0.0,0.0,35.0,35.0,35.66328109355438,1,orig
35.0,70.0,0.0,100.0,70.0,0.0,0.0,70.0,35.0,29.037224809211956,1,gen
35.0,0.0,35.0,0.0,0.0,35.0,100.0,0.0,0.0,35.96102375976373,1,orig
0.0,0.0,0.0,0.0,35.0,0.0,0.0,0.0,0.0,1.700333738494873,0,gen
0.0,0.0,0.0,0.0,0.0,0.0,0.0,0.0,0.0,0.0,0,gen
70.0,70.0,35.0,100.0,70.0,0.0,0.0,35.0,35.0,39.06394857054413,1,gen
0.0,0.0,0.0,0.0,0.0,35.0,0.0,0.0,0.0,3.3688024965764733,0,orig
0.0,0.0,0.0,0.0,0.0,35.0,0.0,0.0,0.0,3.3688024965764733,0,gen
35.0,0.0,35.0,35.0,0.0,0.0,70.0,0.0,0.0,29.46785555660794,1,gen
0.0,0.0,0.0,0.0,35.0,0.0,35.0,0.0,0.0,8.071057398668378,0,gen
0.0,0.0,0.0,0.0,0.0,0.0,0.0,0.0,35.0,1.2000433328717155,0,gen
0.0,0.0,0.0,0.0,35.0,0.0,0.0,0.0,0.0,1.700333738494873,0,orig
70.0,0.0,35.0,0.0,0.0,0.0,35.0,0.0,0.0,27.255001183629368,1,orig
35.0,70.0,0.0,100.0,70.0,0.0,0.0,70.0,35.0,29.037224809211956,1,gen
0.0,0.0,0.0,0.0,35.0,0.0,0.0,0.0,0.0,1.700333738494873,0,gen
35.0,0.0,0.0,0.0,70.0,35.0,0.0,0.0,0.0,13.263593834330552,1,gen
0.0,0.0,0.0,0.0,0.0,35.0,35.0,35.0,35.0,15.30299939098105,1,gen
0.0,0.0,0.0,35.0,70.0,0.0,0.0,0.0,0.0,5.73692205055915,1,gen
70.0,0.0,70.0,0.0,35.0,0.0,100.0,35.0,35.0,54.246181898604725,1,orig
0.0,0.0,0.0,0.0,0.0,0.0,0.0,0.0,0.0,0.0,0,gen
35.0,0.0,0.0,35.0,70.0,0.0,0.0,0.0,0.0,12.231045911323482,1,gen
35.0,0.0,35.0,0.0,0.0,35.0,35.0,0.0,0.0,24.129679819441506,1,orig
0.0,0.0,0.0,0.0,0.0,35.0,0.0,0.0,0.0,3.3688024965764733,0,orig
35.0,0.0,35.0,0.0,0.0,35.0,70.0,0.0,0.0,30.50040347961501,1,gen
70.0,0.0,70.0,0.0,35.0,0.0,100.0,35.0,35.0,54.246181898604725,1,orig
0.0,0.0,0.0,0.0,70.0,35.0,0.0,0.0,0.0,6.769469973566219,1,gen
70.0,0.0,0.0,0.0,70.0,35.0,35.0,35.0,0.0,30.491871256627746,1,gen
70.0,0.0,35.0,0.0,70.0,0.0,70.0,0.0,0.0,37.02639232079262,1,gen
70.0,70.0,35.0,100.0,0.0,0.0,0.0,35.0,35.0,35.66328109355438,1,orig
35.0,0.0,35.0,0.0,0.0,35.0,70.0,0.0,0.0,30.50040347961501,1,orig
70.0,0.0,70.0,0.0,70.0,0.0,100.0,35.0,35.0,55.946515637099594,1,gen
0.0,0.0,0.0,0.0,35.0,0.0,0.0,0.0,0.0,1.700333738494873,0,gen
35.0,0.0,35.0,0.0,0.0,35.0,100.0,0.0,0.0,35.96102375976373,1,orig
35.0,0.0,35.0,0.0,0.0,35.0,0.0,0.0,0.0,17.758956159268,1,orig
70.0,70.0,35.0,100.0,0.0,0.0,0.0,35.0,35.0,35.66328109355438,1,orig
70.0,0.0,35.0,0.0,35.0,70.0,70.0,35.0,0.0,46.42709347681004,1,orig
70.0,70.0,35.0,100.0,0.0,0.0,0.0,35.0,35.0,35.66328109355438,1,orig
0.0,0.0,0.0,0.0,0.0,35.0,0.0,0.0,0.0,3.3688024965764733,0,gen
0.0,0.0,0.0,0.0,35.0,0.0,0.0,0.0,0.0,1.700333738494873,0,gen
0.0,0.0,0.0,0.0,35.0,0.0,0.0,0.0,0.0,1.700333738494873,0,orig
0.0,0.0,0.0,0.0,0.0,0.0,0.0,0.0,35.0,1.2000433328717155,0,gen
35.0,0.0,0.0,0.0,0.0,0.0,0.0,0.0,0.0,6.494123860764333,0,orig
35.0,0.0,0.0,0.0,0.0,0.0,0.0,0.0,0.0,6.494123860764333,0,gen
0.0,0.0,0.0,0.0,0.0,0.0,0.0,0.0,0.0,0.0,0,orig
35.0,0.0,35.0,0.0,0.0,35.0,70.0,0.0,0.0,30.50040347961501,1,orig
0.0,0.0,0.0,0.0,0.0,0.0,0.0,0.0,0.0,0.0,0,orig
0.0,0.0,0.0,0.0,0.0,0.0,0.0,0.0,0.0,0.0,0,orig
35.0,0.0,35.0,35.0,0.0,0.0,35.0,0.0,0.0,23.097131896434433,1,gen
35.0,0.0,0.0,0.0,0.0,0.0,35.0,35.0,0.0,17.228277422297193,1,gen
35.0,0.0,35.0,35.0,0.0,0.0,35.0,0.0,0.0,23.097131896434433,1,orig
70.0,70.0,35.0,100.0,0.0,0.0,0.0,35.0,35.0,35.66328109355438,1,orig
35.0,70.0,0.0,100.0,70.0,0.0,0.0,70.0,35.0,29.037224809211956,1,gen
70.0,0.0,35.0,0.0,0.0,0.0,70.0,0.0,0.0,33.62572484380287,1,orig
70.0,70.0,35.0,100.0,0.0,0.0,0.0,35.0,35.0,35.66328109355438,1,orig
70.0,0.0,35.0,0.0,0.0,0.0,70.0,0.0,0.0,33.62572484380287,1,gen
35.0,0.0,35.0,35.0,0.0,0.0,70.0,0.0,0.0,29.46785555660794,1,orig
35.0,0.0,35.0,0.0,0.0,35.0,70.0,0.0,0.0,30.50040347961501,1,orig
0.0,0.0,0.0,0.0,35.0,0.0,0.0,0.0,0.0,1.700333738494873,0,orig
0.0,0.0,0.0,0.0,35.0,0.0,0.0,0.0,0.0,1.700333738494873,0,orig
70.0,0.0,70.0,0.0,35.0,0.0,100.0,35.0,35.0,54.246181898604725,1,orig
0.0,0.0,0.0,0.0,0.0,35.0,0.0,0.0,0.0,3.3688024965764733,0,orig
70.0,0.0,70.0,0.0,35.0,0.0,100.0,35.0,35.0,54.246181898604725,1,orig
0.0,0.0,0.0,0.0,35.0,0.0,35.0,35.0,0.0,12.434487300027733,0,gen
0.0,0.0,0.0,0.0,0.0,0.0,0.0,0.0,35.0,1.2000433328717155,0,orig
0.0,0.0,0.0,0.0,0.0,0.0,0.0,0.0,0.0,0.0,0,gen
0.0,0.0,0.0,0.0,70.0,0.0,35.0,35.0,0.0,14.134821038522606,1,gen
35.0,0.0,35.0,0.0,70.0,35.0,35.0,0.0,0.0,27.530347296431252,1,gen
35.0,0.0,0.0,0.0,35.0,0.0,0.0,0.0,35.0,9.39450093213092,0,gen
0.0,0.0,0.0,0.0,35.0,0.0,0.0,0.0,0.0,1.700333738494873,0,gen
0.0,0.0,0.0,0.0,35.0,0.0,0.0,0.0,0.0,1.700333738494873,0,gen
70.0,0.0,35.0,0.0,70.0,0.0,70.0,0.0,0.0,37.02639232079262,1,gen
0.0,0.0,0.0,0.0,35.0,0.0,0.0,0.0,0.0,1.700333738494873,0,gen
35.0,70.0,35.0,100.0,0.0,0.0,0.0,35.0,35.0,29.169157232790045,1,gen
0.0,0.0,0.0,0.0,0.0,35.0,70.0,70.0,35.0,26.03715295251391,1,gen
0.0,0.0,0.0,0.0,35.0,0.0,0.0,0.0,0.0,1.700333738494873,0,orig
35.0,0.0,35.0,0.0,70.0,35.0,0.0,0.0,0.0,21.159623636257745,1,gen
35.0,0.0,35.0,35.0,0.0,0.0,35.0,0.0,0.0,23.097131896434433,1,orig
0.0,0.0,0.0,0.0,35.0,0.0,0.0,0.0,0.0,1.700333738494873,0,gen
0.0,0.0,0.0,0.0,35.0,0.0,0.0,0.0,0.0,1.700333738494873,0,orig
35.0,0.0,35.0,0.0,0.0,35.0,35.0,0.0,0.0,24.129679819441506,1,orig
0.0,0.0,0.0,0.0,0.0,0.0,0.0,0.0,35.0,1.2000433328717155,0,gen
0.0,0.0,0.0,0.0,0.0,0.0,0.0,0.0,0.0,0.0,0,orig
0.0,0.0,0.0,0.0,0.0,0.0,0.0,0.0,0.0,0.0,0,gen
35.0,0.0,35.0,35.0,0.0,0.0,35.0,0.0,0.0,23.097131896434433,1,orig
70.0,70.0,35.0,100.0,0.0,0.0,0.0,35.0,35.0,35.66328109355438,1,orig
0.0,0.0,0.0,0.0,35.0,0.0,35.0,35.0,0.0,12.434487300027733,0,gen
35.0,0.0,35.0,0.0,70.0,35.0,35.0,0.0,0.0,27.530347296431252,1,gen
0.0,0.0,0.0,0.0,0.0,0.0,35.0,35.0,0.0,10.73415356153286,1,gen
70.0,0.0,35.0,0.0,35.0,70.0,70.0,35.0,0.0,46.42709347681004,1,orig
35.0,0.0,35.0,0.0,0.0,35.0,70.0,0.0,0.0,30.50040347961501,1,orig
35.0,70.0,35.0,100.0,70.0,0.0,0.0,35.0,35.0,32.569824709779795,1,gen
0.0,0.0,0.0,0.0,0.0,0.0,0.0,0.0,0.0,0.0,0,orig
35.0,0.0,0.0,0.0,35.0,0.0,0.0,0.0,35.0,9.39450093213092,0,gen
70.0,0.0,35.0,0.0,70.0,0.0,70.0,70.0,35.0,46.953295456383046,1,gen
0.0,0.0,0.0,0.0,0.0,0.0,0.0,0.0,0.0,0.0,0,gen
0.0,0.0,0.0,0.0,0.0,0.0,0.0,0.0,0.0,0.0,0,gen
70.0,0.0,35.0,0.0,0.0,0.0,35.0,0.0,0.0,27.255001183629368,1,gen
35.0,0.0,35.0,35.0,0.0,0.0,35.0,0.0,0.0,23.097131896434433,1,orig
70.0,70.0,0.0,100.0,70.0,0.0,0.0,70.0,35.0,35.53134866997629,1,gen
0.0,0.0,0.0,0.0,0.0,0.0,0.0,0.0,0.0,0.0,0,gen
0.0,0.0,0.0,0.0,35.0,0.0,35.0,35.0,0.0,12.434487300027733,0,gen
0.0,0.0,0.0,0.0,0.0,0.0,0.0,0.0,0.0,0.0,0,gen
35.0,35.0,0.0,100.0,70.0,0.0,0.0,35.0,35.0,23.403536273589452,1,gen
0.0,0.0,0.0,0.0,35.0,0.0,0.0,0.0,0.0,1.700333738494873,0,orig
35.0,0.0,35.0,0.0,0.0,35.0,0.0,0.0,0.0,17.758956159268,1,gen
0.0,0.0,0.0,0.0,0.0,0.0,0.0,0.0,0.0,0.0,0,orig
35.0,0.0,0.0,0.0,35.0,0.0,0.0,0.0,35.0,9.39450093213092,0,orig
0.0,0.0,0.0,0.0,0.0,0.0,0.0,0.0,0.0,0.0,0,orig
0.0,0.0,0.0,0.0,35.0,0.0,0.0,0.0,0.0,1.700333738494873,0,orig
70.0,0.0,35.0,0.0,0.0,35.0,70.0,35.0,0.0,41.3579572417387,1,gen
70.0,70.0,35.0,100.0,0.0,0.0,0.0,35.0,35.0,35.66328109355438,1,orig
35.0,0.0,35.0,35.0,70.0,0.0,35.0,0.0,0.0,26.49779937342418,1,gen
70.0,0.0,35.0,0.0,35.0,70.0,70.0,35.0,0.0,46.42709347681004,1,orig
35.0,0.0,35.0,35.0,0.0,0.0,35.0,0.0,0.0,23.097131896434433,1,orig
70.0,0.0,35.0,0.0,0.0,0.0,35.0,0.0,0.0,27.255001183629368,1,orig
35.0,0.0,35.0,0.0,0.0,35.0,35.0,0.0,0.0,24.129679819441506,1,orig
0.0,0.0,35.0,0.0,0.0,35.0,70.0,35.0,35.0,29.56975285308175,1,orig
70.0,0.0,35.0,0.0,0.0,0.0,35.0,0.0,0.0,27.255001183629368,1,orig
35.0,0.0,35.0,35.0,0.0,0.0,70.0,0.0,0.0,29.46785555660794,1,orig
35.0,0.0,0.0,0.0,0.0,0.0,0.0,0.0,0.0,6.494123860764333,0,gen
35.0,0.0,0.0,0.0,0.0,0.0,0.0,0.0,0.0,6.494123860764333,0,orig
0.0,0.0,0.0,0.0,0.0,0.0,0.0,0.0,0.0,0.0,0,gen
0.0,0.0,35.0,0.0,0.0,35.0,70.0,35.0,35.0,29.56975285308175,1,orig
70.0,0.0,35.0,0.0,70.0,0.0,100.0,70.0,35.0,52.41391573653176,1,gen
0.0,0.0,0.0,0.0,0.0,35.0,0.0,0.0,0.0,3.3688024965764733,0,orig
35.0,0.0,0.0,0.0,0.0,0.0,0.0,0.0,0.0,6.494123860764333,0,orig
35.0,0.0,35.0,0.0,0.0,35.0,35.0,0.0,0.0,24.129679819441506,1,orig
0.0,0.0,35.0,0.0,0.0,35.0,70.0,35.0,35.0,29.56975285308175,1,orig
70.0,0.0,35.0,0.0,35.0,70.0,70.0,35.0,0.0,46.42709347681004,1,orig
35.0,0.0,0.0,0.0,35.0,0.0,0.0,0.0,35.0,9.39450093213092,0,orig
35.0,0.0,0.0,0.0,0.0,0.0,0.0,0.0,0.0,6.494123860764333,0,orig
0.0,0.0,0.0,0.0,35.0,0.0,35.0,0.0,0.0,8.071057398668378,0,gen
70.0,0.0,35.0,0.0,0.0,35.0,70.0,35.0,0.0,41.3579572417387,1,gen
0.0,0.0,35.0,0.0,70.0,35.0,0.0,0.0,0.0,14.665499775493412,1,gen
0.0,0.0,0.0,0.0,35.0,0.0,0.0,0.0,0.0,1.700333738494873,0,orig
0.0,0.0,35.0,0.0,70.0,35.0,0.0,0.0,0.0,14.665499775493412,1,gen
0.0,0.0,35.0,0.0,0.0,35.0,70.0,35.0,35.0,29.56975285308175,1,orig
35.0,0.0,0.0,0.0,0.0,0.0,0.0,0.0,0.0,6.494123860764333,0,orig
0.0,0.0,0.0,0.0,0.0,0.0,0.0,0.0,0.0,0.0,0,gen
70.0,70.0,35.0,100.0,0.0,0.0,0.0,35.0,35.0,35.66328109355438,1,orig
0.0,0.0,0.0,0.0,35.0,0.0,0.0,0.0,0.0,1.700333738494873,0,orig
0.0,0.0,0.0,0.0,0.0,35.0,0.0,0.0,0.0,3.3688024965764733,0,gen
70.0,0.0,35.0,0.0,0.0,0.0,70.0,0.0,0.0,33.62572484380287,1,orig
0.0,0.0,0.0,0.0,0.0,0.0,0.0,0.0,0.0,0.0,0,gen
70.0,0.0,35.0,0.0,0.0,0.0,35.0,0.0,0.0,27.255001183629368,1,orig
35.0,0.0,35.0,0.0,0.0,35.0,0.0,0.0,0.0,17.758956159268,1,orig
70.0,0.0,35.0,0.0,0.0,0.0,70.0,0.0,0.0,33.62572484380287,1,orig
70.0,0.0,70.0,0.0,70.0,0.0,100.0,35.0,35.0,55.946515637099594,1,gen
70.0,0.0,70.0,0.0,35.0,0.0,100.0,35.0,35.0,54.246181898604725,1,orig
70.0,70.0,35.0,100.0,70.0,0.0,0.0,35.0,35.0,39.06394857054413,1,gen
70.0,0.0,70.0,0.0,35.0,0.0,100.0,35.0,35.0,54.246181898604725,1,orig
0.0,0.0,0.0,0.0,0.0,0.0,0.0,0.0,35.0,1.2000433328717155,0,orig
35.0,35.0,0.0,100.0,0.0,0.0,0.0,35.0,35.0,20.002868796599707,1,gen
35.0,0.0,0.0,0.0,35.0,35.0,35.0,70.0,0.0,26.660843558727898,1,gen
35.0,0.0,0.0,0.0,0.0,0.0,0.0,0.0,0.0,6.494123860764333,0,gen
0.0,0.0,0.0,0.0,0.0,35.0,0.0,0.0,0.0,3.3688024965764733,0,orig
70.0,0.0,35.0,0.0,0.0,0.0,70.0,0.0,0.0,33.62572484380287,1,gen
0.0,0.0,0.0,0.0,35.0,0.0,0.0,0.0,0.0,1.700333738494873,0,gen
70.0,70.0,35.0,100.0,0.0,0.0,0.0,35.0,35.0,35.66328109355438,1,orig
35.0,0.0,0.0,0.0,70.0,35.0,70.0,35.0,0.0,30.368471056036917,1,gen
70.0,0.0,35.0,0.0,0.0,0.0,70.0,0.0,0.0,33.62572484380287,1,orig
0.0,0.0,0.0,0.0,0.0,0.0,0.0,0.0,0.0,0.0,0,orig
35.0,0.0,35.0,0.0,70.0,35.0,35.0,0.0,0.0,27.530347296431252,1,gen
70.0,0.0,35.0,0.0,0.0,0.0,35.0,0.0,0.0,27.255001183629368,1,orig
0.0,0.0,0.0,0.0,70.0,0.0,70.0,70.0,0.0,24.868974600055466,1,gen
0.0,0.0,0.0,0.0,35.0,0.0,35.0,0.0,0.0,8.071057398668378,0,gen
70.0,0.0,35.0,0.0,70.0,70.0,70.0,35.0,0.0,48.12742721530492,1,gen
70.0,0.0,70.0,0.0,35.0,0.0,100.0,35.0,35.0,54.246181898604725,1,orig
0.0,0.0,0.0,0.0,0.0,0.0,0.0,0.0,0.0,0.0,0,orig
35.0,70.0,35.0,100.0,70.0,0.0,0.0,35.0,35.0,32.569824709779795,1,gen
35.0,70.0,0.0,100.0,70.0,0.0,0.0,35.0,35.0,24.6737949078526,1,gen
0.0,0.0,0.0,0.0,35.0,0.0,0.0,0.0,0.0,1.700333738494873,0,orig
70.0,70.0,35.0,100.0,0.0,0.0,0.0,35.0,35.0,35.66328109355438,1,orig
0.0,0.0,0.0,0.0,0.0,0.0,0.0,0.0,0.0,0.0,0,orig
0.0,0.0,0.0,0.0,35.0,0.0,0.0,0.0,0.0,1.700333738494873,0,gen
35.0,0.0,35.0,0.0,0.0,35.0,70.0,0.0,0.0,30.50040347961501,1,orig
70.0,0.0,35.0,0.0,35.0,70.0,70.0,35.0,0.0,46.42709347681004,1,orig
0.0,0.0,0.0,0.0,0.0,0.0,0.0,0.0,35.0,1.2000433328717155,0,orig
0.0,0.0,0.0,0.0,0.0,35.0,35.0,35.0,35.0,15.30299939098105,1,gen
0.0,0.0,35.0,0.0,0.0,35.0,70.0,35.0,35.0,29.56975285308175,1,orig
0.0,0.0,0.0,0.0,35.0,0.0,0.0,0.0,0.0,1.700333738494873,0,orig
35.0,70.0,35.0,100.0,70.0,0.0,0.0,35.0,35.0,32.569824709779795,1,gen
0.0,0.0,0.0,0.0,35.0,0.0,0.0,0.0,0.0,1.700333738494873,0,orig
0.0,0.0,0.0,0.0,0.0,0.0,0.0,0.0,0.0,0.0,0,gen
70.0,0.0,35.0,0.0,70.0,70.0,70.0,35.0,0.0,48.12742721530492,1,gen
70.0,0.0,70.0,0.0,35.0,0.0,100.0,35.0,35.0,54.246181898604725,1,orig
70.0,0.0,70.0,0.0,70.0,0.0,100.0,35.0,35.0,55.946515637099594,1,gen
35.0,0.0,35.0,35.0,0.0,0.0,70.0,0.0,0.0,29.46785555660794,1,orig
0.0,0.0,0.0,0.0,0.0,35.0,0.0,0.0,0.0,3.3688024965764733,0,gen
0.0,0.0,0.0,0.0,0.0,0.0,0.0,0.0,0.0,0.0,0,gen
35.0,35.0,0.0,100.0,70.0,0.0,0.0,35.0,35.0,23.403536273589452,1,gen
0.0,0.0,0.0,0.0,35.0,0.0,0.0,0.0,0.0,1.700333738494873,0,orig
0.0,0.0,35.0,0.0,0.0,35.0,70.0,35.0,35.0,29.56975285308175,1,orig
70.0,0.0,70.0,0.0,35.0,0.0,100.0,35.0,35.0,54.246181898604725,1,orig
0.0,0.0,0.0,0.0,35.0,0.0,0.0,0.0,0.0,1.700333738494873,0,gen
0.0,0.0,35.0,0.0,70.0,0.0,70.0,35.0,0.0,28.40157450062331,1,gen
35.0,0.0,35.0,35.0,0.0,0.0,70.0,0.0,0.0,29.46785555660794,1,orig
0.0,0.0,0.0,0.0,0.0,0.0,0.0,0.0,0.0,0.0,0,orig
70.0,0.0,0.0,0.0,35.0,35.0,35.0,35.0,0.0,28.791537518132873,1,gen
70.0,70.0,35.0,100.0,0.0,0.0,0.0,35.0,35.0,35.66328109355438,1,orig
70.0,70.0,35.0,100.0,0.0,0.0,0.0,35.0,35.0,35.66328109355438,1,orig
35.0,0.0,35.0,0.0,0.0,35.0,0.0,0.0,0.0,17.758956159268,1,orig
70.0,0.0,35.0,0.0,0.0,35.0,70.0,35.0,0.0,41.3579572417387,1,gen
70.0,70.0,35.0,100.0,70.0,0.0,0.0,35.0,35.0,39.06394857054413,1,gen
35.0,0.0,35.0,0.0,70.0,35.0,0.0,0.0,0.0,21.159623636257745,1,gen
0.0,0.0,0.0,0.0,0.0,0.0,35.0,35.0,0.0,10.73415356153286,1,gen
35.0,0.0,0.0,0.0,0.0,0.0,0.0,0.0,0.0,6.494123860764333,0,gen
0.0,0.0,0.0,0.0,35.0,0.0,35.0,35.0,0.0,12.434487300027733,0,gen
0.0,0.0,0.0,0.0,0.0,35.0,0.0,0.0,0.0,3.3688024965764733,0,gen
35.0,0.0,35.0,0.0,0.0,35.0,35.0,0.0,0.0,24.129679819441506,1,orig
0.0,0.0,0.0,0.0,0.0,0.0,0.0,0.0,0.0,0.0,0,orig
35.0,0.0,35.0,35.0,0.0,0.0,35.0,0.0,0.0,23.097131896434433,1,orig
0.0,0.0,0.0,0.0,0.0,0.0,0.0,0.0,0.0,0.0,0,gen
0.0,0.0,0.0,0.0,0.0,0.0,0.0,0.0,0.0,0.0,0,gen
35.0,0.0,35.0,35.0,70.0,0.0,0.0,0.0,0.0,20.127075713250676,1,gen
70.0,0.0,0.0,0.0,70.0,35.0,35.0,35.0,0.0,30.491871256627746,1,gen
0.0,0.0,0.0,0.0,0.0,35.0,0.0,0.0,0.0,3.3688024965764733,0,orig
70.0,0.0,35.0,0.0,35.0,70.0,70.0,35.0,0.0,46.42709347681004,1,orig
35.0,0.0,0.0,0.0,0.0,0.0,0.0,0.0,0.0,6.494123860764333,0,gen
35.0,0.0,0.0,0.0,35.0,0.0,0.0,0.0,35.0,9.39450093213092,0,orig
0.0,0.0,0.0,0.0,0.0,35.0,0.0,70.0,35.0,13.2957056321669,1,gen
35.0,35.0,0.0,100.0,0.0,0.0,0.0,70.0,35.0,24.36629869795906,1,gen
70.0,0.0,70.0,0.0,70.0,0.0,100.0,35.0,35.0,55.946515637099594,1,gen
70.0,0.0,35.0,0.0,35.0,70.0,70.0,35.0,0.0,46.42709347681004,1,orig
35.0,0.0,35.0,0.0,0.0,35.0,0.0,0.0,0.0,17.758956159268,1,orig
0.0,0.0,35.0,0.0,0.0,35.0,70.0,35.0,35.0,29.56975285308175,1,orig
70.0,0.0,35.0,0.0,35.0,70.0,70.0,35.0,0.0,46.42709347681004,1,orig
0.0,0.0,0.0,0.0,35.0,0.0,0.0,0.0,0.0,1.700333738494873,0,gen
70.0,0.0,0.0,0.0,70.0,0.0,35.0,35.0,35.0,28.323112092922987,1,gen
70.0,0.0,35.0,0.0,70.0,0.0,35.0,0.0,0.0,30.655668660619114,1,gen
35.0,0.0,0.0,0.0,0.0,0.0,0.0,0.0,0.0,6.494123860764333,0,gen
70.0,70.0,35.0,100.0,0.0,0.0,0.0,35.0,35.0,35.66328109355438,1,orig
0.0,0.0,0.0,0.0,35.0,0.0,0.0,0.0,0.0,1.700333738494873,0,orig
35.0,0.0,35.0,0.0,0.0,35.0,100.0,0.0,0.0,35.96102375976373,1,orig
0.0,0.0,0.0,0.0,0.0,0.0,0.0,0.0,35.0,1.2000433328717155,0,orig
0.0,0.0,0.0,0.0,0.0,35.0,0.0,0.0,0.0,3.3688024965764733,0,gen
35.0,0.0,0.0,0.0,0.0,0.0,0.0,0.0,0.0,6.494123860764333,0,gen
0.0,0.0,0.0,0.0,35.0,0.0,0.0,0.0,0.0,1.700333738494873,0,orig
0.0,0.0,35.0,0.0,0.0,35.0,70.0,35.0,35.0,29.56975285308175,1,orig
70.0,0.0,35.0,0.0,0.0,0.0,70.0,35.0,35.0,39.18919807803394,1,gen
70.0,70.0,35.0,100.0,0.0,0.0,0.0,35.0,35.0,35.66328109355438,1,orig
0.0,0.0,0.0,0.0,70.0,0.0,35.0,35.0,0.0,14.134821038522606,1,gen
0.0,0.0,0.0,0.0,35.0,0.0,0.0,0.0,0.0,1.700333738494873,0,gen
0.0,0.0,0.0,0.0,0.0,0.0,0.0,0.0,35.0,1.2000433328717155,0,gen
0.0,0.0,0.0,0.0,0.0,0.0,0.0,0.0,0.0,0.0,0,gen
0.0,0.0,0.0,0.0,35.0,0.0,35.0,35.0,0.0,12.434487300027733,0,gen
70.0,70.0,35.0,100.0,0.0,0.0,0.0,35.0,35.0,35.66328109355438,1,orig
70.0,0.0,35.0,0.0,0.0,0.0,35.0,35.0,35.0,32.818474417860436,1,gen
0.0,0.0,0.0,0.0,0.0,0.0,35.0,35.0,0.0,10.73415356153286,1,gen
70.0,70.0,35.0,100.0,0.0,0.0,0.0,35.0,35.0,35.66328109355438,1,orig
0.0,0.0,35.0,0.0,0.0,35.0,70.0,35.0,35.0,29.56975285308175,1,orig
0.0,0.0,35.0,0.0,70.0,35.0,35.0,0.0,0.0,21.03622343566692,1,gen
70.0,0.0,35.0,0.0,35.0,70.0,70.0,35.0,0.0,46.42709347681004,1,orig
70.0,0.0,35.0,0.0,70.0,0.0,35.0,0.0,0.0,30.655668660619114,1,gen
35.0,0.0,0.0,0.0,35.0,0.0,0.0,0.0,35.0,9.39450093213092,0,orig
0.0,0.0,0.0,0.0,70.0,35.0,0.0,0.0,0.0,6.769469973566219,1,gen
0.0,0.0,0.0,0.0,35.0,0.0,0.0,0.0,0.0,1.700333738494873,0,gen
0.0,0.0,0.0,0.0,0.0,0.0,0.0,0.0,0.0,0.0,0,orig
70.0,0.0,35.0,0.0,35.0,0.0,70.0,35.0,35.0,40.889531816528816,1,gen
35.0,0.0,35.0,0.0,0.0,35.0,100.0,0.0,0.0,35.96102375976373,1,orig
35.0,0.0,35.0,35.0,0.0,0.0,70.0,0.0,0.0,29.46785555660794,1,orig
0.0,0.0,0.0,0.0,0.0,0.0,0.0,0.0,35.0,1.2000433328717155,0,orig
0.0,0.0,35.0,0.0,0.0,35.0,70.0,35.0,35.0,29.56975285308175,1,orig
0.0,0.0,0.0,0.0,35.0,0.0,0.0,0.0,0.0,1.700333738494873,0,gen
35.0,0.0,0.0,0.0,0.0,0.0,0.0,0.0,0.0,6.494123860764333,0,orig
0.0,0.0,0.0,0.0,0.0,35.0,0.0,0.0,0.0,3.3688024965764733,0,orig
0.0,0.0,0.0,0.0,0.0,35.0,0.0,0.0,0.0,3.3688024965764733,0,orig
35.0,0.0,35.0,0.0,0.0,35.0,70.0,0.0,0.0,30.50040347961501,1,orig
0.0,0.0,35.0,0.0,0.0,35.0,70.0,35.0,35.0,29.56975285308175,1,orig
35.0,0.0,35.0,35.0,0.0,0.0,70.0,0.0,0.0,29.46785555660794,1,orig
0.0,0.0,0.0,0.0,0.0,35.0,0.0,0.0,0.0,3.3688024965764733,0,orig
0.0,0.0,0.0,0.0,0.0,0.0,0.0,0.0,0.0,0.0,0,orig
0.0,0.0,0.0,0.0,0.0,35.0,0.0,0.0,0.0,3.3688024965764733,0,orig
70.0,0.0,35.0,0.0,0.0,0.0,35.0,0.0,0.0,27.255001183629368,1,orig
35.0,0.0,0.0,0.0,0.0,0.0,0.0,0.0,0.0,6.494123860764333,0,orig
0.0,0.0,0.0,0.0,35.0,0.0,0.0,0.0,0.0,1.700333738494873,0,gen
35.0,0.0,35.0,35.0,70.0,0.0,70.0,0.0,0.0,32.86852303359768,1,gen
0.0,0.0,0.0,0.0,0.0,0.0,0.0,0.0,0.0,0.0,0,orig
35.0,0.0,0.0,0.0,35.0,70.0,0.0,70.0,0.0,23.658922395130865,1,gen
70.0,0.0,0.0,0.0,70.0,70.0,70.0,70.0,0.0,44.59482731473708,1,gen
0.0,0.0,0.0,0.0,0.0,35.0,0.0,0.0,0.0,3.3688024965764733,0,gen
0.0,0.0,0.0,0.0,0.0,0.0,0.0,0.0,35.0,1.2000433328717155,0,orig
70.0,0.0,35.0,0.0,70.0,35.0,70.0,35.0,0.0,44.75862471872844,1,gen
35.0,0.0,0.0,0.0,35.0,0.0,0.0,0.0,35.0,9.39450093213092,0,orig
0.0,0.0,0.0,0.0,0.0,35.0,0.0,0.0,0.0,3.3688024965764733,0,gen
70.0,0.0,35.0,0.0,35.0,70.0,70.0,35.0,0.0,46.42709347681004,1,orig
0.0,0.0,0.0,0.0,35.0,0.0,0.0,0.0,0.0,1.700333738494873,0,orig
35.0,0.0,0.0,0.0,0.0,0.0,0.0,0.0,0.0,6.494123860764333,0,orig
35.0,0.0,35.0,0.0,0.0,35.0,0.0,0.0,0.0,17.758956159268,1,gen
70.0,0.0,35.0,0.0,70.0,70.0,70.0,35.0,0.0,48.12742721530492,1,gen
0.0,0.0,0.0,0.0,35.0,0.0,35.0,35.0,0.0,12.434487300027733,0,gen
0.0,0.0,0.0,0.0,0.0,35.0,0.0,0.0,0.0,3.3688024965764733,1,gen
35.0,0.0,35.0,0.0,0.0,35.0,35.0,0.0,0.0,24.129679819441506,1,orig
0.0,0.0,0.0,0.0,0.0,0.0,0.0,0.0,0.0,0.0,0,orig
0.0,0.0,0.0,0.0,0.0,0.0,0.0,0.0,35.0,1.2000433328717155,0,orig
0.0,0.0,0.0,0.0,35.0,0.0,0.0,0.0,0.0,1.700333738494873,0,orig
0.0,0.0,0.0,0.0,35.0,0.0,0.0,0.0,0.0,1.700333738494873,0,orig
70.0,0.0,70.0,0.0,0.0,0.0,100.0,35.0,35.0,52.545848160109855,1,gen
0.0,0.0,0.0,0.0,0.0,35.0,0.0,0.0,0.0,3.3688024965764733,0,orig
70.0,70.0,35.0,100.0,0.0,0.0,0.0,35.0,35.0,35.66328109355438,1,orig
35.0,0.0,0.0,0.0,35.0,0.0,0.0,0.0,35.0,9.39450093213092,0,gen
35.0,0.0,0.0,0.0,0.0,0.0,0.0,0.0,0.0,6.494123860764333,0,gen
0.0,0.0,35.0,35.0,0.0,0.0,35.0,0.0,0.0,16.603008035670104,1,gen
35.0,0.0,35.0,0.0,70.0,35.0,70.0,0.0,0.0,33.901070956604755,1,gen
0.0,0.0,0.0,0.0,0.0,0.0,0.0,0.0,0.0,0.0,0,orig
0.0,0.0,0.0,0.0,0.0,0.0,0.0,0.0,0.0,0.0,0,orig
0.0,0.0,0.0,0.0,0.0,0.0,0.0,0.0,0.0,0.0,0,orig
0.0,0.0,0.0,0.0,0.0,0.0,0.0,0.0,0.0,0.0,0,gen
0.0,0.0,0.0,0.0,70.0,0.0,0.0,70.0,0.0,12.127527279708458,1,gen
35.0,0.0,0.0,0.0,35.0,0.0,0.0,0.0,35.0,9.39450093213092,0,gen
35.0,0.0,0.0,0.0,35.0,0.0,0.0,0.0,35.0,9.39450093213092,0,gen
0.0,0.0,0.0,0.0,0.0,0.0,0.0,0.0,0.0,0.0,0,gen
35.0,0.0,35.0,35.0,0.0,0.0,35.0,0.0,0.0,23.097131896434433,1,orig
35.0,0.0,35.0,0.0,0.0,35.0,35.0,0.0,0.0,24.129679819441506,1,orig
70.0,0.0,70.0,0.0,35.0,0.0,100.0,35.0,35.0,54.246181898604725,1,orig
0.0,0.0,0.0,0.0,35.0,0.0,35.0,0.0,0.0,8.071057398668378,0,gen
70.0,0.0,35.0,0.0,0.0,0.0,70.0,0.0,0.0,33.62572484380287,1,orig
70.0,0.0,35.0,0.0,35.0,70.0,70.0,35.0,0.0,46.42709347681004,1,orig
0.0,0.0,0.0,0.0,35.0,0.0,0.0,0.0,0.0,1.700333738494873,0,gen
0.0,0.0,0.0,0.0,35.0,0.0,0.0,0.0,0.0,1.700333738494873,0,orig
0.0,0.0,0.0,0.0,35.0,0.0,35.0,0.0,0.0,8.071057398668378,0,gen
70.0,0.0,35.0,0.0,35.0,0.0,70.0,70.0,35.0,45.25296171788817,1,gen
0.0,0.0,0.0,0.0,0.0,0.0,0.0,0.0,0.0,0.0,0,orig
0.0,0.0,0.0,0.0,0.0,0.0,0.0,0.0,0.0,0.0,0,orig
70.0,0.0,35.0,0.0,0.0,0.0,70.0,0.0,0.0,33.62572484380287,1,orig
70.0,0.0,35.0,0.0,35.0,70.0,70.0,35.0,0.0,46.42709347681004,1,orig
0.0,0.0,35.0,0.0,70.0,35.0,0.0,0.0,0.0,14.665499775493412,1,gen
70.0,0.0,70.0,0.0,35.0,0.0,100.0,35.0,35.0,54.246181898604725,1,orig
0.0,0.0,0.0,0.0,0.0,0.0,0.0,0.0,0.0,0.0,0,gen
35.0,0.0,35.0,0.0,0.0,35.0,70.0,0.0,0.0,30.50040347961501,1,gen
0.0,0.0,0.0,0.0,35.0,0.0,0.0,0.0,0.0,1.700333738494873,0,orig
35.0,0.0,35.0,35.0,70.0,0.0,35.0,0.0,0.0,26.49779937342418,1,gen
0.0,0.0,0.0,0.0,35.0,0.0,35.0,35.0,0.0,12.434487300027733,0,gen
0.0,0.0,0.0,0.0,35.0,0.0,35.0,0.0,0.0,8.071057398668378,0,gen
0.0,0.0,0.0,0.0,70.0,0.0,70.0,35.0,0.0,20.505544698696113,1,gen
35.0,0.0,35.0,35.0,70.0,0.0,35.0,0.0,0.0,26.49779937342418,1,gen
0.0,0.0,0.0,0.0,0.0,35.0,0.0,0.0,0.0,3.3688024965764733,0,orig
0.0,0.0,0.0,0.0,0.0,35.0,0.0,0.0,0.0,3.3688024965764733,0,orig
70.0,0.0,35.0,0.0,0.0,35.0,70.0,35.0,0.0,41.3579572417387,1,gen
0.0,0.0,0.0,0.0,0.0,0.0,0.0,0.0,0.0,0.0,0,gen
70.0,70.0,0.0,100.0,0.0,0.0,0.0,35.0,35.0,27.767251291627186,1,gen
0.0,0.0,0.0,0.0,0.0,0.0,0.0,0.0,0.0,0.0,0,orig
0.0,0.0,35.0,0.0,0.0,35.0,0.0,0.0,0.0,11.264832298503668,1,gen
0.0,0.0,0.0,0.0,0.0,0.0,0.0,0.0,35.0,1.2000433328717155,0,orig
35.0,0.0,0.0,0.0,35.0,0.0,0.0,0.0,35.0,9.39450093213092,0,orig
35.0,0.0,35.0,0.0,0.0,35.0,0.0,0.0,0.0,17.758956159268,1,orig
35.0,0.0,35.0,0.0,0.0,35.0,35.0,0.0,0.0,24.129679819441506,1,orig
0.0,0.0,0.0,0.0,0.0,0.0,0.0,0.0,0.0,0.0,0,gen
0.0,0.0,0.0,0.0,0.0,0.0,0.0,0.0,0.0,0.0,0,orig
35.0,0.0,0.0,0.0,0.0,0.0,0.0,0.0,0.0,6.494123860764333,0,gen
0.0,0.0,0.0,0.0,0.0,0.0,0.0,0.0,0.0,0.0,0,gen
0.0,0.0,0.0,0.0,0.0,35.0,0.0,0.0,0.0,3.3688024965764733,0,orig
0.0,0.0,0.0,0.0,0.0,0.0,0.0,0.0,0.0,0.0,0,orig
70.0,0.0,35.0,0.0,35.0,0.0,35.0,70.0,35.0,38.882238057714666,1,gen
35.0,0.0,0.0,0.0,35.0,0.0,0.0,0.0,35.0,9.39450093213092,0,orig
0.0,0.0,0.0,0.0,35.0,0.0,0.0,0.0,0.0,1.700333738494873,0,orig
0.0,0.0,0.0,0.0,0.0,0.0,0.0,0.0,35.0,1.2000433328717155,0,orig
35.0,0.0,0.0,0.0,35.0,0.0,0.0,0.0,35.0,9.39450093213092,0,gen
0.0,0.0,0.0,0.0,0.0,0.0,0.0,0.0,0.0,0.0,0,orig
35.0,0.0,35.0,0.0,0.0,35.0,100.0,0.0,0.0,35.96102375976373,1,orig
0.0,0.0,0.0,0.0,35.0,0.0,35.0,35.0,0.0,12.434487300027733,0,gen
0.0,0.0,0.0,0.0,0.0,0.0,0.0,0.0,0.0,0.0,0,orig
70.0,70.0,35.0,100.0,0.0,0.0,0.0,35.0,35.0,35.66328109355438,1,orig
0.0,0.0,0.0,0.0,35.0,0.0,35.0,35.0,0.0,12.434487300027733,0,gen
35.0,0.0,35.0,0.0,0.0,35.0,70.0,0.0,0.0,30.50040347961501,1,orig
0.0,0.0,35.0,0.0,0.0,35.0,70.0,35.0,35.0,29.56975285308175,1,orig
70.0,0.0,35.0,0.0,0.0,0.0,35.0,0.0,0.0,27.255001183629368,1,orig
0.0,0.0,0.0,0.0,35.0,0.0,0.0,0.0,0.0,1.700333738494873,0,gen
35.0,0.0,35.0,0.0,0.0,35.0,0.0,0.0,0.0,17.758956159268,1,gen
0.0,0.0,0.0,0.0,35.0,0.0,0.0,0.0,0.0,1.700333738494873,0,gen
70.0,0.0,35.0,0.0,35.0,70.0,70.0,35.0,0.0,46.42709347681004,1,orig
0.0,0.0,0.0,0.0,35.0,0.0,0.0,0.0,0.0,1.700333738494873,0,orig
35.0,0.0,0.0,0.0,0.0,0.0,0.0,0.0,0.0,6.494123860764333,0,gen
35.0,70.0,35.0,100.0,0.0,0.0,0.0,35.0,35.0,29.169157232790045,1,gen
0.0,0.0,35.0,0.0,0.0,35.0,70.0,35.0,35.0,29.56975285308175,1,orig
0.0,0.0,35.0,0.0,70.0,35.0,35.0,0.0,0.0,21.03622343566692,1,gen
35.0,0.0,0.0,0.0,0.0,0.0,0.0,0.0,0.0,6.494123860764333,0,orig
0.0,0.0,0.0,0.0,70.0,35.0,0.0,0.0,0.0,6.769469973566219,1,gen
35.0,0.0,0.0,0.0,35.0,0.0,0.0,0.0,35.0,9.39450093213092,0,orig
0.0,0.0,0.0,0.0,0.0,0.0,0.0,0.0,0.0,0.0,0,gen
0.0,0.0,0.0,0.0,0.0,0.0,0.0,0.0,0.0,0.0,0,gen
70.0,0.0,35.0,0.0,0.0,0.0,0.0,0.0,0.0,20.88427752345586,1,gen
0.0,0.0,35.0,0.0,0.0,35.0,70.0,35.0,35.0,29.56975285308175,1,orig
0.0,0.0,0.0,0.0,35.0,0.0,35.0,35.0,0.0,12.434487300027733,0,gen
0.0,0.0,35.0,0.0,70.0,35.0,0.0,0.0,0.0,14.665499775493412,1,gen
0.0,0.0,0.0,0.0,35.0,0.0,35.0,0.0,0.0,8.071057398668378,0,gen
35.0,0.0,0.0,0.0,0.0,0.0,0.0,0.0,0.0,6.494123860764333,0,orig
70.0,35.0,0.0,100.0,0.0,0.0,0.0,35.0,35.0,26.49699265736404,1,gen
0.0,0.0,0.0,0.0,0.0,0.0,0.0,0.0,35.0,1.2000433328717155,0,orig
0.0,0.0,35.0,0.0,70.0,35.0,0.0,0.0,0.0,14.665499775493412,1,gen
70.0,0.0,35.0,0.0,70.0,35.0,70.0,35.0,0.0,44.75862471872844,1,gen
35.0,0.0,35.0,0.0,0.0,35.0,35.0,0.0,0.0,24.129679819441506,1,orig
70.0,0.0,70.0,0.0,35.0,0.0,100.0,35.0,35.0,54.246181898604725,1,orig
70.0,70.0,35.0,100.0,0.0,0.0,0.0,35.0,35.0,35.66328109355438,1,orig
70.0,0.0,35.0,0.0,70.0,70.0,70.0,35.0,0.0,48.12742721530492,1,gen
0.0,0.0,35.0,0.0,0.0,35.0,0.0,0.0,0.0,11.264832298503668,1,gen
0.0,0.0,0.0,0.0,0.0,0.0,0.0,0.0,0.0,0.0,0,orig
70.0,0.0,35.0,0.0,0.0,0.0,70.0,0.0,0.0,33.62572484380287,1,orig
70.0,0.0,70.0,0.0,35.0,0.0,100.0,35.0,35.0,54.246181898604725,1,orig
0.0,0.0,35.0,0.0,0.0,35.0,70.0,35.0,35.0,29.56975285308175,1,orig
35.0,0.0,35.0,35.0,70.0,0.0,35.0,0.0,0.0,26.49779937342418,1,gen
35.0,0.0,0.0,0.0,0.0,0.0,0.0,0.0,0.0,6.494123860764333,0,gen
70.0,0.0,70.0,0.0,35.0,0.0,100.0,35.0,35.0,54.246181898604725,1,orig
35.0,0.0,0.0,0.0,70.0,0.0,35.0,35.0,0.0,20.62894489928694,1,gen
35.0,0.0,0.0,0.0,0.0,0.0,0.0,0.0,0.0,6.494123860764333,0,orig
0.0,0.0,0.0,0.0,70.0,0.0,0.0,35.0,0.0,7.764097378349102,1,gen
70.0,70.0,35.0,100.0,0.0,0.0,0.0,35.0,35.0,35.66328109355438,1,orig
0.0,0.0,0.0,0.0,35.0,0.0,35.0,0.0,0.0,8.071057398668378,0,gen
35.0,0.0,35.0,35.0,0.0,0.0,35.0,0.0,0.0,23.097131896434433,1,orig
35.0,0.0,0.0,0.0,35.0,0.0,0.0,0.0,35.0,9.39450093213092,0,orig
0.0,0.0,0.0,0.0,0.0,0.0,0.0,0.0,0.0,0.0,0,orig
35.0,0.0,0.0,0.0,35.0,0.0,0.0,0.0,35.0,9.39450093213092,0,orig
35.0,0.0,0.0,0.0,0.0,0.0,0.0,0.0,0.0,6.494123860764333,0,gen
0.0,0.0,0.0,0.0,35.0,0.0,35.0,35.0,0.0,12.434487300027733,0,gen
35.0,0.0,0.0,0.0,35.0,0.0,0.0,0.0,35.0,9.39450093213092,0,gen
0.0,0.0,35.0,0.0,70.0,35.0,35.0,0.0,0.0,21.03622343566692,1,gen
0.0,0.0,0.0,0.0,0.0,0.0,0.0,0.0,0.0,0.0,0,gen
0.0,0.0,0.0,0.0,35.0,0.0,0.0,0.0,0.0,1.700333738494873,0,gen
0.0,0.0,35.0,0.0,70.0,35.0,0.0,0.0,0.0,14.665499775493412,1,gen
0.0,0.0,0.0,0.0,0.0,0.0,0.0,0.0,35.0,1.2000433328717155,0,orig
35.0,0.0,0.0,0.0,0.0,35.0,0.0,0.0,0.0,9.862926357340806,1,gen
0.0,0.0,0.0,0.0,0.0,35.0,0.0,0.0,0.0,3.3688024965764733,0,orig
0.0,0.0,35.0,0.0,0.0,35.0,70.0,35.0,35.0,29.56975285308175,1,orig
0.0,0.0,0.0,0.0,35.0,0.0,0.0,0.0,0.0,1.700333738494873,0,gen
70.0,70.0,35.0,100.0,70.0,0.0,0.0,35.0,35.0,39.06394857054413,1,gen
0.0,0.0,35.0,0.0,0.0,35.0,70.0,35.0,35.0,29.56975285308175,1,orig
35.0,0.0,35.0,35.0,0.0,0.0,70.0,0.0,0.0,29.46785555660794,1,orig
35.0,0.0,0.0,0.0,35.0,0.0,0.0,0.0,35.0,9.39450093213092,0,orig
0.0,0.0,0.0,0.0,35.0,0.0,0.0,0.0,0.0,1.700333738494873,0,orig
0.0,0.0,0.0,0.0,35.0,0.0,0.0,0.0,0.0,1.700333738494873,0,gen
0.0,0.0,0.0,0.0,35.0,0.0,0.0,0.0,0.0,1.700333738494873,0,gen
0.0,0.0,0.0,0.0,70.0,35.0,0.0,35.0,35.0,12.332943207797289,1,gen
70.0,0.0,35.0,0.0,70.0,0.0,70.0,0.0,0.0,37.02639232079262,1,gen
70.0,0.0,35.0,0.0,70.0,0.0,35.0,0.0,0.0,30.655668660619114,1,gen
35.0,0.0,35.0,0.0,0.0,35.0,100.0,0.0,0.0,35.96102375976373,1,orig
0.0,0.0,0.0,0.0,0.0,0.0,0.0,0.0,35.0,1.2000433328717155,0,gen
0.0,0.0,0.0,0.0,35.0,0.0,0.0,0.0,0.0,1.700333738494873,0,orig
70.0,0.0,35.0,0.0,0.0,0.0,0.0,0.0,0.0,20.88427752345586,1,gen
70.0,70.0,35.0,100.0,0.0,0.0,0.0,35.0,35.0,35.66328109355438,1,orig
0.0,0.0,0.0,0.0,0.0,0.0,0.0,0.0,0.0,0.0,0,gen
0.0,0.0,0.0,0.0,0.0,0.0,0.0,0.0,0.0,0.0,0,gen
35.0,0.0,0.0,0.0,0.0,0.0,0.0,0.0,0.0,6.494123860764333,0,gen
0.0,0.0,0.0,0.0,0.0,0.0,0.0,0.0,0.0,0.0,0,gen
0.0,0.0,0.0,0.0,0.0,0.0,0.0,0.0,0.0,0.0,0,orig
0.0,0.0,0.0,0.0,35.0,0.0,0.0,0.0,0.0,1.700333738494873,0,gen
0.0,0.0,0.0,0.0,0.0,0.0,0.0,0.0,0.0,0.0,0,orig
35.0,0.0,0.0,0.0,70.0,0.0,70.0,35.0,0.0,26.999668559460446,1,gen
70.0,0.0,0.0,0.0,35.0,70.0,70.0,35.0,0.0,38.53106367488285,1,gen
0.0,0.0,0.0,0.0,0.0,0.0,0.0,0.0,0.0,0.0,0,orig
0.0,0.0,0.0,0.0,0.0,0.0,0.0,0.0,0.0,0.0,0,orig
35.0,0.0,0.0,0.0,0.0,0.0,0.0,0.0,0.0,6.494123860764333,0,gen
0.0,0.0,0.0,0.0,35.0,0.0,0.0,0.0,0.0,1.700333738494873,0,orig
70.0,0.0,35.0,0.0,70.0,0.0,35.0,0.0,0.0,30.655668660619114,1,gen
35.0,0.0,35.0,0.0,0.0,35.0,70.0,0.0,0.0,30.50040347961501,1,orig
35.0,0.0,0.0,0.0,35.0,0.0,0.0,0.0,35.0,9.39450093213092,0,gen
70.0,0.0,35.0,0.0,35.0,70.0,70.0,35.0,0.0,46.42709347681004,1,orig
0.0,0.0,0.0,0.0,0.0,0.0,0.0,0.0,35.0,1.2000433328717155,0,orig
0.0,0.0,35.0,0.0,0.0,35.0,70.0,35.0,35.0,29.56975285308175,1,orig
0.0,0.0,0.0,0.0,35.0,0.0,0.0,0.0,0.0,1.700333738494873,0,orig
0.0,0.0,0.0,0.0,0.0,0.0,0.0,0.0,35.0,1.2000433328717155,0,orig
70.0,70.0,35.0,100.0,0.0,0.0,0.0,35.0,35.0,35.66328109355438,1,orig
35.0,0.0,35.0,0.0,0.0,35.0,70.0,0.0,0.0,30.50040347961501,1,orig
0.0,0.0,0.0,0.0,0.0,0.0,0.0,0.0,0.0,0.0,0,orig
35.0,0.0,0.0,0.0,35.0,0.0,0.0,0.0,35.0,9.39450093213092,0,orig
35.0,0.0,35.0,0.0,0.0,35.0,0.0,0.0,0.0,17.758956159268,1,orig
70.0,0.0,35.0,0.0,0.0,0.0,35.0,0.0,0.0,27.255001183629368,1,orig
0.0,0.0,0.0,0.0,0.0,0.0,0.0,0.0,0.0,0.0,0,gen
35.0,0.0,35.0,0.0,70.0,35.0,70.0,0.0,0.0,33.901070956604755,1,gen
0.0,0.0,0.0,0.0,35.0,0.0,0.0,0.0,0.0,1.700333738494873,0,orig
0.0,0.0,35.0,0.0,0.0,0.0,70.0,35.0,0.0,25.000907023633562,1,gen
0.0,0.0,0.0,0.0,0.0,0.0,0.0,0.0,35.0,1.2000433328717155,0,orig
0.0,0.0,0.0,0.0,0.0,0.0,0.0,0.0,0.0,0.0,0,gen
70.0,70.0,35.0,100.0,0.0,0.0,0.0,35.0,35.0,35.66328109355438,1,orig
35.0,0.0,35.0,0.0,0.0,35.0,70.0,0.0,0.0,30.50040347961501,1,orig
0.0,0.0,0.0,0.0,35.0,0.0,35.0,35.0,0.0,12.434487300027733,0,gen
0.0,0.0,35.0,0.0,70.0,35.0,0.0,0.0,0.0,14.665499775493412,1,gen
0.0,0.0,0.0,0.0,0.0,0.0,0.0,0.0,0.0,0.0,0,orig
35.0,70.0,0.0,100.0,70.0,0.0,0.0,35.0,35.0,24.6737949078526,1,gen
0.0,0.0,0.0,0.0,0.0,0.0,0.0,0.0,0.0,0.0,0,orig
70.0,70.0,35.0,100.0,0.0,0.0,0.0,35.0,35.0,35.66328109355438,1,orig
35.0,0.0,35.0,0.0,0.0,35.0,100.0,0.0,0.0,35.96102375976373,1,orig
0.0,0.0,0.0,0.0,0.0,0.0,0.0,0.0,0.0,0.0,0,gen
0.0,0.0,0.0,0.0,0.0,35.0,0.0,0.0,0.0,3.3688024965764733,0,gen
0.0,0.0,0.0,0.0,0.0,0.0,0.0,0.0,35.0,1.2000433328717155,0,gen
70.0,0.0,35.0,0.0,35.0,70.0,70.0,35.0,0.0,46.42709347681004,1,orig
70.0,0.0,35.0,0.0,0.0,0.0,70.0,0.0,0.0,33.62572484380287,1,orig
70.0,70.0,35.0,100.0,0.0,0.0,0.0,35.0,35.0,35.66328109355438,1,orig
35.0,0.0,35.0,35.0,0.0,0.0,35.0,0.0,0.0,23.097131896434433,1,orig
0.0,0.0,0.0,0.0,0.0,0.0,0.0,0.0,35.0,1.2000433328717155,0,orig
0.0,0.0,0.0,0.0,0.0,35.0,0.0,0.0,0.0,3.3688024965764733,0,orig
0.0,0.0,0.0,0.0,35.0,0.0,0.0,0.0,0.0,1.700333738494873,0,orig
0.0,0.0,0.0,0.0,0.0,0.0,0.0,0.0,0.0,0.0,0,orig
0.0,0.0,0.0,0.0,0.0,35.0,0.0,0.0,0.0,3.3688024965764733,0,orig
70.0,0.0,35.0,0.0,0.0,0.0,35.0,0.0,0.0,27.255001183629368,1,orig
35.0,0.0,35.0,35.0,70.0,0.0,35.0,0.0,0.0,26.49779937342418,1,gen
0.0,0.0,0.0,0.0,0.0,0.0,0.0,0.0,0.0,0.0,0,gen
0.0,0.0,0.0,0.0,35.0,0.0,0.0,0.0,0.0,1.700333738494873,0,gen
0.0,0.0,0.0,0.0,0.0,0.0,0.0,0.0,0.0,0.0,0,orig
0.0,0.0,0.0,0.0,35.0,0.0,0.0,0.0,0.0,1.700333738494873,0,orig
35.0,0.0,35.0,0.0,0.0,35.0,70.0,0.0,0.0,30.50040347961501,1,orig
70.0,0.0,35.0,0.0,0.0,35.0,70.0,35.0,0.0,41.3579572417387,1,gen
0.0,0.0,0.0,0.0,0.0,0.0,0.0,0.0,0.0,0.0,0,gen
0.0,0.0,0.0,0.0,35.0,0.0,35.0,35.0,0.0,12.434487300027733,0,gen
0.0,0.0,35.0,0.0,70.0,35.0,0.0,0.0,0.0,14.665499775493412,1,gen
0.0,0.0,0.0,0.0,0.0,0.0,0.0,0.0,0.0,0.0,0,orig
70.0,70.0,35.0,100.0,0.0,0.0,0.0,35.0,35.0,35.66328109355438,1,orig
0.0,0.0,35.0,0.0,0.0,35.0,70.0,35.0,35.0,29.56975285308175,1,orig
0.0,0.0,0.0,0.0,35.0,0.0,0.0,0.0,0.0,1.700333738494873,0,orig
70.0,0.0,35.0,0.0,70.0,0.0,70.0,0.0,0.0,37.02639232079262,1,gen
70.0,0.0,35.0,0.0,0.0,35.0,70.0,35.0,0.0,41.3579572417387,1,gen
0.0,0.0,0.0,0.0,0.0,0.0,0.0,0.0,35.0,1.2000433328717155,0,orig
0.0,0.0,0.0,0.0,0.0,35.0,0.0,0.0,0.0,3.3688024965764733,0,orig
0.0,0.0,0.0,0.0,0.0,35.0,0.0,0.0,0.0,3.3688024965764733,0,orig
35.0,0.0,0.0,0.0,35.0,0.0,0.0,0.0,35.0,9.39450093213092,0,gen
70.0,0.0,0.0,0.0,70.0,0.0,0.0,0.0,0.0,16.38891519851841,1,gen
0.0,0.0,0.0,0.0,35.0,0.0,0.0,0.0,0.0,1.700333738494873,0,orig
35.0,0.0,35.0,0.0,0.0,35.0,100.0,0.0,0.0,35.96102375976373,1,orig
0.0,0.0,0.0,0.0,35.0,0.0,35.0,35.0,0.0,12.434487300027733,0,gen
0.0,0.0,0.0,0.0,0.0,35.0,0.0,0.0,0.0,3.3688024965764733,0,gen
70.0,0.0,35.0,0.0,35.0,70.0,70.0,35.0,0.0,46.42709347681004,1,orig
70.0,0.0,35.0,0.0,0.0,0.0,70.0,0.0,0.0,33.62572484380287,1,orig
35.0,0.0,35.0,35.0,0.0,0.0,35.0,0.0,0.0,23.097131896434433,1,orig
0.0,0.0,0.0,0.0,0.0,35.0,0.0,0.0,0.0,3.3688024965764733,0,gen
35.0,0.0,35.0,35.0,0.0,0.0,70.0,0.0,0.0,29.46785555660794,1,orig
0.0,0.0,0.0,0.0,35.0,0.0,0.0,0.0,0.0,1.700333738494873,0,gen
0.0,0.0,0.0,0.0,35.0,0.0,0.0,0.0,0.0,1.700333738494873,0,orig
70.0,0.0,35.0,0.0,0.0,35.0,70.0,35.0,0.0,41.3579572417387,1,gen
0.0,0.0,35.0,0.0,0.0,35.0,35.0,0.0,0.0,17.635555958677173,1,gen
0.0,0.0,35.0,0.0,0.0,35.0,70.0,35.0,35.0,29.56975285308175,1,orig
70.0,70.0,0.0,100.0,70.0,0.0,0.0,35.0,35.0,31.167918768616932,1,gen
0.0,0.0,0.0,0.0,35.0,0.0,0.0,0.0,0.0,1.700333738494873,0,gen
70.0,0.0,70.0,0.0,35.0,0.0,100.0,35.0,35.0,54.246181898604725,1,orig
0.0,0.0,0.0,0.0,0.0,0.0,0.0,0.0,0.0,0.0,0,orig
35.0,0.0,0.0,0.0,0.0,0.0,0.0,0.0,0.0,6.494123860764333,0,orig
35.0,0.0,0.0,0.0,0.0,0.0,0.0,0.0,0.0,6.494123860764333,0,gen
70.0,0.0,35.0,0.0,0.0,0.0,70.0,0.0,0.0,33.62572484380287,1,orig
35.0,0.0,0.0,0.0,70.0,35.0,0.0,35.0,0.0,17.627023735689907,1,gen
0.0,0.0,35.0,0.0,0.0,35.0,70.0,35.0,35.0,29.56975285308175,1,orig
35.0,0.0,0.0,0.0,35.0,0.0,0.0,0.0,35.0,9.39450093213092,0,gen
0.0,0.0,0.0,0.0,0.0,0.0,0.0,0.0,0.0,0.0,0,orig
0.0,0.0,35.0,0.0,0.0,35.0,70.0,35.0,35.0,29.56975285308175,1,orig
0.0,0.0,0.0,0.0,35.0,0.0,35.0,0.0,0.0,8.071057398668378,0,gen
0.0,0.0,35.0,0.0,70.0,0.0,70.0,35.0,0.0,28.40157450062331,1,gen
0.0,0.0,35.0,0.0,70.0,35.0,0.0,0.0,0.0,14.665499775493412,1,gen
70.0,0.0,35.0,0.0,0.0,0.0,35.0,70.0,35.0,37.1819043192198,1,gen
70.0,0.0,70.0,0.0,35.0,0.0,100.0,35.0,35.0,54.246181898604725,1,orig
0.0,0.0,0.0,0.0,35.0,0.0,35.0,35.0,0.0,12.434487300027733,0,gen
0.0,0.0,35.0,0.0,0.0,0.0,70.0,35.0,0.0,25.000907023633562,1,gen
0.0,0.0,0.0,0.0,0.0,0.0,0.0,0.0,35.0,1.2000433328717155,0,orig
0.0,0.0,0.0,0.0,0.0,0.0,0.0,0.0,0.0,0.0,0,gen
70.0,0.0,35.0,0.0,0.0,0.0,70.0,0.0,0.0,33.62572484380287,1,orig
0.0,0.0,0.0,0.0,0.0,35.0,0.0,0.0,0.0,3.3688024965764733,0,orig
0.0,0.0,0.0,0.0,0.0,0.0,0.0,0.0,0.0,0.0,0,orig
70.0,0.0,35.0,0.0,0.0,0.0,35.0,0.0,0.0,27.255001183629368,1,orig
70.0,0.0,70.0,0.0,35.0,0.0,100.0,35.0,35.0,54.246181898604725,1,orig
0.0,0.0,35.0,0.0,0.0,35.0,70.0,35.0,35.0,29.56975285308175,1,orig
35.0,0.0,35.0,0.0,0.0,35.0,100.0,0.0,0.0,35.96102375976373,1,orig
0.0,0.0,0.0,0.0,35.0,0.0,0.0,0.0,0.0,1.700333738494873,0,gen
0.0,0.0,0.0,0.0,0.0,0.0,0.0,0.0,35.0,1.2000433328717155,0,gen
0.0,0.0,0.0,0.0,0.0,0.0,0.0,0.0,0.0,0.0,0,orig
0.0,0.0,0.0,0.0,35.0,0.0,35.0,0.0,0.0,8.071057398668378,0,gen
0.0,0.0,0.0,0.0,0.0,0.0,0.0,0.0,0.0,0.0,0,gen
0.0,0.0,0.0,0.0,35.0,0.0,0.0,0.0,0.0,1.700333738494873,0,gen
35.0,0.0,0.0,0.0,35.0,0.0,0.0,0.0,35.0,9.39450093213092,0,orig
0.0,0.0,0.0,0.0,0.0,0.0,0.0,0.0,0.0,0.0,0,gen
70.0,70.0,0.0,100.0,0.0,0.0,0.0,35.0,35.0,27.767251291627186,1,gen
0.0,0.0,0.0,0.0,0.0,0.0,0.0,0.0,0.0,0.0,0,orig
70.0,0.0,35.0,0.0,0.0,0.0,35.0,0.0,0.0,27.255001183629368,1,orig
0.0,0.0,0.0,0.0,0.0,0.0,0.0,0.0,0.0,0.0,0,gen
35.0,0.0,35.0,35.0,0.0,0.0,35.0,0.0,0.0,23.097131896434433,1,orig
0.0,0.0,35.0,0.0,0.0,35.0,70.0,35.0,35.0,29.56975285308175,1,orig
0.0,0.0,0.0,0.0,35.0,0.0,0.0,0.0,0.0,1.700333738494873,0,gen
0.0,0.0,0.0,0.0,35.0,0.0,0.0,0.0,0.0,1.700333738494873,0,gen
70.0,0.0,35.0,0.0,70.0,0.0,70.0,70.0,35.0,46.953295456383046,1,gen
0.0,0.0,0.0,0.0,0.0,0.0,0.0,0.0,0.0,0.0,0,orig
0.0,0.0,0.0,0.0,35.0,0.0,0.0,0.0,0.0,1.700333738494873,0,gen
35.0,0.0,0.0,0.0,0.0,0.0,0.0,0.0,0.0,6.494123860764333,0,orig
35.0,0.0,35.0,35.0,0.0,0.0,70.0,0.0,0.0,29.46785555660794,1,orig
70.0,70.0,35.0,100.0,70.0,0.0,0.0,35.0,35.0,39.06394857054413,1,gen
70.0,0.0,35.0,0.0,70.0,0.0,35.0,70.0,35.0,40.582571796209535,1,gen
0.0,0.0,0.0,0.0,35.0,0.0,0.0,0.0,0.0,1.700333738494873,0,gen
0.0,0.0,0.0,0.0,35.0,0.0,0.0,0.0,0.0,1.700333738494873,0,gen
0.0,0.0,0.0,0.0,35.0,0.0,0.0,0.0,0.0,1.700333738494873,0,gen
70.0,0.0,35.0,0.0,0.0,0.0,70.0,0.0,0.0,33.62572484380287,1,gen
70.0,0.0,35.0,0.0,70.0,70.0,70.0,35.0,0.0,48.12742721530492,1,gen
0.0,0.0,0.0,0.0,35.0,0.0,0.0,0.0,0.0,1.700333738494873,0,orig
70.0,0.0,70.0,0.0,35.0,0.0,100.0,35.0,35.0,54.246181898604725,1,orig
0.0,0.0,0.0,0.0,0.0,0.0,0.0,0.0,0.0,0.0,0,orig
0.0,0.0,0.0,0.0,35.0,0.0,35.0,0.0,0.0,8.071057398668378,0,gen
0.0,0.0,35.0,0.0,0.0,35.0,70.0,35.0,35.0,29.56975285308175,1,orig
0.0,0.0,0.0,0.0,35.0,0.0,35.0,0.0,0.0,8.071057398668378,0,gen
35.0,0.0,0.0,0.0,0.0,0.0,0.0,0.0,0.0,6.494123860764333,0,orig
0.0,0.0,0.0,0.0,0.0,0.0,0.0,0.0,0.0,0.0,0,orig
0.0,0.0,0.0,0.0,0.0,35.0,0.0,0.0,0.0,3.3688024965764733,0,orig
0.0,0.0,0.0,0.0,0.0,0.0,0.0,0.0,0.0,0.0,0,gen
35.0,0.0,0.0,0.0,70.0,0.0,35.0,35.0,0.0,20.62894489928694,1,gen
0.0,0.0,0.0,0.0,0.0,35.0,0.0,0.0,0.0,3.3688024965764733,0,gen
35.0,0.0,0.0,0.0,0.0,0.0,0.0,0.0,0.0,6.494123860764333,0,orig
0.0,0.0,0.0,0.0,35.0,0.0,0.0,0.0,0.0,1.700333738494873,0,gen
70.0,0.0,35.0,0.0,70.0,0.0,0.0,0.0,0.0,24.284945000445607,1,gen
70.0,0.0,35.0,0.0,35.0,70.0,70.0,35.0,0.0,46.42709347681004,1,orig
35.0,0.0,35.0,0.0,70.0,35.0,100.0,0.0,0.0,39.36169123675347,1,gen
35.0,0.0,0.0,0.0,0.0,0.0,0.0,0.0,0.0,6.494123860764333,0,orig
0.0,0.0,0.0,0.0,35.0,0.0,0.0,0.0,0.0,1.700333738494873,0,gen
0.0,0.0,0.0,0.0,0.0,35.0,0.0,0.0,0.0,3.3688024965764733,0,orig
35.0,70.0,35.0,100.0,0.0,0.0,0.0,35.0,35.0,29.169157232790045,1,gen
70.0,0.0,35.0,0.0,70.0,0.0,35.0,0.0,0.0,30.655668660619114,1,gen
35.0,0.0,0.0,0.0,0.0,35.0,70.0,35.0,0.0,26.96780357904717,1,gen
70.0,70.0,35.0,100.0,0.0,0.0,0.0,35.0,35.0,35.66328109355438,1,orig
0.0,0.0,0.0,0.0,0.0,0.0,0.0,0.0,0.0,0.0,0,gen
0.0,0.0,0.0,0.0,0.0,0.0,0.0,0.0,0.0,0.0,0,gen
70.0,0.0,35.0,0.0,0.0,0.0,35.0,0.0,0.0,27.255001183629368,1,orig
70.0,0.0,35.0,0.0,0.0,0.0,70.0,0.0,0.0,33.62572484380287,1,orig
0.0,0.0,0.0,0.0,0.0,35.0,0.0,0.0,0.0,3.3688024965764733,0,orig
35.0,0.0,0.0,0.0,0.0,0.0,0.0,0.0,0.0,6.494123860764333,0,orig
70.0,0.0,35.0,0.0,0.0,0.0,35.0,0.0,0.0,27.255001183629368,1,gen
70.0,0.0,35.0,0.0,0.0,0.0,35.0,0.0,0.0,27.255001183629368,1,orig
35.0,0.0,35.0,35.0,0.0,0.0,70.0,0.0,0.0,29.46785555660794,1,orig
35.0,0.0,35.0,0.0,0.0,35.0,35.0,0.0,0.0,24.129679819441506,1,gen
35.0,0.0,35.0,0.0,0.0,35.0,0.0,0.0,0.0,17.758956159268,1,gen
35.0,0.0,35.0,0.0,70.0,35.0,0.0,0.0,0.0,21.159623636257745,1,gen
70.0,0.0,35.0,0.0,35.0,70.0,70.0,35.0,0.0,46.42709347681004,1,orig
0.0,0.0,0.0,0.0,0.0,35.0,0.0,0.0,0.0,3.3688024965764733,0,orig
0.0,0.0,0.0,0.0,0.0,0.0,0.0,0.0,0.0,0.0,0,gen
70.0,70.0,0.0,100.0,70.0,0.0,0.0,35.0,35.0,31.167918768616932,1,gen
0.0,0.0,35.0,0.0,70.0,35.0,0.0,0.0,0.0,14.665499775493412,1,gen
0.0,0.0,0.0,0.0,35.0,0.0,35.0,0.0,0.0,8.071057398668378,0,gen
35.0,0.0,35.0,0.0,0.0,35.0,70.0,0.0,0.0,30.50040347961501,1,orig
0.0,0.0,0.0,0.0,35.0,0.0,0.0,0.0,0.0,1.700333738494873,0,gen
35.0,0.0,0.0,0.0,0.0,0.0,0.0,0.0,0.0,6.494123860764333,0,orig
70.0,0.0,35.0,0.0,70.0,70.0,70.0,35.0,0.0,48.12742721530492,1,gen
35.0,0.0,0.0,0.0,0.0,0.0,0.0,0.0,0.0,6.494123860764333,0,orig
0.0,0.0,0.0,0.0,35.0,0.0,0.0,0.0,0.0,1.700333738494873,0,gen
70.0,0.0,70.0,0.0,35.0,0.0,100.0,35.0,35.0,54.246181898604725,1,orig
0.0,0.0,0.0,0.0,35.0,0.0,35.0,35.0,0.0,12.434487300027733,0,gen
0.0,0.0,0.0,0.0,35.0,0.0,35.0,0.0,0.0,8.071057398668378,0,gen
0.0,0.0,35.0,35.0,70.0,0.0,35.0,0.0,0.0,20.00367551265985,1,gen
0.0,0.0,35.0,0.0,0.0,35.0,70.0,35.0,35.0,29.56975285308175,1,orig
70.0,0.0,35.0,0.0,0.0,0.0,35.0,0.0,0.0,27.255001183629368,1,gen
0.0,0.0,0.0,0.0,0.0,0.0,0.0,0.0,35.0,1.2000433328717155,0,orig
0.0,0.0,35.0,0.0,70.0,35.0,0.0,0.0,0.0,14.665499775493412,1,gen
70.0,0.0,35.0,0.0,70.0,70.0,70.0,35.0,0.0,48.12742721530492,1,gen
35.0,0.0,0.0,0.0,35.0,0.0,0.0,0.0,35.0,9.39450093213092,0,gen
70.0,0.0,35.0,0.0,70.0,0.0,70.0,70.0,35.0,46.953295456383046,1,gen
70.0,0.0,70.0,0.0,35.0,0.0,100.0,35.0,35.0,54.246181898604725,1,orig
0.0,0.0,0.0,0.0,0.0,0.0,0.0,0.0,0.0,0.0,0,gen
0.0,0.0,0.0,0.0,0.0,0.0,0.0,0.0,0.0,0.0,0,gen
0.0,0.0,0.0,0.0,0.0,0.0,0.0,0.0,0.0,0.0,0,gen
70.0,0.0,0.0,0.0,70.0,0.0,0.0,0.0,0.0,16.38891519851841,1,gen
35.0,0.0,35.0,35.0,0.0,0.0,70.0,0.0,0.0,29.46785555660794,1,orig
0.0,0.0,35.0,0.0,0.0,35.0,0.0,0.0,0.0,11.264832298503668,1,gen
0.0,0.0,35.0,35.0,70.0,0.0,70.0,0.0,0.0,26.374399172833357,1,gen
35.0,0.0,35.0,0.0,0.0,35.0,100.0,0.0,0.0,35.96102375976373,1,orig
0.0,0.0,35.0,0.0,70.0,35.0,0.0,0.0,0.0,14.665499775493412,1,gen
0.0,0.0,0.0,35.0,0.0,0.0,35.0,0.0,0.0,8.706978233742909,1,gen
0.0,0.0,0.0,0.0,35.0,0.0,0.0,0.0,0.0,1.700333738494873,0,orig
0.0,0.0,0.0,0.0,0.0,0.0,0.0,0.0,0.0,0.0,0,gen
35.0,0.0,0.0,0.0,0.0,0.0,0.0,0.0,0.0,6.494123860764333,0,gen
35.0,0.0,35.0,0.0,0.0,35.0,35.0,0.0,0.0,24.129679819441506,1,orig
35.0,0.0,0.0,0.0,70.0,70.0,0.0,35.0,0.0,20.99582623226638,1,gen
0.0,0.0,0.0,0.0,35.0,0.0,0.0,0.0,0.0,1.700333738494873,0,gen
70.0,0.0,35.0,0.0,0.0,0.0,35.0,0.0,0.0,27.255001183629368,1,orig
0.0,0.0,0.0,0.0,35.0,0.0,0.0,0.0,0.0,1.700333738494873,0,orig
70.0,0.0,35.0,0.0,0.0,0.0,70.0,0.0,0.0,33.62572484380287,1,orig
70.0,0.0,35.0,0.0,70.0,0.0,0.0,0.0,0.0,24.284945000445607,1,gen
70.0,0.0,35.0,0.0,70.0,70.0,70.0,35.0,0.0,48.12742721530492,1,gen
70.0,70.0,35.0,100.0,0.0,0.0,0.0,35.0,35.0,35.66328109355438,1,orig
0.0,0.0,0.0,0.0,35.0,0.0,35.0,35.0,0.0,12.434487300027733,0,gen
70.0,0.0,70.0,0.0,35.0,0.0,100.0,35.0,35.0,54.246181898604725,1,orig
35.0,0.0,0.0,0.0,0.0,0.0,0.0,0.0,0.0,6.494123860764333,0,orig
35.0,0.0,35.0,0.0,0.0,35.0,0.0,0.0,0.0,17.758956159268,1,orig
35.0,0.0,35.0,35.0,0.0,0.0,35.0,0.0,0.0,23.097131896434433,1,orig
0.0,0.0,35.0,0.0,0.0,35.0,70.0,35.0,35.0,29.56975285308175,1,orig
0.0,0.0,0.0,0.0,0.0,0.0,0.0,0.0,0.0,0.0,0,orig
0.0,0.0,0.0,0.0,35.0,0.0,0.0,0.0,0.0,1.700333738494873,0,gen
35.0,0.0,0.0,0.0,0.0,0.0,0.0,0.0,0.0,6.494123860764333,0,orig
70.0,0.0,0.0,0.0,70.0,0.0,0.0,0.0,0.0,16.38891519851841,1,gen
35.0,70.0,0.0,100.0,0.0,0.0,0.0,70.0,35.0,25.63655733222221,1,gen
0.0,0.0,0.0,0.0,35.0,0.0,35.0,0.0,0.0,8.071057398668378,0,gen
0.0,0.0,0.0,0.0,0.0,0.0,35.0,70.0,0.0,15.097583462892217,1,gen
0.0,0.0,0.0,0.0,0.0,35.0,0.0,0.0,0.0,3.3688024965764733,0,gen
0.0,0.0,0.0,0.0,35.0,0.0,0.0,0.0,0.0,1.700333738494873,0,orig
70.0,0.0,0.0,0.0,0.0,0.0,35.0,35.0,35.0,24.92244461593324,1,gen
0.0,0.0,0.0,0.0,35.0,0.0,0.0,0.0,0.0,1.700333738494873,0,gen
70.0,0.0,35.0,0.0,70.0,0.0,70.0,0.0,0.0,37.02639232079262,1,gen
0.0,0.0,0.0,0.0,0.0,0.0,0.0,0.0,35.0,1.2000433328717155,0,orig
70.0,0.0,35.0,0.0,70.0,70.0,70.0,35.0,0.0,48.12742721530492,1,gen
35.0,0.0,0.0,0.0,35.0,0.0,0.0,0.0,35.0,9.39450093213092,0,gen
35.0,0.0,35.0,0.0,0.0,35.0,100.0,0.0,0.0,35.96102375976373,1,orig
35.0,0.0,35.0,0.0,0.0,35.0,100.0,0.0,0.0,35.96102375976373,1,orig
70.0,0.0,35.0,0.0,70.0,35.0,70.0,35.0,0.0,44.75862471872844,1,gen
35.0,0.0,35.0,0.0,0.0,35.0,100.0,0.0,0.0,35.96102375976373,1,orig
70.0,0.0,0.0,0.0,70.0,35.0,0.0,35.0,0.0,24.12114759645424,1,gen
0.0,0.0,0.0,0.0,35.0,0.0,0.0,0.0,0.0,1.700333738494873,0,orig
35.0,0.0,0.0,0.0,0.0,0.0,0.0,0.0,0.0,6.494123860764333,0,gen
0.0,0.0,0.0,0.0,0.0,0.0,0.0,0.0,0.0,0.0,0,gen
35.0,35.0,0.0,100.0,70.0,0.0,0.0,35.0,35.0,23.403536273589452,1,gen
0.0,0.0,0.0,35.0,70.0,0.0,35.0,0.0,0.0,12.107645710732655,1,gen
0.0,0.0,0.0,0.0,0.0,0.0,0.0,0.0,0.0,0.0,0,orig
0.0,0.0,0.0,0.0,0.0,0.0,0.0,0.0,35.0,1.2000433328717155,0,gen
70.0,0.0,0.0,0.0,35.0,70.0,70.0,70.0,0.0,42.894493576242205,1,gen
0.0,0.0,35.0,0.0,70.0,0.0,70.0,35.0,0.0,28.40157450062331,1,gen
0.0,0.0,35.0,0.0,0.0,35.0,70.0,35.0,35.0,29.56975285308175,1,orig
35.0,0.0,35.0,0.0,0.0,35.0,70.0,0.0,0.0,30.50040347961501,1,orig
0.0,0.0,0.0,0.0,0.0,0.0,0.0,0.0,0.0,0.0,0,orig
70.0,0.0,35.0,0.0,35.0,70.0,70.0,35.0,0.0,46.42709347681004,1,orig
35.0,0.0,35.0,0.0,0.0,35.0,0.0,0.0,0.0,17.758956159268,1,orig
35.0,0.0,0.0,0.0,35.0,0.0,0.0,0.0,35.0,9.39450093213092,0,orig
0.0,0.0,0.0,0.0,35.0,0.0,0.0,0.0,0.0,1.700333738494873,0,orig
35.0,0.0,35.0,0.0,0.0,35.0,35.0,0.0,0.0,24.129679819441506,1,orig
0.0,0.0,0.0,0.0,0.0,35.0,0.0,0.0,0.0,3.3688024965764733,0,orig
35.0,0.0,35.0,0.0,0.0,35.0,100.0,0.0,0.0,35.96102375976373,1,gen
0.0,0.0,0.0,0.0,0.0,35.0,0.0,0.0,0.0,3.3688024965764733,0,orig
0.0,0.0,0.0,0.0,0.0,35.0,0.0,0.0,0.0,3.3688024965764733,0,gen
0.0,0.0,0.0,0.0,0.0,0.0,0.0,0.0,0.0,0.0,0,gen
0.0,0.0,0.0,0.0,0.0,0.0,0.0,0.0,0.0,0.0,0,orig
0.0,0.0,0.0,0.0,35.0,0.0,0.0,0.0,0.0,1.700333738494873,0,orig
35.0,0.0,0.0,0.0,35.0,0.0,0.0,0.0,35.0,9.39450093213092,0,orig
35.0,0.0,0.0,35.0,70.0,0.0,0.0,0.0,0.0,12.231045911323482,1,gen
35.0,0.0,0.0,0.0,35.0,0.0,0.0,0.0,35.0,9.39450093213092,0,orig
70.0,0.0,35.0,0.0,0.0,0.0,35.0,0.0,0.0,27.255001183629368,1,gen
35.0,0.0,0.0,0.0,70.0,35.0,35.0,35.0,0.0,23.997747395863414,1,gen
0.0,0.0,0.0,0.0,70.0,0.0,35.0,35.0,0.0,14.134821038522606,1,gen
0.0,0.0,0.0,0.0,35.0,0.0,0.0,0.0,0.0,1.700333738494873,0,orig
0.0,0.0,0.0,0.0,35.0,0.0,0.0,0.0,0.0,1.700333738494873,0,gen
0.0,0.0,0.0,0.0,35.0,0.0,0.0,0.0,0.0,1.700333738494873,0,gen
35.0,0.0,0.0,0.0,0.0,35.0,35.0,35.0,0.0,20.597079918873668,1,gen
35.0,0.0,0.0,0.0,35.0,0.0,0.0,0.0,35.0,9.39450093213092,0,orig
35.0,0.0,0.0,0.0,35.0,0.0,0.0,0.0,35.0,9.39450093213092,0,orig
35.0,0.0,0.0,0.0,35.0,0.0,0.0,0.0,35.0,9.39450093213092,0,gen
70.0,0.0,0.0,0.0,0.0,0.0,35.0,0.0,0.0,19.35897138170217,1,gen
0.0,0.0,0.0,0.0,35.0,0.0,35.0,0.0,0.0,8.071057398668378,0,gen
0.0,0.0,0.0,0.0,35.0,0.0,0.0,0.0,0.0,1.700333738494873,0,gen
0.0,0.0,0.0,0.0,0.0,0.0,0.0,0.0,0.0,0.0,0,gen
35.0,70.0,35.0,100.0,70.0,0.0,0.0,35.0,35.0,32.569824709779795,1,gen
35.0,0.0,35.0,0.0,0.0,35.0,0.0,0.0,0.0,17.758956159268,1,gen
0.0,0.0,0.0,0.0,0.0,0.0,0.0,0.0,0.0,0.0,0,orig
0.0,0.0,0.0,0.0,35.0,0.0,0.0,0.0,0.0,1.700333738494873,0,gen
0.0,0.0,0.0,0.0,0.0,35.0,0.0,0.0,0.0,3.3688024965764733,0,orig
70.0,70.0,35.0,100.0,0.0,0.0,0.0,35.0,35.0,35.66328109355438,1,orig
35.0,70.0,0.0,100.0,0.0,0.0,0.0,70.0,35.0,25.63655733222221,1,gen
0.0,0.0,0.0,0.0,35.0,0.0,35.0,0.0,0.0,8.071057398668378,0,gen
0.0,0.0,0.0,0.0,35.0,0.0,35.0,0.0,0.0,8.071057398668378,0,gen
0.0,0.0,0.0,0.0,35.0,0.0,0.0,0.0,0.0,1.700333738494873,0,gen
0.0,0.0,35.0,0.0,70.0,35.0,0.0,0.0,0.0,14.665499775493412,1,gen
0.0,0.0,35.0,0.0,0.0,35.0,35.0,0.0,0.0,17.635555958677173,1,gen
35.0,0.0,35.0,0.0,0.0,35.0,35.0,0.0,0.0,24.129679819441506,1,orig
0.0,0.0,0.0,0.0,35.0,0.0,0.0,0.0,0.0,1.700333738494873,0,orig
70.0,0.0,35.0,0.0,0.0,0.0,35.0,0.0,0.0,27.255001183629368,1,orig
0.0,0.0,0.0,0.0,0.0,0.0,0.0,0.0,0.0,0.0,0,gen
0.0,0.0,0.0,0.0,0.0,35.0,0.0,0.0,0.0,3.3688024965764733,0,orig
0.0,0.0,0.0,0.0,0.0,0.0,0.0,0.0,0.0,0.0,0,orig
35.0,70.0,35.0,100.0,70.0,0.0,0.0,35.0,35.0,32.569824709779795,1,gen
0.0,0.0,0.0,0.0,0.0,0.0,0.0,0.0,35.0,1.2000433328717155,0,orig
70.0,0.0,35.0,0.0,35.0,70.0,70.0,35.0,0.0,46.42709347681004,1,orig
70.0,0.0,35.0,0.0,35.0,70.0,70.0,35.0,0.0,46.42709347681004,1,orig
35.0,0.0,0.0,0.0,0.0,0.0,0.0,0.0,0.0,6.494123860764333,0,gen
0.0,0.0,0.0,0.0,35.0,0.0,0.0,0.0,0.0,1.700333738494873,0,orig
70.0,0.0,35.0,0.0,35.0,70.0,70.0,35.0,0.0,46.42709347681004,1,orig
0.0,0.0,0.0,0.0,0.0,0.0,0.0,0.0,0.0,0.0,0,gen
0.0,0.0,0.0,0.0,0.0,35.0,0.0,0.0,0.0,3.3688024965764733,0,gen
35.0,0.0,0.0,0.0,35.0,0.0,0.0,0.0,35.0,9.39450093213092,0,orig
0.0,0.0,0.0,0.0,35.0,0.0,0.0,0.0,0.0,1.700333738494873,0,gen
35.0,0.0,0.0,0.0,0.0,0.0,0.0,0.0,0.0,6.494123860764333,0,orig
35.0,0.0,0.0,0.0,35.0,0.0,0.0,0.0,35.0,9.39450093213092,0,gen
0.0,0.0,0.0,0.0,35.0,0.0,0.0,0.0,0.0,1.700333738494873,0,orig
35.0,0.0,0.0,0.0,70.0,35.0,0.0,35.0,0.0,17.627023735689907,1,gen
35.0,0.0,0.0,0.0,0.0,0.0,0.0,0.0,0.0,6.494123860764333,0,gen
70.0,0.0,35.0,0.0,70.0,0.0,70.0,0.0,0.0,37.02639232079262,1,gen
0.0,0.0,0.0,0.0,0.0,0.0,0.0,0.0,0.0,0.0,0,gen
70.0,70.0,35.0,100.0,70.0,0.0,0.0,35.0,35.0,39.06394857054413,1,gen
0.0,0.0,0.0,0.0,0.0,0.0,0.0,0.0,35.0,1.2000433328717155,0,orig
35.0,35.0,0.0,100.0,70.0,0.0,0.0,35.0,35.0,23.403536273589452,1,gen
0.0,0.0,0.0,0.0,0.0,35.0,0.0,0.0,0.0,3.3688024965764733,0,gen
70.0,0.0,35.0,0.0,0.0,0.0,35.0,0.0,0.0,27.255001183629368,1,orig
0.0,0.0,0.0,0.0,0.0,0.0,0.0,0.0,0.0,0.0,0,orig
0.0,0.0,35.0,0.0,70.0,35.0,0.0,0.0,0.0,14.665499775493412,1,gen
70.0,0.0,35.0,0.0,35.0,70.0,70.0,35.0,0.0,46.42709347681004,1,orig
70.0,0.0,70.0,0.0,70.0,0.0,100.0,35.0,35.0,55.946515637099594,1,gen
35.0,0.0,35.0,35.0,70.0,0.0,35.0,0.0,0.0,26.49779937342418,1,gen
0.0,0.0,0.0,0.0,0.0,0.0,0.0,0.0,0.0,0.0,0,gen
70.0,0.0,0.0,0.0,70.0,35.0,35.0,35.0,0.0,30.491871256627746,1,gen
35.0,0.0,35.0,0.0,0.0,35.0,35.0,0.0,0.0,24.129679819441506,1,orig
0.0,0.0,0.0,0.0,0.0,35.0,0.0,0.0,0.0,3.3688024965764733,0,gen
0.0,0.0,35.0,0.0,0.0,35.0,70.0,35.0,35.0,29.56975285308175,1,orig
0.0,0.0,0.0,0.0,70.0,0.0,35.0,70.0,0.0,18.498250939881963,1,gen
35.0,0.0,35.0,0.0,0.0,35.0,70.0,0.0,0.0,30.50040347961501,1,orig
0.0,0.0,0.0,0.0,35.0,0.0,0.0,0.0,0.0,1.700333738494873,0,gen
70.0,0.0,35.0,0.0,0.0,0.0,70.0,0.0,0.0,33.62572484380287,1,gen
0.0,0.0,0.0,0.0,0.0,0.0,0.0,0.0,35.0,1.2000433328717155,0,orig
0.0,0.0,0.0,0.0,35.0,0.0,0.0,0.0,0.0,1.700333738494873,0,orig
0.0,0.0,0.0,0.0,35.0,0.0,35.0,35.0,0.0,12.434487300027733,0,gen
70.0,0.0,70.0,0.0,0.0,0.0,100.0,35.0,35.0,52.545848160109855,1,gen
35.0,0.0,0.0,0.0,35.0,0.0,0.0,0.0,35.0,9.39450093213092,0,orig
35.0,0.0,0.0,0.0,0.0,0.0,0.0,0.0,0.0,6.494123860764333,0,orig
35.0,0.0,0.0,0.0,35.0,0.0,0.0,0.0,35.0,9.39450093213092,0,gen
70.0,0.0,70.0,0.0,35.0,0.0,100.0,35.0,35.0,54.246181898604725,1,orig
35.0,0.0,0.0,0.0,0.0,35.0,0.0,0.0,0.0,9.862926357340806,1,gen
0.0,0.0,0.0,0.0,0.0,35.0,0.0,0.0,0.0,3.3688024965764733,0,orig
70.0,0.0,70.0,0.0,35.0,0.0,100.0,35.0,35.0,54.246181898604725,1,orig
70.0,70.0,35.0,100.0,0.0,0.0,0.0,35.0,35.0,35.66328109355438,1,orig
0.0,0.0,35.0,0.0,70.0,35.0,0.0,0.0,0.0,14.665499775493412,1,gen
35.0,0.0,0.0,0.0,0.0,0.0,0.0,0.0,0.0,6.494123860764333,0,orig
0.0,0.0,0.0,0.0,35.0,0.0,0.0,0.0,0.0,1.700333738494873,0,gen
0.0,0.0,0.0,0.0,35.0,0.0,0.0,0.0,0.0,1.700333738494873,0,orig
0.0,0.0,0.0,0.0,35.0,0.0,0.0,0.0,0.0,1.700333738494873,0,orig
0.0,0.0,0.0,0.0,0.0,0.0,0.0,0.0,0.0,0.0,0,orig
35.0,0.0,35.0,0.0,0.0,35.0,0.0,0.0,0.0,17.758956159268,1,orig
0.0,0.0,0.0,0.0,35.0,0.0,35.0,0.0,0.0,8.071057398668378,0,gen
0.0,0.0,0.0,0.0,0.0,0.0,0.0,0.0,35.0,1.2000433328717155,0,gen
0.0,0.0,0.0,0.0,0.0,0.0,0.0,0.0,35.0,1.2000433328717155,0,orig
0.0,0.0,0.0,0.0,0.0,0.0,0.0,0.0,0.0,0.0,0,orig
0.0,0.0,35.0,0.0,0.0,35.0,70.0,35.0,35.0,29.56975285308175,1,orig
0.0,0.0,0.0,0.0,35.0,0.0,0.0,0.0,0.0,1.700333738494873,0,orig
0.0,0.0,0.0,0.0,35.0,0.0,35.0,0.0,0.0,8.071057398668378,0,gen
0.0,0.0,0.0,0.0,35.0,0.0,0.0,0.0,0.0,1.700333738494873,0,orig
70.0,0.0,35.0,0.0,70.0,0.0,35.0,35.0,35.0,36.21914189485018,1,gen
70.0,0.0,35.0,0.0,0.0,0.0,70.0,0.0,0.0,33.62572484380287,1,orig
35.0,0.0,35.0,0.0,0.0,35.0,100.0,0.0,0.0,35.96102375976373,1,orig
70.0,0.0,35.0,0.0,70.0,0.0,70.0,70.0,35.0,46.953295456383046,1,gen
0.0,0.0,0.0,0.0,35.0,0.0,0.0,0.0,0.0,1.700333738494873,0,gen
0.0,0.0,0.0,0.0,35.0,0.0,35.0,35.0,0.0,12.434487300027733,0,gen
35.0,0.0,35.0,0.0,0.0,35.0,0.0,0.0,0.0,17.758956159268,1,orig
0.0,0.0,35.0,0.0,70.0,35.0,0.0,0.0,0.0,14.665499775493412,1,gen
35.0,0.0,0.0,0.0,35.0,0.0,0.0,0.0,35.0,9.39450093213092,0,orig
0.0,0.0,0.0,0.0,0.0,35.0,0.0,0.0,0.0,3.3688024965764733,0,gen
0.0,0.0,0.0,0.0,35.0,0.0,0.0,0.0,0.0,1.700333738494873,0,orig
35.0,35.0,0.0,100.0,70.0,0.0,0.0,35.0,35.0,23.403536273589452,1,gen
0.0,0.0,0.0,0.0,0.0,0.0,70.0,35.0,0.0,17.104877221706367,1,gen
0.0,0.0,0.0,0.0,35.0,0.0,0.0,0.0,0.0,1.700333738494873,0,gen
70.0,70.0,35.0,100.0,0.0,0.0,0.0,35.0,35.0,35.66328109355438,1,orig
0.0,0.0,0.0,0.0,35.0,0.0,0.0,0.0,0.0,1.700333738494873,0,orig
0.0,0.0,0.0,0.0,35.0,0.0,35.0,0.0,0.0,8.071057398668378,0,gen
0.0,0.0,0.0,0.0,0.0,35.0,0.0,0.0,0.0,3.3688024965764733,0,orig
0.0,0.0,0.0,0.0,35.0,0.0,0.0,0.0,0.0,1.700333738494873,0,orig
70.0,70.0,0.0,100.0,0.0,0.0,0.0,35.0,35.0,27.767251291627186,1,gen
0.0,0.0,0.0,0.0,35.0,0.0,0.0,0.0,0.0,1.700333738494873,0,orig
0.0,0.0,0.0,0.0,35.0,0.0,0.0,0.0,0.0,1.700333738494873,0,gen
35.0,0.0,0.0,0.0,0.0,0.0,0.0,0.0,0.0,6.494123860764333,0,gen
0.0,0.0,0.0,0.0,0.0,0.0,35.0,35.0,0.0,10.73415356153286,1,gen
70.0,70.0,35.0,100.0,0.0,0.0,0.0,35.0,35.0,35.66328109355438,1,orig
70.0,0.0,35.0,0.0,70.0,0.0,70.0,35.0,35.0,42.58986555502369,1,gen
0.0,0.0,0.0,0.0,35.0,0.0,0.0,0.0,0.0,1.700333738494873,0,gen
70.0,0.0,35.0,0.0,0.0,0.0,35.0,0.0,0.0,27.255001183629368,1,orig
0.0,0.0,0.0,0.0,0.0,0.0,0.0,0.0,0.0,0.0,0,gen
0.0,0.0,0.0,0.0,0.0,35.0,0.0,0.0,0.0,3.3688024965764733,0,orig
0.0,0.0,35.0,0.0,70.0,0.0,70.0,35.0,0.0,28.40157450062331,1,gen
0.0,0.0,0.0,0.0,0.0,0.0,0.0,0.0,0.0,0.0,0,gen
70.0,0.0,0.0,0.0,0.0,0.0,0.0,0.0,0.0,12.988247721528666,1,gen
0.0,0.0,35.0,0.0,0.0,35.0,70.0,35.0,35.0,29.56975285308175,1,orig
0.0,0.0,35.0,0.0,70.0,35.0,35.0,0.0,0.0,21.03622343566692,1,gen
0.0,0.0,0.0,0.0,35.0,0.0,35.0,0.0,0.0,8.071057398668378,0,gen
0.0,0.0,0.0,0.0,0.0,0.0,0.0,0.0,0.0,0.0,0,orig
70.0,0.0,35.0,0.0,0.0,0.0,0.0,0.0,0.0,20.88427752345586,1,gen
70.0,0.0,35.0,0.0,0.0,0.0,35.0,0.0,0.0,27.255001183629368,1,orig
0.0,0.0,0.0,0.0,35.0,0.0,0.0,0.0,0.0,1.700333738494873,0,gen
70.0,0.0,35.0,0.0,35.0,70.0,70.0,35.0,0.0,46.42709347681004,1,orig
70.0,0.0,70.0,0.0,70.0,0.0,100.0,35.0,35.0,55.946515637099594,1,gen
0.0,0.0,0.0,0.0,0.0,35.0,0.0,0.0,0.0,3.3688024965764733,0,orig
0.0,0.0,0.0,0.0,0.0,0.0,0.0,0.0,0.0,0.0,0,gen
0.0,0.0,35.0,35.0,70.0,0.0,35.0,0.0,0.0,20.00367551265985,1,gen
35.0,0.0,0.0,0.0,0.0,0.0,0.0,0.0,0.0,6.494123860764333,0,gen
0.0,0.0,0.0,0.0,0.0,0.0,0.0,0.0,0.0,0.0,0,orig
35.0,0.0,35.0,0.0,0.0,35.0,70.0,0.0,0.0,30.50040347961501,1,orig
0.0,0.0,0.0,0.0,0.0,0.0,0.0,0.0,0.0,0.0,0,gen
70.0,0.0,35.0,0.0,35.0,70.0,70.0,35.0,0.0,46.42709347681004,1,orig
0.0,0.0,0.0,0.0,35.0,0.0,35.0,35.0,0.0,12.434487300027733,0,gen
70.0,70.0,35.0,100.0,0.0,0.0,0.0,35.0,35.0,35.66328109355438,1,orig
70.0,0.0,35.0,0.0,35.0,70.0,70.0,35.0,0.0,46.42709347681004,1,orig
0.0,0.0,0.0,0.0,0.0,35.0,0.0,0.0,0.0,3.3688024965764733,0,orig
0.0,0.0,0.0,0.0,0.0,0.0,0.0,0.0,35.0,1.2000433328717155,0,gen
0.0,0.0,0.0,0.0,35.0,0.0,0.0,0.0,0.0,1.700333738494873,0,orig
0.0,0.0,0.0,0.0,35.0,0.0,0.0,0.0,0.0,1.700333738494873,0,orig
0.0,0.0,0.0,0.0,0.0,0.0,0.0,0.0,0.0,0.0,0,gen
0.0,0.0,0.0,0.0,0.0,35.0,0.0,0.0,0.0,3.3688024965764733,0,gen
70.0,0.0,70.0,0.0,70.0,0.0,100.0,35.0,35.0,55.946515637099594,1,gen
35.0,0.0,0.0,0.0,0.0,0.0,0.0,0.0,0.0,6.494123860764333,0,gen
0.0,0.0,0.0,0.0,0.0,0.0,0.0,0.0,0.0,0.0,0,orig
35.0,0.0,35.0,35.0,0.0,0.0,35.0,0.0,0.0,23.097131896434433,1,gen
70.0,0.0,35.0,0.0,35.0,70.0,70.0,35.0,0.0,46.42709347681004,1,orig
35.0,0.0,0.0,0.0,0.0,0.0,0.0,0.0,0.0,6.494123860764333,0,gen
0.0,0.0,35.0,0.0,70.0,35.0,0.0,0.0,0.0,14.665499775493412,1,gen
0.0,0.0,0.0,0.0,0.0,35.0,0.0,0.0,0.0,3.3688024965764733,0,orig
70.0,0.0,35.0,0.0,35.0,70.0,70.0,35.0,0.0,46.42709347681004,1,orig
35.0,0.0,0.0,0.0,35.0,0.0,0.0,0.0,35.0,9.39450093213092,0,orig
70.0,70.0,35.0,100.0,0.0,0.0,0.0,35.0,35.0,35.66328109355438,1,orig
0.0,0.0,35.0,0.0,70.0,35.0,0.0,0.0,0.0,14.665499775493412,1,gen
70.0,0.0,0.0,0.0,70.0,0.0,35.0,35.0,35.0,28.323112092922987,1,gen
0.0,0.0,0.0,0.0,0.0,0.0,0.0,0.0,0.0,0.0,0,orig
0.0,0.0,0.0,0.0,0.0,35.0,0.0,0.0,0.0,3.3688024965764733,0,orig
35.0,0.0,0.0,0.0,0.0,0.0,0.0,0.0,0.0,6.494123860764333,0,orig
35.0,0.0,0.0,0.0,35.0,0.0,0.0,0.0,35.0,9.39450093213092,0,orig
